ISO-10303-21;
HEADER;
/* Generated by software containing ST-Developer
 * from STEP Tools, Inc. (www.steptools.com) 
 */

FILE_DESCRIPTION(
/* description */ (''),
/* implementation_level */ '2;1');

FILE_NAME(
/* name */ 'PhaseShift-Bottom.step',
/* time_stamp */ '2025-09-21T00:28:29+08:00',
/* author */ (''),
/* organization */ (''),
/* preprocessor_version */ 'ST-DEVELOPER v20.1',
/* originating_system */ 'Autodesk Translation Framework v14.17.0.0',
/* authorisation */ '');

FILE_SCHEMA (('AUTOMOTIVE_DESIGN { 1 0 10303 214 3 1 1 }'));
ENDSEC;

DATA;
#10=MECHANICAL_DESIGN_GEOMETRIC_PRESENTATION_REPRESENTATION('',(#13),#4653);
#11=SHAPE_REPRESENTATION_RELATIONSHIP('SRR','None',#4660,#12);
#12=ADVANCED_BREP_SHAPE_REPRESENTATION('',(#14),#4652);
#13=STYLED_ITEM('',(#4669),#14);
#14=MANIFOLD_SOLID_BREP('Bottom',#2777);
#15=FACE_BOUND('',#318,.T.);
#16=FACE_BOUND('',#321,.T.);
#17=FACE_BOUND('',#322,.T.);
#18=FACE_BOUND('',#323,.T.);
#19=FACE_BOUND('',#324,.T.);
#20=FACE_BOUND('',#329,.T.);
#21=FACE_BOUND('',#336,.T.);
#22=FACE_BOUND('',#341,.T.);
#23=FACE_BOUND('',#360,.T.);
#24=FACE_BOUND('',#378,.T.);
#25=FACE_BOUND('',#396,.T.);
#26=FACE_BOUND('',#412,.T.);
#27=PLANE('',#2796);
#28=PLANE('',#2801);
#29=PLANE('',#2815);
#30=PLANE('',#2829);
#31=PLANE('',#2838);
#32=PLANE('',#2846);
#33=PLANE('',#2847);
#34=PLANE('',#2848);
#35=PLANE('',#2852);
#36=PLANE('',#2853);
#37=PLANE('',#2854);
#38=PLANE('',#2858);
#39=PLANE('',#2859);
#40=PLANE('',#2860);
#41=PLANE('',#2863);
#42=PLANE('',#2864);
#43=PLANE('',#2871);
#44=PLANE('',#2872);
#45=PLANE('',#2873);
#46=PLANE('',#2877);
#47=PLANE('',#2878);
#48=PLANE('',#2879);
#49=PLANE('',#2883);
#50=PLANE('',#2884);
#51=PLANE('',#2885);
#52=PLANE('',#2888);
#53=PLANE('',#2890);
#54=PLANE('',#2897);
#55=PLANE('',#2898);
#56=PLANE('',#2899);
#57=PLANE('',#2903);
#58=PLANE('',#2904);
#59=PLANE('',#2905);
#60=PLANE('',#2909);
#61=PLANE('',#2910);
#62=PLANE('',#2911);
#63=PLANE('',#2914);
#64=PLANE('',#2916);
#65=PLANE('',#2919);
#66=PLANE('',#2920);
#67=PLANE('',#2921);
#68=PLANE('',#2925);
#69=PLANE('',#2926);
#70=PLANE('',#2927);
#71=PLANE('',#2931);
#72=PLANE('',#2932);
#73=PLANE('',#2933);
#74=PLANE('',#2936);
#75=PLANE('',#2938);
#76=PLANE('',#2941);
#77=PLANE('',#2948);
#78=PLANE('',#2952);
#79=PLANE('',#2954);
#80=PLANE('',#2961);
#81=PLANE('',#2963);
#82=PLANE('',#2964);
#83=PLANE('',#2965);
#84=PLANE('',#2966);
#85=PLANE('',#2968);
#86=PLANE('',#2969);
#87=PLANE('',#2971);
#88=PLANE('',#2978);
#89=PLANE('',#2981);
#90=PLANE('',#2988);
#91=PLANE('',#2989);
#92=PLANE('',#2998);
#93=PLANE('',#3001);
#94=PLANE('',#3002);
#95=PLANE('',#3003);
#96=PLANE('',#3004);
#97=PLANE('',#3005);
#98=PLANE('',#3006);
#99=PLANE('',#3007);
#100=PLANE('',#3010);
#101=PLANE('',#3011);
#102=PLANE('',#3015);
#103=PLANE('',#3016);
#104=PLANE('',#3017);
#105=PLANE('',#3022);
#106=PLANE('',#3023);
#107=PLANE('',#3024);
#108=PLANE('',#3025);
#109=PLANE('',#3026);
#110=PLANE('',#3028);
#111=PLANE('',#3029);
#112=PLANE('',#3030);
#113=PLANE('',#3033);
#114=PLANE('',#3035);
#115=PLANE('',#3037);
#116=PLANE('',#3038);
#117=PLANE('',#3041);
#118=PLANE('',#3044);
#119=PLANE('',#3045);
#120=PLANE('',#3046);
#121=CYLINDRICAL_SURFACE('',#2794,1.6);
#122=CYLINDRICAL_SURFACE('',#2809,3.);
#123=CYLINDRICAL_SURFACE('',#2813,1.6);
#124=CYLINDRICAL_SURFACE('',#2819,3.);
#125=CYLINDRICAL_SURFACE('',#2827,1.6);
#126=CYLINDRICAL_SURFACE('',#2836,1.6);
#127=CYLINDRICAL_SURFACE('',#2842,3.);
#128=CYLINDRICAL_SURFACE('',#2845,3.);
#129=CYLINDRICAL_SURFACE('',#2861,4.5);
#130=CYLINDRICAL_SURFACE('',#2870,1.6);
#131=CYLINDRICAL_SURFACE('',#2887,2.09999999999999);
#132=CYLINDRICAL_SURFACE('',#2896,1.6);
#133=CYLINDRICAL_SURFACE('',#2913,2.10000000000003);
#134=CYLINDRICAL_SURFACE('',#2935,2.1);
#135=CYLINDRICAL_SURFACE('',#2962,4.5);
#136=CYLINDRICAL_SURFACE('',#2967,4.5);
#137=CYLINDRICAL_SURFACE('',#2970,4.5);
#138=CYLINDRICAL_SURFACE('',#2972,2.35);
#139=CYLINDRICAL_SURFACE('',#2974,2.35);
#140=CYLINDRICAL_SURFACE('',#2976,2.35);
#141=CYLINDRICAL_SURFACE('',#2979,2.35);
#142=CYLINDRICAL_SURFACE('',#2982,2.35);
#143=CYLINDRICAL_SURFACE('',#2984,2.35);
#144=CYLINDRICAL_SURFACE('',#2986,2.35);
#145=CYLINDRICAL_SURFACE('',#2990,2.35);
#146=CYLINDRICAL_SURFACE('',#2992,2.2);
#147=CYLINDRICAL_SURFACE('',#2994,2.2);
#148=CYLINDRICAL_SURFACE('',#2996,2.2);
#149=CYLINDRICAL_SURFACE('',#2999,2.2);
#150=CYLINDRICAL_SURFACE('',#3012,0.999999999999995);
#151=CYLINDRICAL_SURFACE('',#3013,0.999999999999973);
#152=CYLINDRICAL_SURFACE('',#3019,2.10000000000003);
#153=CYLINDRICAL_SURFACE('',#3020,0.999999999999995);
#154=CYLINDRICAL_SURFACE('',#3027,0.999999999999973);
#155=CYLINDRICAL_SURFACE('',#3034,0.999999999999991);
#156=CYLINDRICAL_SURFACE('',#3036,0.999999999999997);
#157=CYLINDRICAL_SURFACE('',#3039,0.999999999999997);
#158=CYLINDRICAL_SURFACE('',#3042,0.999999999999991);
#159=FACE_OUTER_BOUND('',#315,.T.);
#160=FACE_OUTER_BOUND('',#316,.T.);
#161=FACE_OUTER_BOUND('',#317,.T.);
#162=FACE_OUTER_BOUND('',#319,.T.);
#163=FACE_OUTER_BOUND('',#320,.T.);
#164=FACE_OUTER_BOUND('',#325,.T.);
#165=FACE_OUTER_BOUND('',#326,.T.);
#166=FACE_OUTER_BOUND('',#327,.T.);
#167=FACE_OUTER_BOUND('',#328,.T.);
#168=FACE_OUTER_BOUND('',#330,.T.);
#169=FACE_OUTER_BOUND('',#331,.T.);
#170=FACE_OUTER_BOUND('',#332,.T.);
#171=FACE_OUTER_BOUND('',#333,.T.);
#172=FACE_OUTER_BOUND('',#334,.T.);
#173=FACE_OUTER_BOUND('',#335,.T.);
#174=FACE_OUTER_BOUND('',#337,.T.);
#175=FACE_OUTER_BOUND('',#338,.T.);
#176=FACE_OUTER_BOUND('',#339,.T.);
#177=FACE_OUTER_BOUND('',#340,.T.);
#178=FACE_OUTER_BOUND('',#342,.T.);
#179=FACE_OUTER_BOUND('',#343,.T.);
#180=FACE_OUTER_BOUND('',#344,.T.);
#181=FACE_OUTER_BOUND('',#345,.T.);
#182=FACE_OUTER_BOUND('',#346,.T.);
#183=FACE_OUTER_BOUND('',#347,.T.);
#184=FACE_OUTER_BOUND('',#348,.T.);
#185=FACE_OUTER_BOUND('',#349,.T.);
#186=FACE_OUTER_BOUND('',#350,.T.);
#187=FACE_OUTER_BOUND('',#351,.T.);
#188=FACE_OUTER_BOUND('',#352,.T.);
#189=FACE_OUTER_BOUND('',#353,.T.);
#190=FACE_OUTER_BOUND('',#354,.T.);
#191=FACE_OUTER_BOUND('',#355,.T.);
#192=FACE_OUTER_BOUND('',#356,.T.);
#193=FACE_OUTER_BOUND('',#357,.T.);
#194=FACE_OUTER_BOUND('',#358,.T.);
#195=FACE_OUTER_BOUND('',#359,.T.);
#196=FACE_OUTER_BOUND('',#361,.T.);
#197=FACE_OUTER_BOUND('',#362,.T.);
#198=FACE_OUTER_BOUND('',#363,.T.);
#199=FACE_OUTER_BOUND('',#364,.T.);
#200=FACE_OUTER_BOUND('',#365,.T.);
#201=FACE_OUTER_BOUND('',#366,.T.);
#202=FACE_OUTER_BOUND('',#367,.T.);
#203=FACE_OUTER_BOUND('',#368,.T.);
#204=FACE_OUTER_BOUND('',#369,.T.);
#205=FACE_OUTER_BOUND('',#370,.T.);
#206=FACE_OUTER_BOUND('',#371,.T.);
#207=FACE_OUTER_BOUND('',#372,.T.);
#208=FACE_OUTER_BOUND('',#373,.T.);
#209=FACE_OUTER_BOUND('',#374,.T.);
#210=FACE_OUTER_BOUND('',#375,.T.);
#211=FACE_OUTER_BOUND('',#376,.T.);
#212=FACE_OUTER_BOUND('',#377,.T.);
#213=FACE_OUTER_BOUND('',#379,.T.);
#214=FACE_OUTER_BOUND('',#380,.T.);
#215=FACE_OUTER_BOUND('',#381,.T.);
#216=FACE_OUTER_BOUND('',#382,.T.);
#217=FACE_OUTER_BOUND('',#383,.T.);
#218=FACE_OUTER_BOUND('',#384,.T.);
#219=FACE_OUTER_BOUND('',#385,.T.);
#220=FACE_OUTER_BOUND('',#386,.T.);
#221=FACE_OUTER_BOUND('',#387,.T.);
#222=FACE_OUTER_BOUND('',#388,.T.);
#223=FACE_OUTER_BOUND('',#389,.T.);
#224=FACE_OUTER_BOUND('',#390,.T.);
#225=FACE_OUTER_BOUND('',#391,.T.);
#226=FACE_OUTER_BOUND('',#392,.T.);
#227=FACE_OUTER_BOUND('',#393,.T.);
#228=FACE_OUTER_BOUND('',#394,.T.);
#229=FACE_OUTER_BOUND('',#395,.T.);
#230=FACE_OUTER_BOUND('',#397,.T.);
#231=FACE_OUTER_BOUND('',#398,.T.);
#232=FACE_OUTER_BOUND('',#399,.T.);
#233=FACE_OUTER_BOUND('',#400,.T.);
#234=FACE_OUTER_BOUND('',#401,.T.);
#235=FACE_OUTER_BOUND('',#402,.T.);
#236=FACE_OUTER_BOUND('',#403,.T.);
#237=FACE_OUTER_BOUND('',#404,.T.);
#238=FACE_OUTER_BOUND('',#405,.T.);
#239=FACE_OUTER_BOUND('',#406,.T.);
#240=FACE_OUTER_BOUND('',#407,.T.);
#241=FACE_OUTER_BOUND('',#408,.T.);
#242=FACE_OUTER_BOUND('',#409,.T.);
#243=FACE_OUTER_BOUND('',#410,.T.);
#244=FACE_OUTER_BOUND('',#411,.T.);
#245=FACE_OUTER_BOUND('',#413,.T.);
#246=FACE_OUTER_BOUND('',#414,.T.);
#247=FACE_OUTER_BOUND('',#415,.T.);
#248=FACE_OUTER_BOUND('',#416,.T.);
#249=FACE_OUTER_BOUND('',#417,.T.);
#250=FACE_OUTER_BOUND('',#418,.T.);
#251=FACE_OUTER_BOUND('',#419,.T.);
#252=FACE_OUTER_BOUND('',#420,.T.);
#253=FACE_OUTER_BOUND('',#421,.T.);
#254=FACE_OUTER_BOUND('',#422,.T.);
#255=FACE_OUTER_BOUND('',#423,.T.);
#256=FACE_OUTER_BOUND('',#424,.T.);
#257=FACE_OUTER_BOUND('',#425,.T.);
#258=FACE_OUTER_BOUND('',#426,.T.);
#259=FACE_OUTER_BOUND('',#427,.T.);
#260=FACE_OUTER_BOUND('',#428,.T.);
#261=FACE_OUTER_BOUND('',#429,.T.);
#262=FACE_OUTER_BOUND('',#430,.T.);
#263=FACE_OUTER_BOUND('',#431,.T.);
#264=FACE_OUTER_BOUND('',#432,.T.);
#265=FACE_OUTER_BOUND('',#433,.T.);
#266=FACE_OUTER_BOUND('',#434,.T.);
#267=FACE_OUTER_BOUND('',#435,.T.);
#268=FACE_OUTER_BOUND('',#436,.T.);
#269=FACE_OUTER_BOUND('',#437,.T.);
#270=FACE_OUTER_BOUND('',#438,.T.);
#271=FACE_OUTER_BOUND('',#439,.T.);
#272=FACE_OUTER_BOUND('',#440,.T.);
#273=FACE_OUTER_BOUND('',#441,.T.);
#274=FACE_OUTER_BOUND('',#442,.T.);
#275=FACE_OUTER_BOUND('',#443,.T.);
#276=FACE_OUTER_BOUND('',#444,.T.);
#277=FACE_OUTER_BOUND('',#445,.T.);
#278=FACE_OUTER_BOUND('',#446,.T.);
#279=FACE_OUTER_BOUND('',#447,.T.);
#280=FACE_OUTER_BOUND('',#448,.T.);
#281=FACE_OUTER_BOUND('',#449,.T.);
#282=FACE_OUTER_BOUND('',#450,.T.);
#283=FACE_OUTER_BOUND('',#451,.T.);
#284=FACE_OUTER_BOUND('',#452,.T.);
#285=FACE_OUTER_BOUND('',#453,.T.);
#286=FACE_OUTER_BOUND('',#454,.T.);
#287=FACE_OUTER_BOUND('',#455,.T.);
#288=FACE_OUTER_BOUND('',#456,.T.);
#289=FACE_OUTER_BOUND('',#457,.T.);
#290=FACE_OUTER_BOUND('',#458,.T.);
#291=FACE_OUTER_BOUND('',#459,.T.);
#292=FACE_OUTER_BOUND('',#460,.T.);
#293=FACE_OUTER_BOUND('',#461,.T.);
#294=FACE_OUTER_BOUND('',#462,.T.);
#295=FACE_OUTER_BOUND('',#463,.T.);
#296=FACE_OUTER_BOUND('',#464,.T.);
#297=FACE_OUTER_BOUND('',#465,.T.);
#298=FACE_OUTER_BOUND('',#466,.T.);
#299=FACE_OUTER_BOUND('',#467,.T.);
#300=FACE_OUTER_BOUND('',#468,.T.);
#301=FACE_OUTER_BOUND('',#469,.T.);
#302=FACE_OUTER_BOUND('',#470,.T.);
#303=FACE_OUTER_BOUND('',#471,.T.);
#304=FACE_OUTER_BOUND('',#472,.T.);
#305=FACE_OUTER_BOUND('',#473,.T.);
#306=FACE_OUTER_BOUND('',#474,.T.);
#307=FACE_OUTER_BOUND('',#475,.T.);
#308=FACE_OUTER_BOUND('',#476,.T.);
#309=FACE_OUTER_BOUND('',#477,.T.);
#310=FACE_OUTER_BOUND('',#478,.T.);
#311=FACE_OUTER_BOUND('',#479,.T.);
#312=FACE_OUTER_BOUND('',#480,.T.);
#313=FACE_OUTER_BOUND('',#481,.T.);
#314=FACE_OUTER_BOUND('',#482,.T.);
#315=EDGE_LOOP('',(#1809,#1810,#1811,#1812));
#316=EDGE_LOOP('',(#1813,#1814,#1815,#1816));
#317=EDGE_LOOP('',(#1817));
#318=EDGE_LOOP('',(#1818));
#319=EDGE_LOOP('',(#1819,#1820,#1821,#1822));
#320=EDGE_LOOP('',(#1823,#1824,#1825,#1826,#1827,#1828,#1829,#1830,#1831,
#1832,#1833,#1834,#1835,#1836,#1837,#1838,#1839,#1840,#1841,#1842,#1843,
#1844,#1845,#1846));
#321=EDGE_LOOP('',(#1847));
#322=EDGE_LOOP('',(#1848));
#323=EDGE_LOOP('',(#1849));
#324=EDGE_LOOP('',(#1850));
#325=EDGE_LOOP('',(#1851,#1852,#1853,#1854));
#326=EDGE_LOOP('',(#1855,#1856,#1857,#1858));
#327=EDGE_LOOP('',(#1859,#1860,#1861,#1862));
#328=EDGE_LOOP('',(#1863));
#329=EDGE_LOOP('',(#1864));
#330=EDGE_LOOP('',(#1865,#1866,#1867,#1868));
#331=EDGE_LOOP('',(#1869,#1870,#1871,#1872));
#332=EDGE_LOOP('',(#1873,#1874,#1875,#1876));
#333=EDGE_LOOP('',(#1877,#1878,#1879,#1880));
#334=EDGE_LOOP('',(#1881,#1882,#1883,#1884));
#335=EDGE_LOOP('',(#1885));
#336=EDGE_LOOP('',(#1886,#1887));
#337=EDGE_LOOP('',(#1888,#1889,#1890,#1891));
#338=EDGE_LOOP('',(#1892,#1893,#1894,#1895));
#339=EDGE_LOOP('',(#1896,#1897,#1898,#1899));
#340=EDGE_LOOP('',(#1900));
#341=EDGE_LOOP('',(#1901,#1902));
#342=EDGE_LOOP('',(#1903,#1904,#1905,#1906));
#343=EDGE_LOOP('',(#1907,#1908,#1909,#1910));
#344=EDGE_LOOP('',(#1911,#1912,#1913,#1914));
#345=EDGE_LOOP('',(#1915,#1916,#1917,#1918));
#346=EDGE_LOOP('',(#1919,#1920,#1921));
#347=EDGE_LOOP('',(#1922,#1923,#1924));
#348=EDGE_LOOP('',(#1925,#1926,#1927,#1928));
#349=EDGE_LOOP('',(#1929,#1930,#1931,#1932));
#350=EDGE_LOOP('',(#1933,#1934,#1935,#1936));
#351=EDGE_LOOP('',(#1937,#1938,#1939,#1940));
#352=EDGE_LOOP('',(#1941,#1942,#1943,#1944));
#353=EDGE_LOOP('',(#1945,#1946,#1947,#1948));
#354=EDGE_LOOP('',(#1949,#1950,#1951,#1952));
#355=EDGE_LOOP('',(#1953,#1954,#1955,#1956));
#356=EDGE_LOOP('',(#1957,#1958,#1959,#1960,#1961,#1962));
#357=EDGE_LOOP('',(#1963,#1964,#1965,#1966));
#358=EDGE_LOOP('',(#1967,#1968,#1969,#1970,#1971,#1972));
#359=EDGE_LOOP('',(#1973,#1974,#1975,#1976,#1977,#1978));
#360=EDGE_LOOP('',(#1979,#1980));
#361=EDGE_LOOP('',(#1981,#1982,#1983,#1984));
#362=EDGE_LOOP('',(#1985,#1986,#1987,#1988));
#363=EDGE_LOOP('',(#1989,#1990,#1991,#1992));
#364=EDGE_LOOP('',(#1993,#1994,#1995));
#365=EDGE_LOOP('',(#1996,#1997,#1998));
#366=EDGE_LOOP('',(#1999,#2000,#2001,#2002));
#367=EDGE_LOOP('',(#2003,#2004,#2005,#2006));
#368=EDGE_LOOP('',(#2007,#2008,#2009,#2010));
#369=EDGE_LOOP('',(#2011,#2012,#2013,#2014));
#370=EDGE_LOOP('',(#2015,#2016,#2017,#2018));
#371=EDGE_LOOP('',(#2019,#2020,#2021,#2022));
#372=EDGE_LOOP('',(#2023,#2024,#2025,#2026));
#373=EDGE_LOOP('',(#2027,#2028,#2029,#2030));
#374=EDGE_LOOP('',(#2031,#2032,#2033,#2034,#2035,#2036,#2037));
#375=EDGE_LOOP('',(#2038,#2039,#2040,#2041));
#376=EDGE_LOOP('',(#2042,#2043,#2044,#2045,#2046,#2047,#2048));
#377=EDGE_LOOP('',(#2049,#2050,#2051,#2052,#2053,#2054));
#378=EDGE_LOOP('',(#2055,#2056));
#379=EDGE_LOOP('',(#2057,#2058,#2059,#2060));
#380=EDGE_LOOP('',(#2061,#2062,#2063,#2064));
#381=EDGE_LOOP('',(#2065,#2066,#2067,#2068));
#382=EDGE_LOOP('',(#2069,#2070,#2071));
#383=EDGE_LOOP('',(#2072,#2073,#2074));
#384=EDGE_LOOP('',(#2075,#2076,#2077,#2078));
#385=EDGE_LOOP('',(#2079,#2080,#2081,#2082));
#386=EDGE_LOOP('',(#2083,#2084,#2085,#2086));
#387=EDGE_LOOP('',(#2087,#2088,#2089,#2090));
#388=EDGE_LOOP('',(#2091,#2092,#2093,#2094));
#389=EDGE_LOOP('',(#2095,#2096,#2097,#2098));
#390=EDGE_LOOP('',(#2099,#2100,#2101,#2102));
#391=EDGE_LOOP('',(#2103,#2104,#2105,#2106));
#392=EDGE_LOOP('',(#2107,#2108,#2109,#2110,#2111,#2112,#2113));
#393=EDGE_LOOP('',(#2114,#2115,#2116,#2117));
#394=EDGE_LOOP('',(#2118,#2119,#2120,#2121,#2122,#2123,#2124));
#395=EDGE_LOOP('',(#2125,#2126,#2127,#2128,#2129,#2130));
#396=EDGE_LOOP('',(#2131));
#397=EDGE_LOOP('',(#2132,#2133,#2134,#2135));
#398=EDGE_LOOP('',(#2136,#2137,#2138));
#399=EDGE_LOOP('',(#2139,#2140,#2141));
#400=EDGE_LOOP('',(#2142,#2143,#2144,#2145));
#401=EDGE_LOOP('',(#2146,#2147,#2148,#2149));
#402=EDGE_LOOP('',(#2150,#2151,#2152,#2153));
#403=EDGE_LOOP('',(#2154,#2155,#2156,#2157));
#404=EDGE_LOOP('',(#2158,#2159,#2160,#2161));
#405=EDGE_LOOP('',(#2162,#2163,#2164,#2165));
#406=EDGE_LOOP('',(#2166,#2167,#2168,#2169));
#407=EDGE_LOOP('',(#2170,#2171,#2172,#2173));
#408=EDGE_LOOP('',(#2174,#2175,#2176,#2177,#2178,#2179,#2180));
#409=EDGE_LOOP('',(#2181,#2182,#2183,#2184));
#410=EDGE_LOOP('',(#2185,#2186,#2187,#2188,#2189,#2190,#2191));
#411=EDGE_LOOP('',(#2192,#2193,#2194,#2195,#2196,#2197));
#412=EDGE_LOOP('',(#2198));
#413=EDGE_LOOP('',(#2199,#2200,#2201,#2202));
#414=EDGE_LOOP('',(#2203,#2204,#2205,#2206,#2207,#2208,#2209,#2210,#2211,
#2212,#2213,#2214,#2215,#2216,#2217,#2218));
#415=EDGE_LOOP('',(#2219,#2220,#2221,#2222,#2223,#2224,#2225,#2226,#2227,
#2228,#2229,#2230,#2231,#2232,#2233,#2234));
#416=EDGE_LOOP('',(#2235,#2236,#2237,#2238,#2239,#2240,#2241));
#417=EDGE_LOOP('',(#2242,#2243,#2244,#2245,#2246,#2247,#2248,#2249,#2250,
#2251,#2252,#2253,#2254,#2255,#2256,#2257));
#418=EDGE_LOOP('',(#2258,#2259,#2260,#2261,#2262,#2263));
#419=EDGE_LOOP('',(#2264,#2265,#2266,#2267));
#420=EDGE_LOOP('',(#2268,#2269,#2270,#2271,#2272,#2273));
#421=EDGE_LOOP('',(#2274,#2275,#2276,#2277));
#422=EDGE_LOOP('',(#2278,#2279,#2280,#2281));
#423=EDGE_LOOP('',(#2282,#2283,#2284,#2285,#2286,#2287));
#424=EDGE_LOOP('',(#2288,#2289,#2290,#2291));
#425=EDGE_LOOP('',(#2292,#2293,#2294,#2295,#2296,#2297));
#426=EDGE_LOOP('',(#2298,#2299,#2300,#2301,#2302,#2303));
#427=EDGE_LOOP('',(#2304,#2305,#2306,#2307));
#428=EDGE_LOOP('',(#2308,#2309,#2310,#2311,#2312,#2313));
#429=EDGE_LOOP('',(#2314,#2315,#2316,#2317));
#430=EDGE_LOOP('',(#2318,#2319,#2320,#2321));
#431=EDGE_LOOP('',(#2322,#2323,#2324,#2325));
#432=EDGE_LOOP('',(#2326,#2327,#2328,#2329));
#433=EDGE_LOOP('',(#2330,#2331,#2332,#2333));
#434=EDGE_LOOP('',(#2334,#2335,#2336,#2337));
#435=EDGE_LOOP('',(#2338,#2339,#2340,#2341));
#436=EDGE_LOOP('',(#2342,#2343,#2344,#2345));
#437=EDGE_LOOP('',(#2346,#2347,#2348,#2349));
#438=EDGE_LOOP('',(#2350,#2351,#2352,#2353));
#439=EDGE_LOOP('',(#2354,#2355,#2356,#2357));
#440=EDGE_LOOP('',(#2358,#2359,#2360,#2361));
#441=EDGE_LOOP('',(#2362,#2363,#2364,#2365));
#442=EDGE_LOOP('',(#2366,#2367,#2368,#2369));
#443=EDGE_LOOP('',(#2370,#2371,#2372,#2373));
#444=EDGE_LOOP('',(#2374,#2375,#2376,#2377));
#445=EDGE_LOOP('',(#2378,#2379,#2380,#2381));
#446=EDGE_LOOP('',(#2382,#2383,#2384,#2385));
#447=EDGE_LOOP('',(#2386,#2387,#2388,#2389,#2390,#2391,#2392));
#448=EDGE_LOOP('',(#2393,#2394,#2395,#2396));
#449=EDGE_LOOP('',(#2397,#2398,#2399,#2400));
#450=EDGE_LOOP('',(#2401,#2402,#2403,#2404));
#451=EDGE_LOOP('',(#2405,#2406,#2407,#2408));
#452=EDGE_LOOP('',(#2409,#2410,#2411,#2412,#2413,#2414,#2415,#2416,#2417,
#2418,#2419,#2420,#2421,#2422,#2423,#2424,#2425,#2426));
#453=EDGE_LOOP('',(#2427,#2428,#2429,#2430,#2431,#2432,#2433));
#454=EDGE_LOOP('',(#2434,#2435,#2436,#2437,#2438,#2439,#2440));
#455=EDGE_LOOP('',(#2441,#2442,#2443,#2444));
#456=EDGE_LOOP('',(#2445,#2446,#2447,#2448));
#457=EDGE_LOOP('',(#2449,#2450,#2451,#2452,#2453));
#458=EDGE_LOOP('',(#2454,#2455,#2456,#2457,#2458));
#459=EDGE_LOOP('',(#2459,#2460,#2461,#2462,#2463,#2464,#2465));
#460=EDGE_LOOP('',(#2466,#2467,#2468,#2469));
#461=EDGE_LOOP('',(#2470,#2471,#2472,#2473));
#462=EDGE_LOOP('',(#2474,#2475,#2476,#2477,#2478,#2479,#2480));
#463=EDGE_LOOP('',(#2481,#2482,#2483,#2484,#2485));
#464=EDGE_LOOP('',(#2486,#2487,#2488,#2489,#2490,#2491,#2492,#2493,#2494,
#2495,#2496,#2497,#2498,#2499,#2500,#2501,#2502,#2503));
#465=EDGE_LOOP('',(#2504,#2505,#2506,#2507));
#466=EDGE_LOOP('',(#2508,#2509,#2510,#2511));
#467=EDGE_LOOP('',(#2512,#2513,#2514,#2515));
#468=EDGE_LOOP('',(#2516,#2517,#2518,#2519,#2520));
#469=EDGE_LOOP('',(#2521,#2522,#2523,#2524));
#470=EDGE_LOOP('',(#2525,#2526,#2527,#2528,#2529,#2530));
#471=EDGE_LOOP('',(#2531,#2532,#2533,#2534,#2535));
#472=EDGE_LOOP('',(#2536,#2537,#2538,#2539));
#473=EDGE_LOOP('',(#2540,#2541,#2542,#2543,#2544,#2545,#2546,#2547,#2548,
#2549));
#474=EDGE_LOOP('',(#2550,#2551,#2552,#2553));
#475=EDGE_LOOP('',(#2554,#2555,#2556,#2557,#2558));
#476=EDGE_LOOP('',(#2559,#2560,#2561,#2562,#2563));
#477=EDGE_LOOP('',(#2564,#2565,#2566,#2567));
#478=EDGE_LOOP('',(#2568,#2569,#2570,#2571,#2572,#2573,#2574,#2575,#2576,
#2577));
#479=EDGE_LOOP('',(#2578,#2579,#2580,#2581));
#480=EDGE_LOOP('',(#2582,#2583,#2584,#2585,#2586));
#481=EDGE_LOOP('',(#2587,#2588,#2589,#2590));
#482=EDGE_LOOP('',(#2591,#2592,#2593,#2594,#2595,#2596));
#483=LINE('',#3860,#777);
#484=LINE('',#3864,#778);
#485=LINE('',#3873,#779);
#486=LINE('',#3878,#780);
#487=LINE('',#3880,#781);
#488=LINE('',#3882,#782);
#489=LINE('',#3884,#783);
#490=LINE('',#3888,#784);
#491=LINE('',#3890,#785);
#492=LINE('',#3892,#786);
#493=LINE('',#3894,#787);
#494=LINE('',#3896,#788);
#495=LINE('',#3900,#789);
#496=LINE('',#3902,#790);
#497=LINE('',#3904,#791);
#498=LINE('',#3906,#792);
#499=LINE('',#3908,#793);
#500=LINE('',#3912,#794);
#501=LINE('',#3914,#795);
#502=LINE('',#3916,#796);
#503=LINE('',#3918,#797);
#504=LINE('',#3920,#798);
#505=LINE('',#3923,#799);
#506=LINE('',#3931,#800);
#507=LINE('',#3936,#801);
#508=LINE('',#3940,#802);
#509=LINE('',#3947,#803);
#510=LINE('',#3951,#804);
#511=LINE('',#3956,#805);
#512=LINE('',#3960,#806);
#513=LINE('',#3967,#807);
#514=LINE('',#3970,#808);
#515=LINE('',#3975,#809);
#516=LINE('',#3979,#810);
#517=LINE('',#3986,#811);
#518=LINE('',#3989,#812);
#519=LINE('',#3995,#813);
#520=LINE('',#3998,#814);
#521=LINE('',#4001,#815);
#522=LINE('',#4004,#816);
#523=LINE('',#4008,#817);
#524=LINE('',#4010,#818);
#525=LINE('',#4011,#819);
#526=LINE('',#4015,#820);
#527=LINE('',#4017,#821);
#528=LINE('',#4018,#822);
#529=LINE('',#4022,#823);
#530=LINE('',#4023,#824);
#531=LINE('',#4024,#825);
#532=LINE('',#4029,#826);
#533=LINE('',#4032,#827);
#534=LINE('',#4033,#828);
#535=LINE('',#4037,#829);
#536=LINE('',#4038,#830);
#537=LINE('',#4039,#831);
#538=LINE('',#4043,#832);
#539=LINE('',#4044,#833);
#540=LINE('',#4045,#834);
#541=LINE('',#4050,#835);
#542=LINE('',#4053,#836);
#543=LINE('',#4054,#837);
#544=LINE('',#4058,#838);
#545=LINE('',#4059,#839);
#546=LINE('',#4060,#840);
#547=LINE('',#4063,#841);
#548=LINE('',#4065,#842);
#549=LINE('',#4067,#843);
#550=LINE('',#4068,#844);
#551=LINE('',#4071,#845);
#552=LINE('',#4075,#846);
#553=LINE('',#4077,#847);
#554=LINE('',#4078,#848);
#555=LINE('',#4085,#849);
#556=LINE('',#4086,#850);
#557=LINE('',#4093,#851);
#558=LINE('',#4095,#852);
#559=LINE('',#4096,#853);
#560=LINE('',#4100,#854);
#561=LINE('',#4102,#855);
#562=LINE('',#4103,#856);
#563=LINE('',#4107,#857);
#564=LINE('',#4108,#858);
#565=LINE('',#4109,#859);
#566=LINE('',#4114,#860);
#567=LINE('',#4117,#861);
#568=LINE('',#4118,#862);
#569=LINE('',#4122,#863);
#570=LINE('',#4123,#864);
#571=LINE('',#4124,#865);
#572=LINE('',#4128,#866);
#573=LINE('',#4129,#867);
#574=LINE('',#4130,#868);
#575=LINE('',#4134,#869);
#576=LINE('',#4138,#870);
#577=LINE('',#4139,#871);
#578=LINE('',#4143,#872);
#579=LINE('',#4144,#873);
#580=LINE('',#4145,#874);
#581=LINE('',#4147,#875);
#582=LINE('',#4149,#876);
#583=LINE('',#4152,#877);
#584=LINE('',#4154,#878);
#585=LINE('',#4157,#879);
#586=LINE('',#4160,#880);
#587=LINE('',#4167,#881);
#588=LINE('',#4168,#882);
#589=LINE('',#4175,#883);
#590=LINE('',#4177,#884);
#591=LINE('',#4178,#885);
#592=LINE('',#4182,#886);
#593=LINE('',#4184,#887);
#594=LINE('',#4185,#888);
#595=LINE('',#4189,#889);
#596=LINE('',#4190,#890);
#597=LINE('',#4191,#891);
#598=LINE('',#4196,#892);
#599=LINE('',#4199,#893);
#600=LINE('',#4200,#894);
#601=LINE('',#4204,#895);
#602=LINE('',#4205,#896);
#603=LINE('',#4206,#897);
#604=LINE('',#4210,#898);
#605=LINE('',#4211,#899);
#606=LINE('',#4212,#900);
#607=LINE('',#4217,#901);
#608=LINE('',#4220,#902);
#609=LINE('',#4221,#903);
#610=LINE('',#4225,#904);
#611=LINE('',#4226,#905);
#612=LINE('',#4227,#906);
#613=LINE('',#4229,#907);
#614=LINE('',#4231,#908);
#615=LINE('',#4234,#909);
#616=LINE('',#4236,#910);
#617=LINE('',#4239,#911);
#618=LINE('',#4242,#912);
#619=LINE('',#4247,#913);
#620=LINE('',#4251,#914);
#621=LINE('',#4253,#915);
#622=LINE('',#4254,#916);
#623=LINE('',#4258,#917);
#624=LINE('',#4260,#918);
#625=LINE('',#4261,#919);
#626=LINE('',#4265,#920);
#627=LINE('',#4266,#921);
#628=LINE('',#4267,#922);
#629=LINE('',#4272,#923);
#630=LINE('',#4275,#924);
#631=LINE('',#4276,#925);
#632=LINE('',#4280,#926);
#633=LINE('',#4281,#927);
#634=LINE('',#4282,#928);
#635=LINE('',#4286,#929);
#636=LINE('',#4287,#930);
#637=LINE('',#4288,#931);
#638=LINE('',#4292,#932);
#639=LINE('',#4296,#933);
#640=LINE('',#4297,#934);
#641=LINE('',#4301,#935);
#642=LINE('',#4302,#936);
#643=LINE('',#4303,#937);
#644=LINE('',#4305,#938);
#645=LINE('',#4307,#939);
#646=LINE('',#4310,#940);
#647=LINE('',#4312,#941);
#648=LINE('',#4315,#942);
#649=LINE('',#4318,#943);
#650=LINE('',#4323,#944);
#651=LINE('',#4327,#945);
#652=LINE('',#4329,#946);
#653=LINE('',#4333,#947);
#654=LINE('',#4337,#948);
#655=LINE('',#4341,#949);
#656=LINE('',#4345,#950);
#657=LINE('',#4349,#951);
#658=LINE('',#4352,#952);
#659=LINE('',#4353,#953);
#660=LINE('',#4356,#954);
#661=LINE('',#4358,#955);
#662=LINE('',#4362,#956);
#663=LINE('',#4364,#957);
#664=LINE('',#4366,#958);
#665=LINE('',#4370,#959);
#666=LINE('',#4372,#960);
#667=LINE('',#4374,#961);
#668=LINE('',#4377,#962);
#669=LINE('',#4380,#963);
#670=LINE('',#4383,#964);
#671=LINE('',#4384,#965);
#672=LINE('',#4387,#966);
#673=LINE('',#4389,#967);
#674=LINE('',#4393,#968);
#675=LINE('',#4397,#969);
#676=LINE('',#4401,#970);
#677=LINE('',#4405,#971);
#678=LINE('',#4409,#972);
#679=LINE('',#4413,#973);
#680=LINE('',#4414,#974);
#681=LINE('',#4416,#975);
#682=LINE('',#4417,#976);
#683=LINE('',#4419,#977);
#684=LINE('',#4422,#978);
#685=LINE('',#4423,#979);
#686=LINE('',#4426,#980);
#687=LINE('',#4427,#981);
#688=LINE('',#4430,#982);
#689=LINE('',#4431,#983);
#690=LINE('',#4433,#984);
#691=LINE('',#4434,#985);
#692=LINE('',#4436,#986);
#693=LINE('',#4438,#987);
#694=LINE('',#4440,#988);
#695=LINE('',#4441,#989);
#696=LINE('',#4443,#990);
#697=LINE('',#4445,#991);
#698=LINE('',#4448,#992);
#699=LINE('',#4451,#993);
#700=LINE('',#4456,#994);
#701=LINE('',#4457,#995);
#702=LINE('',#4460,#996);
#703=LINE('',#4463,#997);
#704=LINE('',#4465,#998);
#705=LINE('',#4470,#999);
#706=LINE('',#4471,#1000);
#707=LINE('',#4473,#1001);
#708=LINE('',#4476,#1002);
#709=LINE('',#4479,#1003);
#710=LINE('',#4482,#1004);
#711=LINE('',#4485,#1005);
#712=LINE('',#4488,#1006);
#713=LINE('',#4491,#1007);
#714=LINE('',#4493,#1008);
#715=LINE('',#4496,#1009);
#716=LINE('',#4497,#1010);
#717=LINE('',#4500,#1011);
#718=LINE('',#4506,#1012);
#719=LINE('',#4507,#1013);
#720=LINE('',#4512,#1014);
#721=LINE('',#4513,#1015);
#722=LINE('',#4518,#1016);
#723=LINE('',#4519,#1017);
#724=LINE('',#4521,#1018);
#725=LINE('',#4526,#1019);
#726=LINE('',#4527,#1020);
#727=LINE('',#4529,#1021);
#728=LINE('',#4532,#1022);
#729=LINE('',#4533,#1023);
#730=LINE('',#4535,#1024);
#731=LINE('',#4537,#1025);
#732=LINE('',#4539,#1026);
#733=LINE('',#4541,#1027);
#734=LINE('',#4544,#1028);
#735=LINE('',#4548,#1029);
#736=LINE('',#4550,#1030);
#737=LINE('',#4552,#1031);
#738=LINE('',#4555,#1032);
#739=LINE('',#4558,#1033);
#740=LINE('',#4559,#1034);
#741=LINE('',#4561,#1035);
#742=LINE('',#4564,#1036);
#743=LINE('',#4567,#1037);
#744=LINE('',#4570,#1038);
#745=LINE('',#4571,#1039);
#746=LINE('',#4573,#1040);
#747=LINE('',#4575,#1041);
#748=LINE('',#4578,#1042);
#749=LINE('',#4582,#1043);
#750=LINE('',#4585,#1044);
#751=LINE('',#4587,#1045);
#752=LINE('',#4590,#1046);
#753=LINE('',#4591,#1047);
#754=LINE('',#4593,#1048);
#755=LINE('',#4596,#1049);
#756=LINE('',#4598,#1050);
#757=LINE('',#4602,#1051);
#758=LINE('',#4604,#1052);
#759=LINE('',#4605,#1053);
#760=LINE('',#4608,#1054);
#761=LINE('',#4610,#1055);
#762=LINE('',#4614,#1056);
#763=LINE('',#4617,#1057);
#764=LINE('',#4619,#1058);
#765=LINE('',#4621,#1059);
#766=LINE('',#4623,#1060);
#767=LINE('',#4628,#1061);
#768=LINE('',#4629,#1062);
#769=LINE('',#4630,#1063);
#770=LINE('',#4634,#1064);
#771=LINE('',#4637,#1065);
#772=LINE('',#4638,#1066);
#773=LINE('',#4642,#1067);
#774=LINE('',#4645,#1068);
#775=LINE('',#4646,#1069);
#776=LINE('',#4648,#1070);
#777=VECTOR('',#3053,1.7);
#778=VECTOR('',#3058,1.6);
#779=VECTOR('',#3069,3.1);
#780=VECTOR('',#3074,10.);
#781=VECTOR('',#3075,10.);
#782=VECTOR('',#3076,10.);
#783=VECTOR('',#3077,10.);
#784=VECTOR('',#3080,10.);
#785=VECTOR('',#3081,10.);
#786=VECTOR('',#3082,10.);
#787=VECTOR('',#3083,10.);
#788=VECTOR('',#3084,10.);
#789=VECTOR('',#3087,10.);
#790=VECTOR('',#3088,10.);
#791=VECTOR('',#3089,10.);
#792=VECTOR('',#3090,10.);
#793=VECTOR('',#3091,10.);
#794=VECTOR('',#3094,10.);
#795=VECTOR('',#3095,10.);
#796=VECTOR('',#3096,10.);
#797=VECTOR('',#3097,10.);
#798=VECTOR('',#3098,10.);
#799=VECTOR('',#3101,10.);
#800=VECTOR('',#3110,3.);
#801=VECTOR('',#3115,1.7);
#802=VECTOR('',#3120,1.6);
#803=VECTOR('',#3129,3.1);
#804=VECTOR('',#3134,3.);
#805=VECTOR('',#3139,10.);
#806=VECTOR('',#3142,10.);
#807=VECTOR('',#3153,10.);
#808=VECTOR('',#3156,10.);
#809=VECTOR('',#3161,10.);
#810=VECTOR('',#3164,10.);
#811=VECTOR('',#3175,10.);
#812=VECTOR('',#3178,10.);
#813=VECTOR('',#3185,3.1);
#814=VECTOR('',#3190,3.);
#815=VECTOR('',#3193,3.1);
#816=VECTOR('',#3198,3.);
#817=VECTOR('',#3201,10.);
#818=VECTOR('',#3202,10.);
#819=VECTOR('',#3203,10.);
#820=VECTOR('',#3206,10.);
#821=VECTOR('',#3207,10.);
#822=VECTOR('',#3208,10.);
#823=VECTOR('',#3211,10.);
#824=VECTOR('',#3212,10.);
#825=VECTOR('',#3213,10.);
#826=VECTOR('',#3218,10.);
#827=VECTOR('',#3223,10.);
#828=VECTOR('',#3224,10.);
#829=VECTOR('',#3227,10.);
#830=VECTOR('',#3228,10.);
#831=VECTOR('',#3229,10.);
#832=VECTOR('',#3232,10.);
#833=VECTOR('',#3233,10.);
#834=VECTOR('',#3234,10.);
#835=VECTOR('',#3239,10.);
#836=VECTOR('',#3244,10.);
#837=VECTOR('',#3245,10.);
#838=VECTOR('',#3248,10.);
#839=VECTOR('',#3249,10.);
#840=VECTOR('',#3250,10.);
#841=VECTOR('',#3253,10.);
#842=VECTOR('',#3254,10.);
#843=VECTOR('',#3255,10.);
#844=VECTOR('',#3256,10.);
#845=VECTOR('',#3259,10.);
#846=VECTOR('',#3264,10.);
#847=VECTOR('',#3265,10.);
#848=VECTOR('',#3266,10.);
#849=VECTOR('',#3275,10.);
#850=VECTOR('',#3276,10.);
#851=VECTOR('',#3285,10.);
#852=VECTOR('',#3286,10.);
#853=VECTOR('',#3287,10.);
#854=VECTOR('',#3290,10.);
#855=VECTOR('',#3291,10.);
#856=VECTOR('',#3292,10.);
#857=VECTOR('',#3295,10.);
#858=VECTOR('',#3296,10.);
#859=VECTOR('',#3297,10.);
#860=VECTOR('',#3302,10.);
#861=VECTOR('',#3307,10.);
#862=VECTOR('',#3308,10.);
#863=VECTOR('',#3311,10.);
#864=VECTOR('',#3312,10.);
#865=VECTOR('',#3313,10.);
#866=VECTOR('',#3316,10.);
#867=VECTOR('',#3317,10.);
#868=VECTOR('',#3318,10.);
#869=VECTOR('',#3321,10.);
#870=VECTOR('',#3328,10.);
#871=VECTOR('',#3329,10.);
#872=VECTOR('',#3332,10.);
#873=VECTOR('',#3333,10.);
#874=VECTOR('',#3334,10.);
#875=VECTOR('',#3337,10.);
#876=VECTOR('',#3338,10.);
#877=VECTOR('',#3341,10.);
#878=VECTOR('',#3344,10.);
#879=VECTOR('',#3347,10.);
#880=VECTOR('',#3350,10.);
#881=VECTOR('',#3359,10.);
#882=VECTOR('',#3360,10.);
#883=VECTOR('',#3369,10.);
#884=VECTOR('',#3370,10.);
#885=VECTOR('',#3371,10.);
#886=VECTOR('',#3374,10.);
#887=VECTOR('',#3375,10.);
#888=VECTOR('',#3376,10.);
#889=VECTOR('',#3379,10.);
#890=VECTOR('',#3380,10.);
#891=VECTOR('',#3381,10.);
#892=VECTOR('',#3386,10.);
#893=VECTOR('',#3391,10.);
#894=VECTOR('',#3392,10.);
#895=VECTOR('',#3395,10.);
#896=VECTOR('',#3396,10.);
#897=VECTOR('',#3397,10.);
#898=VECTOR('',#3400,10.);
#899=VECTOR('',#3401,10.);
#900=VECTOR('',#3402,10.);
#901=VECTOR('',#3407,10.);
#902=VECTOR('',#3412,10.);
#903=VECTOR('',#3413,10.);
#904=VECTOR('',#3416,10.);
#905=VECTOR('',#3417,10.);
#906=VECTOR('',#3418,10.);
#907=VECTOR('',#3421,10.);
#908=VECTOR('',#3422,10.);
#909=VECTOR('',#3425,10.);
#910=VECTOR('',#3428,10.);
#911=VECTOR('',#3431,10.);
#912=VECTOR('',#3434,10.);
#913=VECTOR('',#3441,1.7);
#914=VECTOR('',#3444,10.);
#915=VECTOR('',#3445,10.);
#916=VECTOR('',#3446,10.);
#917=VECTOR('',#3449,10.);
#918=VECTOR('',#3450,10.);
#919=VECTOR('',#3451,10.);
#920=VECTOR('',#3454,10.);
#921=VECTOR('',#3455,10.);
#922=VECTOR('',#3456,10.);
#923=VECTOR('',#3461,10.);
#924=VECTOR('',#3466,10.);
#925=VECTOR('',#3467,10.);
#926=VECTOR('',#3470,10.);
#927=VECTOR('',#3471,10.);
#928=VECTOR('',#3472,10.);
#929=VECTOR('',#3475,10.);
#930=VECTOR('',#3476,10.);
#931=VECTOR('',#3477,10.);
#932=VECTOR('',#3480,10.);
#933=VECTOR('',#3487,10.);
#934=VECTOR('',#3488,10.);
#935=VECTOR('',#3491,10.);
#936=VECTOR('',#3492,10.);
#937=VECTOR('',#3493,10.);
#938=VECTOR('',#3496,10.);
#939=VECTOR('',#3497,10.);
#940=VECTOR('',#3500,10.);
#941=VECTOR('',#3503,10.);
#942=VECTOR('',#3506,10.);
#943=VECTOR('',#3509,10.);
#944=VECTOR('',#3516,1.7);
#945=VECTOR('',#3519,10.);
#946=VECTOR('',#3520,10.);
#947=VECTOR('',#3523,10.);
#948=VECTOR('',#3526,10.);
#949=VECTOR('',#3529,10.);
#950=VECTOR('',#3532,10.);
#951=VECTOR('',#3535,10.);
#952=VECTOR('',#3538,10.);
#953=VECTOR('',#3539,10.);
#954=VECTOR('',#3542,10.);
#955=VECTOR('',#3543,10.);
#956=VECTOR('',#3546,10.);
#957=VECTOR('',#3547,10.);
#958=VECTOR('',#3548,10.);
#959=VECTOR('',#3551,10.);
#960=VECTOR('',#3552,10.);
#961=VECTOR('',#3553,10.);
#962=VECTOR('',#3556,10.);
#963=VECTOR('',#3559,10.);
#964=VECTOR('',#3562,10.);
#965=VECTOR('',#3563,10.);
#966=VECTOR('',#3566,10.);
#967=VECTOR('',#3567,10.);
#968=VECTOR('',#3570,10.);
#969=VECTOR('',#3573,10.);
#970=VECTOR('',#3576,10.);
#971=VECTOR('',#3579,10.);
#972=VECTOR('',#3582,10.);
#973=VECTOR('',#3585,10.);
#974=VECTOR('',#3586,10.);
#975=VECTOR('',#3589,10.);
#976=VECTOR('',#3590,10.);
#977=VECTOR('',#3593,10.);
#978=VECTOR('',#3596,10.);
#979=VECTOR('',#3597,10.);
#980=VECTOR('',#3600,10.);
#981=VECTOR('',#3601,10.);
#982=VECTOR('',#3604,10.);
#983=VECTOR('',#3605,10.);
#984=VECTOR('',#3608,10.);
#985=VECTOR('',#3609,10.);
#986=VECTOR('',#3612,10.);
#987=VECTOR('',#3615,10.);
#988=VECTOR('',#3618,10.);
#989=VECTOR('',#3619,10.);
#990=VECTOR('',#3622,10.);
#991=VECTOR('',#3625,10.);
#992=VECTOR('',#3628,10.);
#993=VECTOR('',#3631,10.);
#994=VECTOR('',#3636,10.);
#995=VECTOR('',#3637,10.);
#996=VECTOR('',#3640,10.);
#997=VECTOR('',#3643,10.);
#998=VECTOR('',#3646,10.);
#999=VECTOR('',#3651,10.);
#1000=VECTOR('',#3652,10.);
#1001=VECTOR('',#3655,10.);
#1002=VECTOR('',#3658,10.);
#1003=VECTOR('',#3661,10.);
#1004=VECTOR('',#3664,10.);
#1005=VECTOR('',#3667,10.);
#1006=VECTOR('',#3670,10.);
#1007=VECTOR('',#3673,10.);
#1008=VECTOR('',#3676,10.);
#1009=VECTOR('',#3679,10.);
#1010=VECTOR('',#3680,10.);
#1011=VECTOR('',#3683,10.);
#1012=VECTOR('',#3690,10.);
#1013=VECTOR('',#3691,10.);
#1014=VECTOR('',#3696,10.);
#1015=VECTOR('',#3697,10.);
#1016=VECTOR('',#3702,10.);
#1017=VECTOR('',#3703,10.);
#1018=VECTOR('',#3706,10.);
#1019=VECTOR('',#3711,10.);
#1020=VECTOR('',#3712,10.);
#1021=VECTOR('',#3715,10.);
#1022=VECTOR('',#3718,10.);
#1023=VECTOR('',#3719,10.);
#1024=VECTOR('',#3722,10.);
#1025=VECTOR('',#3725,10.);
#1026=VECTOR('',#3728,10.);
#1027=VECTOR('',#3731,10.);
#1028=VECTOR('',#3734,10.);
#1029=VECTOR('',#3737,10.);
#1030=VECTOR('',#3738,10.);
#1031=VECTOR('',#3739,10.);
#1032=VECTOR('',#3744,10.);
#1033=VECTOR('',#3747,10.);
#1034=VECTOR('',#3748,10.);
#1035=VECTOR('',#3751,10.);
#1036=VECTOR('',#3754,10.);
#1037=VECTOR('',#3759,10.);
#1038=VECTOR('',#3762,10.);
#1039=VECTOR('',#3763,10.);
#1040=VECTOR('',#3766,10.);
#1041=VECTOR('',#3767,10.);
#1042=VECTOR('',#3770,10.);
#1043=VECTOR('',#3775,10.);
#1044=VECTOR('',#3778,10.);
#1045=VECTOR('',#3781,10.);
#1046=VECTOR('',#3784,10.);
#1047=VECTOR('',#3785,10.);
#1048=VECTOR('',#3788,10.);
#1049=VECTOR('',#3793,10.);
#1050=VECTOR('',#3796,10.);
#1051=VECTOR('',#3801,10.);
#1052=VECTOR('',#3802,10.);
#1053=VECTOR('',#3803,10.);
#1054=VECTOR('',#3806,10.);
#1055=VECTOR('',#3807,10.);
#1056=VECTOR('',#3810,10.);
#1057=VECTOR('',#3815,10.);
#1058=VECTOR('',#3818,10.);
#1059=VECTOR('',#3821,10.);
#1060=VECTOR('',#3824,10.);
#1061=VECTOR('',#3829,10.);
#1062=VECTOR('',#3830,10.);
#1063=VECTOR('',#3831,10.);
#1064=VECTOR('',#3836,10.);
#1065=VECTOR('',#3839,10.);
#1066=VECTOR('',#3840,10.);
#1067=VECTOR('',#3845,10.);
#1068=VECTOR('',#3848,10.);
#1069=VECTOR('',#3849,10.);
#1070=VECTOR('',#3852,10.);
#1071=CIRCLE('',#2792,1.6);
#1072=CIRCLE('',#2793,1.8);
#1073=CIRCLE('',#2795,1.6);
#1074=CIRCLE('',#2797,3.);
#1075=CIRCLE('',#2799,3.2);
#1076=CIRCLE('',#2800,3.);
#1077=CIRCLE('',#2802,2.09999999999999);
#1078=CIRCLE('',#2803,2.10000000000003);
#1079=CIRCLE('',#2804,2.1);
#1080=CIRCLE('',#2805,2.10000000000003);
#1081=CIRCLE('',#2806,3.2);
#1082=CIRCLE('',#2807,3.19999999999999);
#1083=CIRCLE('',#2808,3.19999999999999);
#1084=CIRCLE('',#2811,1.6);
#1085=CIRCLE('',#2812,1.8);
#1086=CIRCLE('',#2814,1.6);
#1087=CIRCLE('',#2816,3.);
#1088=CIRCLE('',#2818,3.);
#1089=CIRCLE('',#2820,3.);
#1090=CIRCLE('',#2822,1.6);
#1091=CIRCLE('',#2823,1.8);
#1092=CIRCLE('',#2825,1.6);
#1093=CIRCLE('',#2826,1.8);
#1094=CIRCLE('',#2828,1.6);
#1095=CIRCLE('',#2831,1.6);
#1096=CIRCLE('',#2832,1.8);
#1097=CIRCLE('',#2834,1.6);
#1098=CIRCLE('',#2835,1.8);
#1099=CIRCLE('',#2837,1.6);
#1100=CIRCLE('',#2839,3.);
#1101=CIRCLE('',#2841,3.);
#1102=CIRCLE('',#2844,3.);
#1103=CIRCLE('',#2850,4.3);
#1104=CIRCLE('',#2851,4.5);
#1105=CIRCLE('',#2856,1.90000000000003);
#1106=CIRCLE('',#2857,2.10000000000003);
#1107=CIRCLE('',#2862,4.5);
#1108=CIRCLE('',#2865,1.8);
#1109=CIRCLE('',#2866,1.8);
#1110=CIRCLE('',#2868,1.6);
#1111=CIRCLE('',#2875,1.9);
#1112=CIRCLE('',#2876,2.09999999999999);
#1113=CIRCLE('',#2881,4.30000000000001);
#1114=CIRCLE('',#2882,4.5);
#1115=CIRCLE('',#2886,0.999999999999973);
#1116=CIRCLE('',#2889,0.999999999999991);
#1117=CIRCLE('',#2891,1.8);
#1118=CIRCLE('',#2892,1.8);
#1119=CIRCLE('',#2894,1.6);
#1120=CIRCLE('',#2901,1.90000000000003);
#1121=CIRCLE('',#2902,2.10000000000003);
#1122=CIRCLE('',#2907,4.30000000000001);
#1123=CIRCLE('',#2908,4.5);
#1124=CIRCLE('',#2912,0.999999999999991);
#1125=CIRCLE('',#2915,0.999999999999995);
#1126=CIRCLE('',#2917,1.8);
#1127=CIRCLE('',#2923,1.9);
#1128=CIRCLE('',#2924,2.1);
#1129=CIRCLE('',#2929,4.3);
#1130=CIRCLE('',#2930,4.5);
#1131=CIRCLE('',#2934,0.999999999999995);
#1132=CIRCLE('',#2937,0.999999999999997);
#1133=CIRCLE('',#2939,1.8);
#1134=CIRCLE('',#2942,2.2);
#1135=CIRCLE('',#2943,2.2);
#1136=CIRCLE('',#2944,2.35);
#1137=CIRCLE('',#2945,2.35);
#1138=CIRCLE('',#2946,2.35);
#1139=CIRCLE('',#2947,2.35);
#1140=CIRCLE('',#2949,4.5);
#1141=CIRCLE('',#2950,4.5);
#1142=CIRCLE('',#2951,4.5);
#1143=CIRCLE('',#2953,0.999999999999973);
#1144=CIRCLE('',#2955,2.35);
#1145=CIRCLE('',#2956,2.35);
#1146=CIRCLE('',#2957,2.35);
#1147=CIRCLE('',#2958,2.35);
#1148=CIRCLE('',#2959,2.2);
#1149=CIRCLE('',#2960,2.2);
#1150=CIRCLE('',#2973,2.35);
#1151=CIRCLE('',#2975,2.35);
#1152=CIRCLE('',#2977,2.35);
#1153=CIRCLE('',#2980,2.35);
#1154=CIRCLE('',#2983,2.35);
#1155=CIRCLE('',#2985,2.35);
#1156=CIRCLE('',#2987,2.35);
#1157=CIRCLE('',#2991,2.35);
#1158=CIRCLE('',#2993,2.2);
#1159=CIRCLE('',#2995,2.2);
#1160=CIRCLE('',#2997,2.2);
#1161=CIRCLE('',#3000,2.2);
#1162=CIRCLE('',#3008,0.999999999999995);
#1163=CIRCLE('',#3009,0.999999999999973);
#1164=CIRCLE('',#3014,0.999999999999973);
#1165=CIRCLE('',#3018,0.999999999999997);
#1166=CIRCLE('',#3021,0.999999999999995);
#1167=CIRCLE('',#3031,0.999999999999991);
#1168=CIRCLE('',#3032,0.999999999999997);
#1169=CIRCLE('',#3040,0.999999999999997);
#1170=CIRCLE('',#3043,0.999999999999991);
#1171=VERTEX_POINT('',#3857);
#1172=VERTEX_POINT('',#3859);
#1173=VERTEX_POINT('',#3863);
#1174=VERTEX_POINT('',#3867);
#1175=VERTEX_POINT('',#3870);
#1176=VERTEX_POINT('',#3872);
#1177=VERTEX_POINT('',#3876);
#1178=VERTEX_POINT('',#3877);
#1179=VERTEX_POINT('',#3879);
#1180=VERTEX_POINT('',#3881);
#1181=VERTEX_POINT('',#3883);
#1182=VERTEX_POINT('',#3885);
#1183=VERTEX_POINT('',#3887);
#1184=VERTEX_POINT('',#3889);
#1185=VERTEX_POINT('',#3891);
#1186=VERTEX_POINT('',#3893);
#1187=VERTEX_POINT('',#3895);
#1188=VERTEX_POINT('',#3897);
#1189=VERTEX_POINT('',#3899);
#1190=VERTEX_POINT('',#3901);
#1191=VERTEX_POINT('',#3903);
#1192=VERTEX_POINT('',#3905);
#1193=VERTEX_POINT('',#3907);
#1194=VERTEX_POINT('',#3909);
#1195=VERTEX_POINT('',#3911);
#1196=VERTEX_POINT('',#3913);
#1197=VERTEX_POINT('',#3915);
#1198=VERTEX_POINT('',#3917);
#1199=VERTEX_POINT('',#3919);
#1200=VERTEX_POINT('',#3921);
#1201=VERTEX_POINT('',#3924);
#1202=VERTEX_POINT('',#3926);
#1203=VERTEX_POINT('',#3928);
#1204=VERTEX_POINT('',#3933);
#1205=VERTEX_POINT('',#3935);
#1206=VERTEX_POINT('',#3939);
#1207=VERTEX_POINT('',#3943);
#1208=VERTEX_POINT('',#3946);
#1209=VERTEX_POINT('',#3950);
#1210=VERTEX_POINT('',#3954);
#1211=VERTEX_POINT('',#3955);
#1212=VERTEX_POINT('',#3957);
#1213=VERTEX_POINT('',#3959);
#1214=VERTEX_POINT('',#3966);
#1215=VERTEX_POINT('',#3968);
#1216=VERTEX_POINT('',#3973);
#1217=VERTEX_POINT('',#3974);
#1218=VERTEX_POINT('',#3976);
#1219=VERTEX_POINT('',#3978);
#1220=VERTEX_POINT('',#3985);
#1221=VERTEX_POINT('',#3987);
#1222=VERTEX_POINT('',#3991);
#1223=VERTEX_POINT('',#3994);
#1224=VERTEX_POINT('',#4000);
#1225=VERTEX_POINT('',#4006);
#1226=VERTEX_POINT('',#4007);
#1227=VERTEX_POINT('',#4009);
#1228=VERTEX_POINT('',#4013);
#1229=VERTEX_POINT('',#4014);
#1230=VERTEX_POINT('',#4016);
#1231=VERTEX_POINT('',#4020);
#1232=VERTEX_POINT('',#4021);
#1233=VERTEX_POINT('',#4026);
#1234=VERTEX_POINT('',#4028);
#1235=VERTEX_POINT('',#4035);
#1236=VERTEX_POINT('',#4036);
#1237=VERTEX_POINT('',#4041);
#1238=VERTEX_POINT('',#4042);
#1239=VERTEX_POINT('',#4047);
#1240=VERTEX_POINT('',#4049);
#1241=VERTEX_POINT('',#4056);
#1242=VERTEX_POINT('',#4057);
#1243=VERTEX_POINT('',#4062);
#1244=VERTEX_POINT('',#4064);
#1245=VERTEX_POINT('',#4066);
#1246=VERTEX_POINT('',#4070);
#1247=VERTEX_POINT('',#4074);
#1248=VERTEX_POINT('',#4076);
#1249=VERTEX_POINT('',#4080);
#1250=VERTEX_POINT('',#4081);
#1251=VERTEX_POINT('',#4091);
#1252=VERTEX_POINT('',#4092);
#1253=VERTEX_POINT('',#4094);
#1254=VERTEX_POINT('',#4098);
#1255=VERTEX_POINT('',#4099);
#1256=VERTEX_POINT('',#4101);
#1257=VERTEX_POINT('',#4105);
#1258=VERTEX_POINT('',#4106);
#1259=VERTEX_POINT('',#4111);
#1260=VERTEX_POINT('',#4113);
#1261=VERTEX_POINT('',#4120);
#1262=VERTEX_POINT('',#4121);
#1263=VERTEX_POINT('',#4126);
#1264=VERTEX_POINT('',#4127);
#1265=VERTEX_POINT('',#4132);
#1266=VERTEX_POINT('',#4133);
#1267=VERTEX_POINT('',#4141);
#1268=VERTEX_POINT('',#4142);
#1269=VERTEX_POINT('',#4148);
#1270=VERTEX_POINT('',#4150);
#1271=VERTEX_POINT('',#4156);
#1272=VERTEX_POINT('',#4158);
#1273=VERTEX_POINT('',#4162);
#1274=VERTEX_POINT('',#4163);
#1275=VERTEX_POINT('',#4173);
#1276=VERTEX_POINT('',#4174);
#1277=VERTEX_POINT('',#4176);
#1278=VERTEX_POINT('',#4180);
#1279=VERTEX_POINT('',#4181);
#1280=VERTEX_POINT('',#4183);
#1281=VERTEX_POINT('',#4187);
#1282=VERTEX_POINT('',#4188);
#1283=VERTEX_POINT('',#4193);
#1284=VERTEX_POINT('',#4195);
#1285=VERTEX_POINT('',#4202);
#1286=VERTEX_POINT('',#4203);
#1287=VERTEX_POINT('',#4208);
#1288=VERTEX_POINT('',#4209);
#1289=VERTEX_POINT('',#4214);
#1290=VERTEX_POINT('',#4216);
#1291=VERTEX_POINT('',#4223);
#1292=VERTEX_POINT('',#4224);
#1293=VERTEX_POINT('',#4230);
#1294=VERTEX_POINT('',#4232);
#1295=VERTEX_POINT('',#4238);
#1296=VERTEX_POINT('',#4240);
#1297=VERTEX_POINT('',#4244);
#1298=VERTEX_POINT('',#4249);
#1299=VERTEX_POINT('',#4250);
#1300=VERTEX_POINT('',#4252);
#1301=VERTEX_POINT('',#4256);
#1302=VERTEX_POINT('',#4257);
#1303=VERTEX_POINT('',#4259);
#1304=VERTEX_POINT('',#4263);
#1305=VERTEX_POINT('',#4264);
#1306=VERTEX_POINT('',#4269);
#1307=VERTEX_POINT('',#4271);
#1308=VERTEX_POINT('',#4278);
#1309=VERTEX_POINT('',#4279);
#1310=VERTEX_POINT('',#4284);
#1311=VERTEX_POINT('',#4285);
#1312=VERTEX_POINT('',#4290);
#1313=VERTEX_POINT('',#4291);
#1314=VERTEX_POINT('',#4299);
#1315=VERTEX_POINT('',#4300);
#1316=VERTEX_POINT('',#4306);
#1317=VERTEX_POINT('',#4308);
#1318=VERTEX_POINT('',#4314);
#1319=VERTEX_POINT('',#4316);
#1320=VERTEX_POINT('',#4320);
#1321=VERTEX_POINT('',#4325);
#1322=VERTEX_POINT('',#4326);
#1323=VERTEX_POINT('',#4328);
#1324=VERTEX_POINT('',#4330);
#1325=VERTEX_POINT('',#4332);
#1326=VERTEX_POINT('',#4334);
#1327=VERTEX_POINT('',#4336);
#1328=VERTEX_POINT('',#4338);
#1329=VERTEX_POINT('',#4340);
#1330=VERTEX_POINT('',#4342);
#1331=VERTEX_POINT('',#4344);
#1332=VERTEX_POINT('',#4346);
#1333=VERTEX_POINT('',#4348);
#1334=VERTEX_POINT('',#4350);
#1335=VERTEX_POINT('',#4355);
#1336=VERTEX_POINT('',#4357);
#1337=VERTEX_POINT('',#4359);
#1338=VERTEX_POINT('',#4361);
#1339=VERTEX_POINT('',#4363);
#1340=VERTEX_POINT('',#4365);
#1341=VERTEX_POINT('',#4367);
#1342=VERTEX_POINT('',#4369);
#1343=VERTEX_POINT('',#4371);
#1344=VERTEX_POINT('',#4373);
#1345=VERTEX_POINT('',#4375);
#1346=VERTEX_POINT('',#4379);
#1347=VERTEX_POINT('',#4381);
#1348=VERTEX_POINT('',#4386);
#1349=VERTEX_POINT('',#4388);
#1350=VERTEX_POINT('',#4390);
#1351=VERTEX_POINT('',#4392);
#1352=VERTEX_POINT('',#4394);
#1353=VERTEX_POINT('',#4396);
#1354=VERTEX_POINT('',#4398);
#1355=VERTEX_POINT('',#4400);
#1356=VERTEX_POINT('',#4402);
#1357=VERTEX_POINT('',#4404);
#1358=VERTEX_POINT('',#4406);
#1359=VERTEX_POINT('',#4408);
#1360=VERTEX_POINT('',#4410);
#1361=VERTEX_POINT('',#4412);
#1362=VERTEX_POINT('',#4421);
#1363=VERTEX_POINT('',#4425);
#1364=VERTEX_POINT('',#4429);
#1365=VERTEX_POINT('',#4447);
#1366=VERTEX_POINT('',#4449);
#1367=VERTEX_POINT('',#4453);
#1368=VERTEX_POINT('',#4454);
#1369=VERTEX_POINT('',#4459);
#1370=VERTEX_POINT('',#4461);
#1371=VERTEX_POINT('',#4467);
#1372=VERTEX_POINT('',#4468);
#1373=VERTEX_POINT('',#4475);
#1374=VERTEX_POINT('',#4477);
#1375=VERTEX_POINT('',#4481);
#1376=VERTEX_POINT('',#4483);
#1377=VERTEX_POINT('',#4487);
#1378=VERTEX_POINT('',#4489);
#1379=VERTEX_POINT('',#4495);
#1380=VERTEX_POINT('',#4499);
#1381=VERTEX_POINT('',#4503);
#1382=VERTEX_POINT('',#4504);
#1383=VERTEX_POINT('',#4509);
#1384=VERTEX_POINT('',#4510);
#1385=VERTEX_POINT('',#4515);
#1386=VERTEX_POINT('',#4516);
#1387=VERTEX_POINT('',#4523);
#1388=VERTEX_POINT('',#4524);
#1389=VERTEX_POINT('',#4531);
#1390=VERTEX_POINT('',#4543);
#1391=VERTEX_POINT('',#4545);
#1392=VERTEX_POINT('',#4547);
#1393=VERTEX_POINT('',#4549);
#1394=VERTEX_POINT('',#4551);
#1395=VERTEX_POINT('',#4557);
#1396=VERTEX_POINT('',#4563);
#1397=VERTEX_POINT('',#4569);
#1398=VERTEX_POINT('',#4574);
#1399=VERTEX_POINT('',#4576);
#1400=VERTEX_POINT('',#4581);
#1401=VERTEX_POINT('',#4583);
#1402=VERTEX_POINT('',#4589);
#1403=VERTEX_POINT('',#4601);
#1404=VERTEX_POINT('',#4603);
#1405=VERTEX_POINT('',#4607);
#1406=VERTEX_POINT('',#4609);
#1407=VERTEX_POINT('',#4611);
#1408=VERTEX_POINT('',#4613);
#1409=VERTEX_POINT('',#4626);
#1410=VERTEX_POINT('',#4627);
#1411=VERTEX_POINT('',#4632);
#1412=VERTEX_POINT('',#4636);
#1413=VERTEX_POINT('',#4640);
#1414=VERTEX_POINT('',#4644);
#1415=EDGE_CURVE('',#1171,#1171,#1071,.T.);
#1416=EDGE_CURVE('',#1171,#1172,#483,.T.);
#1417=EDGE_CURVE('',#1172,#1172,#1072,.T.);
#1418=EDGE_CURVE('',#1171,#1173,#484,.T.);
#1419=EDGE_CURVE('',#1173,#1173,#1073,.T.);
#1420=EDGE_CURVE('',#1174,#1174,#1074,.T.);
#1421=EDGE_CURVE('',#1175,#1175,#1075,.T.);
#1422=EDGE_CURVE('',#1175,#1176,#485,.T.);
#1423=EDGE_CURVE('',#1176,#1176,#1076,.T.);
#1424=EDGE_CURVE('',#1177,#1178,#486,.T.);
#1425=EDGE_CURVE('',#1179,#1177,#487,.T.);
#1426=EDGE_CURVE('',#1180,#1179,#488,.T.);
#1427=EDGE_CURVE('',#1180,#1181,#489,.T.);
#1428=EDGE_CURVE('',#1181,#1182,#1077,.T.);
#1429=EDGE_CURVE('',#1182,#1183,#490,.T.);
#1430=EDGE_CURVE('',#1184,#1183,#491,.T.);
#1431=EDGE_CURVE('',#1185,#1184,#492,.T.);
#1432=EDGE_CURVE('',#1186,#1185,#493,.T.);
#1433=EDGE_CURVE('',#1186,#1187,#494,.T.);
#1434=EDGE_CURVE('',#1187,#1188,#1078,.T.);
#1435=EDGE_CURVE('',#1188,#1189,#495,.T.);
#1436=EDGE_CURVE('',#1190,#1189,#496,.T.);
#1437=EDGE_CURVE('',#1191,#1190,#497,.T.);
#1438=EDGE_CURVE('',#1192,#1191,#498,.T.);
#1439=EDGE_CURVE('',#1192,#1193,#499,.T.);
#1440=EDGE_CURVE('',#1193,#1194,#1079,.T.);
#1441=EDGE_CURVE('',#1194,#1195,#500,.T.);
#1442=EDGE_CURVE('',#1196,#1195,#501,.T.);
#1443=EDGE_CURVE('',#1197,#1196,#502,.T.);
#1444=EDGE_CURVE('',#1198,#1197,#503,.T.);
#1445=EDGE_CURVE('',#1198,#1199,#504,.T.);
#1446=EDGE_CURVE('',#1199,#1200,#1080,.T.);
#1447=EDGE_CURVE('',#1200,#1178,#505,.T.);
#1448=EDGE_CURVE('',#1201,#1201,#1081,.T.);
#1449=EDGE_CURVE('',#1202,#1202,#1082,.T.);
#1450=EDGE_CURVE('',#1203,#1203,#1083,.T.);
#1451=EDGE_CURVE('',#1176,#1174,#506,.T.);
#1452=EDGE_CURVE('',#1204,#1204,#1084,.T.);
#1453=EDGE_CURVE('',#1204,#1205,#507,.T.);
#1454=EDGE_CURVE('',#1205,#1205,#1085,.T.);
#1455=EDGE_CURVE('',#1204,#1206,#508,.T.);
#1456=EDGE_CURVE('',#1206,#1206,#1086,.T.);
#1457=EDGE_CURVE('',#1207,#1207,#1087,.T.);
#1458=EDGE_CURVE('',#1201,#1208,#509,.T.);
#1459=EDGE_CURVE('',#1208,#1208,#1088,.T.);
#1460=EDGE_CURVE('',#1208,#1209,#510,.T.);
#1461=EDGE_CURVE('',#1209,#1209,#1089,.T.);
#1462=EDGE_CURVE('',#1210,#1211,#511,.T.);
#1463=EDGE_CURVE('',#1211,#1212,#1090,.T.);
#1464=EDGE_CURVE('',#1212,#1213,#512,.T.);
#1465=EDGE_CURVE('',#1213,#1210,#1091,.T.);
#1466=EDGE_CURVE('',#1212,#1211,#1092,.T.);
#1467=EDGE_CURVE('',#1210,#1213,#1093,.T.);
#1468=EDGE_CURVE('',#1214,#1211,#513,.T.);
#1469=EDGE_CURVE('',#1215,#1214,#1094,.T.);
#1470=EDGE_CURVE('',#1215,#1212,#514,.T.);
#1471=EDGE_CURVE('',#1216,#1217,#515,.T.);
#1472=EDGE_CURVE('',#1217,#1218,#1095,.T.);
#1473=EDGE_CURVE('',#1218,#1219,#516,.T.);
#1474=EDGE_CURVE('',#1219,#1216,#1096,.T.);
#1475=EDGE_CURVE('',#1218,#1217,#1097,.T.);
#1476=EDGE_CURVE('',#1216,#1219,#1098,.T.);
#1477=EDGE_CURVE('',#1220,#1217,#517,.T.);
#1478=EDGE_CURVE('',#1221,#1220,#1099,.T.);
#1479=EDGE_CURVE('',#1221,#1218,#518,.T.);
#1480=EDGE_CURVE('',#1222,#1222,#1100,.T.);
#1481=EDGE_CURVE('',#1203,#1223,#519,.T.);
#1482=EDGE_CURVE('',#1223,#1223,#1101,.T.);
#1483=EDGE_CURVE('',#1223,#1222,#520,.T.);
#1484=EDGE_CURVE('',#1202,#1224,#521,.T.);
#1485=EDGE_CURVE('',#1224,#1224,#1102,.T.);
#1486=EDGE_CURVE('',#1224,#1207,#522,.T.);
#1487=EDGE_CURVE('',#1225,#1226,#523,.T.);
#1488=EDGE_CURVE('',#1227,#1225,#524,.T.);
#1489=EDGE_CURVE('',#1226,#1227,#525,.T.);
#1490=EDGE_CURVE('',#1228,#1229,#526,.T.);
#1491=EDGE_CURVE('',#1230,#1228,#527,.T.);
#1492=EDGE_CURVE('',#1229,#1230,#528,.T.);
#1493=EDGE_CURVE('',#1231,#1232,#529,.T.);
#1494=EDGE_CURVE('',#1232,#1230,#530,.T.);
#1495=EDGE_CURVE('',#1228,#1231,#531,.T.);
#1496=EDGE_CURVE('',#1231,#1233,#1103,.T.);
#1497=EDGE_CURVE('',#1233,#1234,#532,.T.);
#1498=EDGE_CURVE('',#1234,#1232,#1104,.T.);
#1499=EDGE_CURVE('',#1233,#1227,#533,.T.);
#1500=EDGE_CURVE('',#1225,#1234,#534,.T.);
#1501=EDGE_CURVE('',#1235,#1236,#535,.F.);
#1502=EDGE_CURVE('',#1236,#1229,#536,.T.);
#1503=EDGE_CURVE('',#1230,#1235,#537,.T.);
#1504=EDGE_CURVE('',#1237,#1238,#538,.T.);
#1505=EDGE_CURVE('',#1238,#1226,#539,.T.);
#1506=EDGE_CURVE('',#1227,#1237,#540,.T.);
#1507=EDGE_CURVE('',#1237,#1239,#1105,.T.);
#1508=EDGE_CURVE('',#1239,#1240,#541,.T.);
#1509=EDGE_CURVE('',#1240,#1238,#1106,.T.);
#1510=EDGE_CURVE('',#1239,#1228,#542,.T.);
#1511=EDGE_CURVE('',#1229,#1240,#543,.T.);
#1512=EDGE_CURVE('',#1241,#1242,#544,.T.);
#1513=EDGE_CURVE('',#1241,#1225,#545,.T.);
#1514=EDGE_CURVE('',#1226,#1242,#546,.T.);
#1515=EDGE_CURVE('',#1235,#1243,#547,.T.);
#1516=EDGE_CURVE('',#1232,#1244,#548,.T.);
#1517=EDGE_CURVE('',#1245,#1244,#549,.T.);
#1518=EDGE_CURVE('',#1243,#1245,#550,.T.);
#1519=EDGE_CURVE('',#1234,#1246,#551,.T.);
#1520=EDGE_CURVE('',#1244,#1246,#1107,.T.);
#1521=EDGE_CURVE('',#1247,#1241,#552,.T.);
#1522=EDGE_CURVE('',#1248,#1247,#553,.T.);
#1523=EDGE_CURVE('',#1246,#1248,#554,.T.);
#1524=EDGE_CURVE('',#1249,#1250,#1108,.T.);
#1525=EDGE_CURVE('',#1250,#1249,#1109,.T.);
#1526=EDGE_CURVE('',#1215,#1249,#555,.T.);
#1527=EDGE_CURVE('',#1250,#1214,#556,.T.);
#1528=EDGE_CURVE('',#1214,#1215,#1110,.T.);
#1529=EDGE_CURVE('',#1251,#1252,#557,.T.);
#1530=EDGE_CURVE('',#1253,#1251,#558,.T.);
#1531=EDGE_CURVE('',#1252,#1253,#559,.T.);
#1532=EDGE_CURVE('',#1254,#1255,#560,.T.);
#1533=EDGE_CURVE('',#1256,#1254,#561,.T.);
#1534=EDGE_CURVE('',#1255,#1256,#562,.T.);
#1535=EDGE_CURVE('',#1257,#1258,#563,.T.);
#1536=EDGE_CURVE('',#1258,#1256,#564,.T.);
#1537=EDGE_CURVE('',#1254,#1257,#565,.T.);
#1538=EDGE_CURVE('',#1257,#1259,#1111,.T.);
#1539=EDGE_CURVE('',#1259,#1260,#566,.T.);
#1540=EDGE_CURVE('',#1260,#1258,#1112,.T.);
#1541=EDGE_CURVE('',#1259,#1251,#567,.T.);
#1542=EDGE_CURVE('',#1252,#1260,#568,.T.);
#1543=EDGE_CURVE('',#1261,#1262,#569,.T.);
#1544=EDGE_CURVE('',#1261,#1255,#570,.T.);
#1545=EDGE_CURVE('',#1256,#1262,#571,.T.);
#1546=EDGE_CURVE('',#1263,#1264,#572,.T.);
#1547=EDGE_CURVE('',#1264,#1254,#573,.T.);
#1548=EDGE_CURVE('',#1255,#1263,#574,.T.);
#1549=EDGE_CURVE('',#1265,#1266,#575,.T.);
#1550=EDGE_CURVE('',#1266,#1264,#1113,.T.);
#1551=EDGE_CURVE('',#1263,#1265,#1114,.T.);
#1552=EDGE_CURVE('',#1265,#1253,#576,.T.);
#1553=EDGE_CURVE('',#1251,#1266,#577,.T.);
#1554=EDGE_CURVE('',#1267,#1268,#578,.F.);
#1555=EDGE_CURVE('',#1268,#1252,#579,.T.);
#1556=EDGE_CURVE('',#1253,#1267,#580,.T.);
#1557=EDGE_CURVE('',#1258,#1181,#581,.T.);
#1558=EDGE_CURVE('',#1180,#1269,#582,.T.);
#1559=EDGE_CURVE('',#1269,#1270,#1115,.T.);
#1560=EDGE_CURVE('',#1270,#1262,#583,.T.);
#1561=EDGE_CURVE('',#1260,#1182,#584,.T.);
#1562=EDGE_CURVE('',#1268,#1271,#585,.T.);
#1563=EDGE_CURVE('',#1271,#1272,#1116,.T.);
#1564=EDGE_CURVE('',#1272,#1183,#586,.T.);
#1565=EDGE_CURVE('',#1273,#1274,#1117,.T.);
#1566=EDGE_CURVE('',#1274,#1273,#1118,.T.);
#1567=EDGE_CURVE('',#1221,#1273,#587,.T.);
#1568=EDGE_CURVE('',#1274,#1220,#588,.T.);
#1569=EDGE_CURVE('',#1220,#1221,#1119,.T.);
#1570=EDGE_CURVE('',#1275,#1276,#589,.T.);
#1571=EDGE_CURVE('',#1277,#1275,#590,.T.);
#1572=EDGE_CURVE('',#1276,#1277,#591,.T.);
#1573=EDGE_CURVE('',#1278,#1279,#592,.T.);
#1574=EDGE_CURVE('',#1280,#1278,#593,.T.);
#1575=EDGE_CURVE('',#1279,#1280,#594,.T.);
#1576=EDGE_CURVE('',#1281,#1282,#595,.T.);
#1577=EDGE_CURVE('',#1282,#1280,#596,.T.);
#1578=EDGE_CURVE('',#1278,#1281,#597,.T.);
#1579=EDGE_CURVE('',#1281,#1283,#1120,.T.);
#1580=EDGE_CURVE('',#1283,#1284,#598,.T.);
#1581=EDGE_CURVE('',#1284,#1282,#1121,.T.);
#1582=EDGE_CURVE('',#1283,#1275,#599,.T.);
#1583=EDGE_CURVE('',#1276,#1284,#600,.T.);
#1584=EDGE_CURVE('',#1285,#1286,#601,.T.);
#1585=EDGE_CURVE('',#1285,#1279,#602,.T.);
#1586=EDGE_CURVE('',#1280,#1286,#603,.T.);
#1587=EDGE_CURVE('',#1287,#1288,#604,.T.);
#1588=EDGE_CURVE('',#1288,#1277,#605,.T.);
#1589=EDGE_CURVE('',#1275,#1287,#606,.T.);
#1590=EDGE_CURVE('',#1287,#1289,#1122,.T.);
#1591=EDGE_CURVE('',#1289,#1290,#607,.T.);
#1592=EDGE_CURVE('',#1290,#1288,#1123,.T.);
#1593=EDGE_CURVE('',#1289,#1278,#608,.T.);
#1594=EDGE_CURVE('',#1279,#1290,#609,.T.);
#1595=EDGE_CURVE('',#1291,#1292,#610,.F.);
#1596=EDGE_CURVE('',#1292,#1276,#611,.T.);
#1597=EDGE_CURVE('',#1277,#1291,#612,.T.);
#1598=EDGE_CURVE('',#1282,#1199,#613,.T.);
#1599=EDGE_CURVE('',#1198,#1293,#614,.T.);
#1600=EDGE_CURVE('',#1293,#1294,#1124,.T.);
#1601=EDGE_CURVE('',#1294,#1286,#615,.T.);
#1602=EDGE_CURVE('',#1284,#1200,#616,.T.);
#1603=EDGE_CURVE('',#1292,#1295,#617,.T.);
#1604=EDGE_CURVE('',#1295,#1296,#1125,.T.);
#1605=EDGE_CURVE('',#1296,#1178,#618,.T.);
#1606=EDGE_CURVE('',#1297,#1297,#1126,.T.);
#1607=EDGE_CURVE('',#1297,#1206,#619,.T.);
#1608=EDGE_CURVE('',#1298,#1299,#620,.T.);
#1609=EDGE_CURVE('',#1300,#1298,#621,.T.);
#1610=EDGE_CURVE('',#1299,#1300,#622,.T.);
#1611=EDGE_CURVE('',#1301,#1302,#623,.T.);
#1612=EDGE_CURVE('',#1303,#1301,#624,.T.);
#1613=EDGE_CURVE('',#1302,#1303,#625,.T.);
#1614=EDGE_CURVE('',#1304,#1305,#626,.T.);
#1615=EDGE_CURVE('',#1305,#1303,#627,.T.);
#1616=EDGE_CURVE('',#1301,#1304,#628,.T.);
#1617=EDGE_CURVE('',#1304,#1306,#1127,.T.);
#1618=EDGE_CURVE('',#1306,#1307,#629,.T.);
#1619=EDGE_CURVE('',#1307,#1305,#1128,.T.);
#1620=EDGE_CURVE('',#1306,#1298,#630,.T.);
#1621=EDGE_CURVE('',#1299,#1307,#631,.T.);
#1622=EDGE_CURVE('',#1308,#1309,#632,.T.);
#1623=EDGE_CURVE('',#1308,#1302,#633,.T.);
#1624=EDGE_CURVE('',#1303,#1309,#634,.T.);
#1625=EDGE_CURVE('',#1310,#1311,#635,.T.);
#1626=EDGE_CURVE('',#1311,#1301,#636,.T.);
#1627=EDGE_CURVE('',#1302,#1310,#637,.T.);
#1628=EDGE_CURVE('',#1312,#1313,#638,.T.);
#1629=EDGE_CURVE('',#1313,#1311,#1129,.T.);
#1630=EDGE_CURVE('',#1310,#1312,#1130,.T.);
#1631=EDGE_CURVE('',#1312,#1300,#639,.T.);
#1632=EDGE_CURVE('',#1298,#1313,#640,.T.);
#1633=EDGE_CURVE('',#1314,#1315,#641,.F.);
#1634=EDGE_CURVE('',#1315,#1299,#642,.T.);
#1635=EDGE_CURVE('',#1300,#1314,#643,.T.);
#1636=EDGE_CURVE('',#1305,#1193,#644,.T.);
#1637=EDGE_CURVE('',#1192,#1316,#645,.T.);
#1638=EDGE_CURVE('',#1316,#1317,#1131,.T.);
#1639=EDGE_CURVE('',#1317,#1309,#646,.T.);
#1640=EDGE_CURVE('',#1307,#1194,#647,.T.);
#1641=EDGE_CURVE('',#1315,#1318,#648,.T.);
#1642=EDGE_CURVE('',#1318,#1319,#1132,.T.);
#1643=EDGE_CURVE('',#1319,#1195,#649,.T.);
#1644=EDGE_CURVE('',#1320,#1320,#1133,.T.);
#1645=EDGE_CURVE('',#1320,#1173,#650,.T.);
#1646=EDGE_CURVE('',#1321,#1322,#651,.T.);
#1647=EDGE_CURVE('',#1321,#1323,#652,.T.);
#1648=EDGE_CURVE('',#1323,#1324,#1134,.T.);
#1649=EDGE_CURVE('',#1324,#1325,#653,.T.);
#1650=EDGE_CURVE('',#1325,#1326,#1135,.T.);
#1651=EDGE_CURVE('',#1326,#1327,#654,.T.);
#1652=EDGE_CURVE('',#1327,#1328,#1136,.T.);
#1653=EDGE_CURVE('',#1328,#1329,#655,.T.);
#1654=EDGE_CURVE('',#1329,#1330,#1137,.T.);
#1655=EDGE_CURVE('',#1330,#1331,#656,.T.);
#1656=EDGE_CURVE('',#1331,#1332,#1138,.T.);
#1657=EDGE_CURVE('',#1332,#1333,#657,.T.);
#1658=EDGE_CURVE('',#1333,#1334,#1139,.T.);
#1659=EDGE_CURVE('',#1334,#1243,#658,.T.);
#1660=EDGE_CURVE('',#1322,#1245,#659,.T.);
#1661=EDGE_CURVE('',#1248,#1335,#660,.T.);
#1662=EDGE_CURVE('',#1335,#1336,#661,.T.);
#1663=EDGE_CURVE('',#1336,#1337,#1140,.T.);
#1664=EDGE_CURVE('',#1337,#1338,#662,.T.);
#1665=EDGE_CURVE('',#1338,#1339,#663,.T.);
#1666=EDGE_CURVE('',#1339,#1340,#664,.T.);
#1667=EDGE_CURVE('',#1340,#1341,#1141,.T.);
#1668=EDGE_CURVE('',#1341,#1342,#665,.T.);
#1669=EDGE_CURVE('',#1342,#1343,#666,.T.);
#1670=EDGE_CURVE('',#1343,#1344,#667,.T.);
#1671=EDGE_CURVE('',#1344,#1345,#1142,.T.);
#1672=EDGE_CURVE('',#1345,#1322,#668,.T.);
#1673=EDGE_CURVE('',#1236,#1346,#669,.T.);
#1674=EDGE_CURVE('',#1346,#1347,#1143,.T.);
#1675=EDGE_CURVE('',#1347,#1189,#670,.T.);
#1676=EDGE_CURVE('',#1240,#1188,#671,.T.);
#1677=EDGE_CURVE('',#1348,#1338,#672,.T.);
#1678=EDGE_CURVE('',#1348,#1349,#673,.T.);
#1679=EDGE_CURVE('',#1349,#1350,#1144,.T.);
#1680=EDGE_CURVE('',#1350,#1351,#674,.T.);
#1681=EDGE_CURVE('',#1351,#1352,#1145,.T.);
#1682=EDGE_CURVE('',#1352,#1353,#675,.T.);
#1683=EDGE_CURVE('',#1353,#1354,#1146,.T.);
#1684=EDGE_CURVE('',#1354,#1355,#676,.T.);
#1685=EDGE_CURVE('',#1355,#1356,#1147,.T.);
#1686=EDGE_CURVE('',#1356,#1357,#677,.T.);
#1687=EDGE_CURVE('',#1357,#1358,#1148,.T.);
#1688=EDGE_CURVE('',#1358,#1359,#678,.T.);
#1689=EDGE_CURVE('',#1359,#1360,#1149,.T.);
#1690=EDGE_CURVE('',#1360,#1361,#679,.T.);
#1691=EDGE_CURVE('',#1361,#1339,#680,.T.);
#1692=EDGE_CURVE('',#1321,#1308,#681,.T.);
#1693=EDGE_CURVE('',#1310,#1345,#682,.T.);
#1694=EDGE_CURVE('',#1312,#1344,#683,.T.);
#1695=EDGE_CURVE('',#1362,#1343,#684,.T.);
#1696=EDGE_CURVE('',#1314,#1362,#685,.T.);
#1697=EDGE_CURVE('',#1342,#1363,#686,.T.);
#1698=EDGE_CURVE('',#1363,#1362,#687,.T.);
#1699=EDGE_CURVE('',#1247,#1364,#688,.T.);
#1700=EDGE_CURVE('',#1364,#1335,#689,.T.);
#1701=EDGE_CURVE('',#1363,#1285,#690,.T.);
#1702=EDGE_CURVE('',#1290,#1341,#691,.T.);
#1703=EDGE_CURVE('',#1288,#1340,#692,.T.);
#1704=EDGE_CURVE('',#1291,#1361,#693,.T.);
#1705=EDGE_CURVE('',#1348,#1261,#694,.T.);
#1706=EDGE_CURVE('',#1263,#1337,#695,.T.);
#1707=EDGE_CURVE('',#1265,#1336,#696,.T.);
#1708=EDGE_CURVE('',#1267,#1364,#697,.T.);
#1709=EDGE_CURVE('',#1365,#1329,#698,.T.);
#1710=EDGE_CURVE('',#1366,#1365,#1150,.T.);
#1711=EDGE_CURVE('',#1330,#1366,#699,.T.);
#1712=EDGE_CURVE('',#1367,#1368,#1151,.T.);
#1713=EDGE_CURVE('',#1354,#1367,#700,.T.);
#1714=EDGE_CURVE('',#1368,#1353,#701,.T.);
#1715=EDGE_CURVE('',#1369,#1327,#702,.T.);
#1716=EDGE_CURVE('',#1370,#1369,#1152,.T.);
#1717=EDGE_CURVE('',#1370,#1328,#703,.T.);
#1718=EDGE_CURVE('',#1365,#1370,#704,.T.);
#1719=EDGE_CURVE('',#1371,#1372,#1153,.T.);
#1720=EDGE_CURVE('',#1371,#1356,#705,.T.);
#1721=EDGE_CURVE('',#1355,#1372,#706,.T.);
#1722=EDGE_CURVE('',#1372,#1367,#707,.T.);
#1723=EDGE_CURVE('',#1373,#1331,#708,.T.);
#1724=EDGE_CURVE('',#1374,#1373,#1154,.T.);
#1725=EDGE_CURVE('',#1332,#1374,#709,.T.);
#1726=EDGE_CURVE('',#1375,#1351,#710,.T.);
#1727=EDGE_CURVE('',#1376,#1375,#1155,.T.);
#1728=EDGE_CURVE('',#1352,#1376,#711,.T.);
#1729=EDGE_CURVE('',#1377,#1333,#712,.T.);
#1730=EDGE_CURVE('',#1378,#1377,#1156,.T.);
#1731=EDGE_CURVE('',#1334,#1378,#713,.T.);
#1732=EDGE_CURVE('',#1377,#1374,#714,.T.);
#1733=EDGE_CURVE('',#1350,#1379,#715,.T.);
#1734=EDGE_CURVE('',#1375,#1379,#716,.T.);
#1735=EDGE_CURVE('',#1380,#1349,#717,.T.);
#1736=EDGE_CURVE('',#1379,#1380,#1157,.T.);
#1737=EDGE_CURVE('',#1381,#1382,#1158,.T.);
#1738=EDGE_CURVE('',#1381,#1326,#718,.T.);
#1739=EDGE_CURVE('',#1325,#1382,#719,.T.);
#1740=EDGE_CURVE('',#1383,#1384,#1159,.T.);
#1741=EDGE_CURVE('',#1383,#1358,#720,.T.);
#1742=EDGE_CURVE('',#1384,#1357,#721,.T.);
#1743=EDGE_CURVE('',#1385,#1386,#1160,.T.);
#1744=EDGE_CURVE('',#1385,#1324,#722,.T.);
#1745=EDGE_CURVE('',#1386,#1323,#723,.T.);
#1746=EDGE_CURVE('',#1382,#1385,#724,.T.);
#1747=EDGE_CURVE('',#1387,#1388,#1161,.T.);
#1748=EDGE_CURVE('',#1387,#1360,#725,.T.);
#1749=EDGE_CURVE('',#1359,#1388,#726,.T.);
#1750=EDGE_CURVE('',#1388,#1383,#727,.T.);
#1751=EDGE_CURVE('',#1378,#1389,#728,.T.);
#1752=EDGE_CURVE('',#1389,#1346,#729,.T.);
#1753=EDGE_CURVE('',#1371,#1384,#730,.T.);
#1754=EDGE_CURVE('',#1376,#1368,#731,.T.);
#1755=EDGE_CURVE('',#1381,#1369,#732,.T.);
#1756=EDGE_CURVE('',#1366,#1373,#733,.T.);
#1757=EDGE_CURVE('',#1390,#1386,#734,.T.);
#1758=EDGE_CURVE('',#1391,#1390,#1162,.T.);
#1759=EDGE_CURVE('',#1392,#1391,#735,.T.);
#1760=EDGE_CURVE('',#1393,#1392,#736,.T.);
#1761=EDGE_CURVE('',#1394,#1393,#737,.T.);
#1762=EDGE_CURVE('',#1389,#1394,#1163,.T.);
#1763=EDGE_CURVE('',#1390,#1317,#738,.T.);
#1764=EDGE_CURVE('',#1270,#1395,#739,.T.);
#1765=EDGE_CURVE('',#1395,#1380,#740,.T.);
#1766=EDGE_CURVE('',#1391,#1316,#741,.T.);
#1767=EDGE_CURVE('',#1269,#1396,#742,.T.);
#1768=EDGE_CURVE('',#1396,#1395,#1164,.T.);
#1769=EDGE_CURVE('',#1191,#1392,#743,.T.);
#1770=EDGE_CURVE('',#1179,#1397,#744,.T.);
#1771=EDGE_CURVE('',#1397,#1396,#745,.T.);
#1772=EDGE_CURVE('',#1238,#1187,#746,.T.);
#1773=EDGE_CURVE('',#1186,#1398,#747,.T.);
#1774=EDGE_CURVE('',#1398,#1399,#1165,.T.);
#1775=EDGE_CURVE('',#1399,#1242,#748,.T.);
#1776=EDGE_CURVE('',#1295,#1400,#749,.T.);
#1777=EDGE_CURVE('',#1400,#1401,#1166,.T.);
#1778=EDGE_CURVE('',#1296,#1401,#750,.T.);
#1779=EDGE_CURVE('',#1387,#1400,#751,.T.);
#1780=EDGE_CURVE('',#1401,#1402,#752,.T.);
#1781=EDGE_CURVE('',#1402,#1177,#753,.T.);
#1782=EDGE_CURVE('',#1402,#1397,#754,.T.);
#1783=EDGE_CURVE('',#1393,#1190,#755,.T.);
#1784=EDGE_CURVE('',#1394,#1347,#756,.T.);
#1785=EDGE_CURVE('',#1185,#1403,#757,.T.);
#1786=EDGE_CURVE('',#1404,#1184,#758,.T.);
#1787=EDGE_CURVE('',#1404,#1403,#759,.T.);
#1788=EDGE_CURVE('',#1403,#1405,#760,.T.);
#1789=EDGE_CURVE('',#1406,#1404,#761,.T.);
#1790=EDGE_CURVE('',#1407,#1406,#1167,.T.);
#1791=EDGE_CURVE('',#1408,#1407,#762,.T.);
#1792=EDGE_CURVE('',#1405,#1408,#1168,.T.);
#1793=EDGE_CURVE('',#1272,#1406,#763,.T.);
#1794=EDGE_CURVE('',#1271,#1407,#764,.T.);
#1795=EDGE_CURVE('',#1399,#1408,#765,.T.);
#1796=EDGE_CURVE('',#1405,#1398,#766,.T.);
#1797=EDGE_CURVE('',#1409,#1410,#767,.T.);
#1798=EDGE_CURVE('',#1410,#1196,#768,.T.);
#1799=EDGE_CURVE('',#1409,#1319,#769,.T.);
#1800=EDGE_CURVE('',#1411,#1409,#1169,.T.);
#1801=EDGE_CURVE('',#1411,#1318,#770,.T.);
#1802=EDGE_CURVE('',#1412,#1411,#771,.T.);
#1803=EDGE_CURVE('',#1412,#1294,#772,.T.);
#1804=EDGE_CURVE('',#1413,#1412,#1170,.T.);
#1805=EDGE_CURVE('',#1413,#1293,#773,.T.);
#1806=EDGE_CURVE('',#1414,#1413,#774,.T.);
#1807=EDGE_CURVE('',#1197,#1414,#775,.T.);
#1808=EDGE_CURVE('',#1410,#1414,#776,.T.);
#1809=ORIENTED_EDGE('',*,*,#1415,.T.);
#1810=ORIENTED_EDGE('',*,*,#1416,.T.);
#1811=ORIENTED_EDGE('',*,*,#1417,.T.);
#1812=ORIENTED_EDGE('',*,*,#1416,.F.);
#1813=ORIENTED_EDGE('',*,*,#1415,.F.);
#1814=ORIENTED_EDGE('',*,*,#1418,.T.);
#1815=ORIENTED_EDGE('',*,*,#1419,.F.);
#1816=ORIENTED_EDGE('',*,*,#1418,.F.);
#1817=ORIENTED_EDGE('',*,*,#1420,.F.);
#1818=ORIENTED_EDGE('',*,*,#1417,.F.);
#1819=ORIENTED_EDGE('',*,*,#1421,.T.);
#1820=ORIENTED_EDGE('',*,*,#1422,.T.);
#1821=ORIENTED_EDGE('',*,*,#1423,.T.);
#1822=ORIENTED_EDGE('',*,*,#1422,.F.);
#1823=ORIENTED_EDGE('',*,*,#1424,.F.);
#1824=ORIENTED_EDGE('',*,*,#1425,.F.);
#1825=ORIENTED_EDGE('',*,*,#1426,.F.);
#1826=ORIENTED_EDGE('',*,*,#1427,.T.);
#1827=ORIENTED_EDGE('',*,*,#1428,.T.);
#1828=ORIENTED_EDGE('',*,*,#1429,.T.);
#1829=ORIENTED_EDGE('',*,*,#1430,.F.);
#1830=ORIENTED_EDGE('',*,*,#1431,.F.);
#1831=ORIENTED_EDGE('',*,*,#1432,.F.);
#1832=ORIENTED_EDGE('',*,*,#1433,.T.);
#1833=ORIENTED_EDGE('',*,*,#1434,.T.);
#1834=ORIENTED_EDGE('',*,*,#1435,.T.);
#1835=ORIENTED_EDGE('',*,*,#1436,.F.);
#1836=ORIENTED_EDGE('',*,*,#1437,.F.);
#1837=ORIENTED_EDGE('',*,*,#1438,.F.);
#1838=ORIENTED_EDGE('',*,*,#1439,.T.);
#1839=ORIENTED_EDGE('',*,*,#1440,.T.);
#1840=ORIENTED_EDGE('',*,*,#1441,.T.);
#1841=ORIENTED_EDGE('',*,*,#1442,.F.);
#1842=ORIENTED_EDGE('',*,*,#1443,.F.);
#1843=ORIENTED_EDGE('',*,*,#1444,.F.);
#1844=ORIENTED_EDGE('',*,*,#1445,.T.);
#1845=ORIENTED_EDGE('',*,*,#1446,.T.);
#1846=ORIENTED_EDGE('',*,*,#1447,.T.);
#1847=ORIENTED_EDGE('',*,*,#1448,.F.);
#1848=ORIENTED_EDGE('',*,*,#1449,.F.);
#1849=ORIENTED_EDGE('',*,*,#1450,.F.);
#1850=ORIENTED_EDGE('',*,*,#1421,.F.);
#1851=ORIENTED_EDGE('',*,*,#1423,.F.);
#1852=ORIENTED_EDGE('',*,*,#1451,.T.);
#1853=ORIENTED_EDGE('',*,*,#1420,.T.);
#1854=ORIENTED_EDGE('',*,*,#1451,.F.);
#1855=ORIENTED_EDGE('',*,*,#1452,.T.);
#1856=ORIENTED_EDGE('',*,*,#1453,.T.);
#1857=ORIENTED_EDGE('',*,*,#1454,.T.);
#1858=ORIENTED_EDGE('',*,*,#1453,.F.);
#1859=ORIENTED_EDGE('',*,*,#1452,.F.);
#1860=ORIENTED_EDGE('',*,*,#1455,.T.);
#1861=ORIENTED_EDGE('',*,*,#1456,.F.);
#1862=ORIENTED_EDGE('',*,*,#1455,.F.);
#1863=ORIENTED_EDGE('',*,*,#1457,.F.);
#1864=ORIENTED_EDGE('',*,*,#1454,.F.);
#1865=ORIENTED_EDGE('',*,*,#1448,.T.);
#1866=ORIENTED_EDGE('',*,*,#1458,.T.);
#1867=ORIENTED_EDGE('',*,*,#1459,.T.);
#1868=ORIENTED_EDGE('',*,*,#1458,.F.);
#1869=ORIENTED_EDGE('',*,*,#1459,.F.);
#1870=ORIENTED_EDGE('',*,*,#1460,.T.);
#1871=ORIENTED_EDGE('',*,*,#1461,.T.);
#1872=ORIENTED_EDGE('',*,*,#1460,.F.);
#1873=ORIENTED_EDGE('',*,*,#1462,.T.);
#1874=ORIENTED_EDGE('',*,*,#1463,.T.);
#1875=ORIENTED_EDGE('',*,*,#1464,.T.);
#1876=ORIENTED_EDGE('',*,*,#1465,.T.);
#1877=ORIENTED_EDGE('',*,*,#1464,.F.);
#1878=ORIENTED_EDGE('',*,*,#1466,.T.);
#1879=ORIENTED_EDGE('',*,*,#1462,.F.);
#1880=ORIENTED_EDGE('',*,*,#1467,.T.);
#1881=ORIENTED_EDGE('',*,*,#1463,.F.);
#1882=ORIENTED_EDGE('',*,*,#1468,.F.);
#1883=ORIENTED_EDGE('',*,*,#1469,.F.);
#1884=ORIENTED_EDGE('',*,*,#1470,.T.);
#1885=ORIENTED_EDGE('',*,*,#1461,.F.);
#1886=ORIENTED_EDGE('',*,*,#1465,.F.);
#1887=ORIENTED_EDGE('',*,*,#1467,.F.);
#1888=ORIENTED_EDGE('',*,*,#1471,.T.);
#1889=ORIENTED_EDGE('',*,*,#1472,.T.);
#1890=ORIENTED_EDGE('',*,*,#1473,.T.);
#1891=ORIENTED_EDGE('',*,*,#1474,.T.);
#1892=ORIENTED_EDGE('',*,*,#1473,.F.);
#1893=ORIENTED_EDGE('',*,*,#1475,.T.);
#1894=ORIENTED_EDGE('',*,*,#1471,.F.);
#1895=ORIENTED_EDGE('',*,*,#1476,.T.);
#1896=ORIENTED_EDGE('',*,*,#1472,.F.);
#1897=ORIENTED_EDGE('',*,*,#1477,.F.);
#1898=ORIENTED_EDGE('',*,*,#1478,.F.);
#1899=ORIENTED_EDGE('',*,*,#1479,.T.);
#1900=ORIENTED_EDGE('',*,*,#1480,.F.);
#1901=ORIENTED_EDGE('',*,*,#1474,.F.);
#1902=ORIENTED_EDGE('',*,*,#1476,.F.);
#1903=ORIENTED_EDGE('',*,*,#1450,.T.);
#1904=ORIENTED_EDGE('',*,*,#1481,.T.);
#1905=ORIENTED_EDGE('',*,*,#1482,.T.);
#1906=ORIENTED_EDGE('',*,*,#1481,.F.);
#1907=ORIENTED_EDGE('',*,*,#1482,.F.);
#1908=ORIENTED_EDGE('',*,*,#1483,.T.);
#1909=ORIENTED_EDGE('',*,*,#1480,.T.);
#1910=ORIENTED_EDGE('',*,*,#1483,.F.);
#1911=ORIENTED_EDGE('',*,*,#1449,.T.);
#1912=ORIENTED_EDGE('',*,*,#1484,.T.);
#1913=ORIENTED_EDGE('',*,*,#1485,.T.);
#1914=ORIENTED_EDGE('',*,*,#1484,.F.);
#1915=ORIENTED_EDGE('',*,*,#1485,.F.);
#1916=ORIENTED_EDGE('',*,*,#1486,.T.);
#1917=ORIENTED_EDGE('',*,*,#1457,.T.);
#1918=ORIENTED_EDGE('',*,*,#1486,.F.);
#1919=ORIENTED_EDGE('',*,*,#1487,.F.);
#1920=ORIENTED_EDGE('',*,*,#1488,.F.);
#1921=ORIENTED_EDGE('',*,*,#1489,.F.);
#1922=ORIENTED_EDGE('',*,*,#1490,.F.);
#1923=ORIENTED_EDGE('',*,*,#1491,.F.);
#1924=ORIENTED_EDGE('',*,*,#1492,.F.);
#1925=ORIENTED_EDGE('',*,*,#1493,.T.);
#1926=ORIENTED_EDGE('',*,*,#1494,.T.);
#1927=ORIENTED_EDGE('',*,*,#1491,.T.);
#1928=ORIENTED_EDGE('',*,*,#1495,.T.);
#1929=ORIENTED_EDGE('',*,*,#1493,.F.);
#1930=ORIENTED_EDGE('',*,*,#1496,.T.);
#1931=ORIENTED_EDGE('',*,*,#1497,.T.);
#1932=ORIENTED_EDGE('',*,*,#1498,.T.);
#1933=ORIENTED_EDGE('',*,*,#1497,.F.);
#1934=ORIENTED_EDGE('',*,*,#1499,.T.);
#1935=ORIENTED_EDGE('',*,*,#1488,.T.);
#1936=ORIENTED_EDGE('',*,*,#1500,.T.);
#1937=ORIENTED_EDGE('',*,*,#1501,.T.);
#1938=ORIENTED_EDGE('',*,*,#1502,.T.);
#1939=ORIENTED_EDGE('',*,*,#1492,.T.);
#1940=ORIENTED_EDGE('',*,*,#1503,.T.);
#1941=ORIENTED_EDGE('',*,*,#1504,.T.);
#1942=ORIENTED_EDGE('',*,*,#1505,.T.);
#1943=ORIENTED_EDGE('',*,*,#1489,.T.);
#1944=ORIENTED_EDGE('',*,*,#1506,.T.);
#1945=ORIENTED_EDGE('',*,*,#1504,.F.);
#1946=ORIENTED_EDGE('',*,*,#1507,.T.);
#1947=ORIENTED_EDGE('',*,*,#1508,.T.);
#1948=ORIENTED_EDGE('',*,*,#1509,.T.);
#1949=ORIENTED_EDGE('',*,*,#1508,.F.);
#1950=ORIENTED_EDGE('',*,*,#1510,.T.);
#1951=ORIENTED_EDGE('',*,*,#1490,.T.);
#1952=ORIENTED_EDGE('',*,*,#1511,.T.);
#1953=ORIENTED_EDGE('',*,*,#1512,.F.);
#1954=ORIENTED_EDGE('',*,*,#1513,.T.);
#1955=ORIENTED_EDGE('',*,*,#1487,.T.);
#1956=ORIENTED_EDGE('',*,*,#1514,.T.);
#1957=ORIENTED_EDGE('',*,*,#1515,.F.);
#1958=ORIENTED_EDGE('',*,*,#1503,.F.);
#1959=ORIENTED_EDGE('',*,*,#1494,.F.);
#1960=ORIENTED_EDGE('',*,*,#1516,.T.);
#1961=ORIENTED_EDGE('',*,*,#1517,.F.);
#1962=ORIENTED_EDGE('',*,*,#1518,.F.);
#1963=ORIENTED_EDGE('',*,*,#1498,.F.);
#1964=ORIENTED_EDGE('',*,*,#1519,.T.);
#1965=ORIENTED_EDGE('',*,*,#1520,.F.);
#1966=ORIENTED_EDGE('',*,*,#1516,.F.);
#1967=ORIENTED_EDGE('',*,*,#1500,.F.);
#1968=ORIENTED_EDGE('',*,*,#1513,.F.);
#1969=ORIENTED_EDGE('',*,*,#1521,.F.);
#1970=ORIENTED_EDGE('',*,*,#1522,.F.);
#1971=ORIENTED_EDGE('',*,*,#1523,.F.);
#1972=ORIENTED_EDGE('',*,*,#1519,.F.);
#1973=ORIENTED_EDGE('',*,*,#1495,.F.);
#1974=ORIENTED_EDGE('',*,*,#1510,.F.);
#1975=ORIENTED_EDGE('',*,*,#1507,.F.);
#1976=ORIENTED_EDGE('',*,*,#1506,.F.);
#1977=ORIENTED_EDGE('',*,*,#1499,.F.);
#1978=ORIENTED_EDGE('',*,*,#1496,.F.);
#1979=ORIENTED_EDGE('',*,*,#1524,.F.);
#1980=ORIENTED_EDGE('',*,*,#1525,.F.);
#1981=ORIENTED_EDGE('',*,*,#1526,.T.);
#1982=ORIENTED_EDGE('',*,*,#1524,.T.);
#1983=ORIENTED_EDGE('',*,*,#1527,.T.);
#1984=ORIENTED_EDGE('',*,*,#1528,.T.);
#1985=ORIENTED_EDGE('',*,*,#1527,.F.);
#1986=ORIENTED_EDGE('',*,*,#1525,.T.);
#1987=ORIENTED_EDGE('',*,*,#1526,.F.);
#1988=ORIENTED_EDGE('',*,*,#1469,.T.);
#1989=ORIENTED_EDGE('',*,*,#1466,.F.);
#1990=ORIENTED_EDGE('',*,*,#1470,.F.);
#1991=ORIENTED_EDGE('',*,*,#1528,.F.);
#1992=ORIENTED_EDGE('',*,*,#1468,.T.);
#1993=ORIENTED_EDGE('',*,*,#1529,.F.);
#1994=ORIENTED_EDGE('',*,*,#1530,.F.);
#1995=ORIENTED_EDGE('',*,*,#1531,.F.);
#1996=ORIENTED_EDGE('',*,*,#1532,.F.);
#1997=ORIENTED_EDGE('',*,*,#1533,.F.);
#1998=ORIENTED_EDGE('',*,*,#1534,.F.);
#1999=ORIENTED_EDGE('',*,*,#1535,.T.);
#2000=ORIENTED_EDGE('',*,*,#1536,.T.);
#2001=ORIENTED_EDGE('',*,*,#1533,.T.);
#2002=ORIENTED_EDGE('',*,*,#1537,.T.);
#2003=ORIENTED_EDGE('',*,*,#1535,.F.);
#2004=ORIENTED_EDGE('',*,*,#1538,.T.);
#2005=ORIENTED_EDGE('',*,*,#1539,.T.);
#2006=ORIENTED_EDGE('',*,*,#1540,.T.);
#2007=ORIENTED_EDGE('',*,*,#1539,.F.);
#2008=ORIENTED_EDGE('',*,*,#1541,.T.);
#2009=ORIENTED_EDGE('',*,*,#1529,.T.);
#2010=ORIENTED_EDGE('',*,*,#1542,.T.);
#2011=ORIENTED_EDGE('',*,*,#1543,.F.);
#2012=ORIENTED_EDGE('',*,*,#1544,.T.);
#2013=ORIENTED_EDGE('',*,*,#1534,.T.);
#2014=ORIENTED_EDGE('',*,*,#1545,.T.);
#2015=ORIENTED_EDGE('',*,*,#1546,.T.);
#2016=ORIENTED_EDGE('',*,*,#1547,.T.);
#2017=ORIENTED_EDGE('',*,*,#1532,.T.);
#2018=ORIENTED_EDGE('',*,*,#1548,.T.);
#2019=ORIENTED_EDGE('',*,*,#1549,.T.);
#2020=ORIENTED_EDGE('',*,*,#1550,.T.);
#2021=ORIENTED_EDGE('',*,*,#1546,.F.);
#2022=ORIENTED_EDGE('',*,*,#1551,.T.);
#2023=ORIENTED_EDGE('',*,*,#1549,.F.);
#2024=ORIENTED_EDGE('',*,*,#1552,.T.);
#2025=ORIENTED_EDGE('',*,*,#1530,.T.);
#2026=ORIENTED_EDGE('',*,*,#1553,.T.);
#2027=ORIENTED_EDGE('',*,*,#1554,.T.);
#2028=ORIENTED_EDGE('',*,*,#1555,.T.);
#2029=ORIENTED_EDGE('',*,*,#1531,.T.);
#2030=ORIENTED_EDGE('',*,*,#1556,.T.);
#2031=ORIENTED_EDGE('',*,*,#1545,.F.);
#2032=ORIENTED_EDGE('',*,*,#1536,.F.);
#2033=ORIENTED_EDGE('',*,*,#1557,.T.);
#2034=ORIENTED_EDGE('',*,*,#1427,.F.);
#2035=ORIENTED_EDGE('',*,*,#1558,.T.);
#2036=ORIENTED_EDGE('',*,*,#1559,.T.);
#2037=ORIENTED_EDGE('',*,*,#1560,.T.);
#2038=ORIENTED_EDGE('',*,*,#1540,.F.);
#2039=ORIENTED_EDGE('',*,*,#1561,.T.);
#2040=ORIENTED_EDGE('',*,*,#1428,.F.);
#2041=ORIENTED_EDGE('',*,*,#1557,.F.);
#2042=ORIENTED_EDGE('',*,*,#1542,.F.);
#2043=ORIENTED_EDGE('',*,*,#1555,.F.);
#2044=ORIENTED_EDGE('',*,*,#1562,.T.);
#2045=ORIENTED_EDGE('',*,*,#1563,.T.);
#2046=ORIENTED_EDGE('',*,*,#1564,.T.);
#2047=ORIENTED_EDGE('',*,*,#1429,.F.);
#2048=ORIENTED_EDGE('',*,*,#1561,.F.);
#2049=ORIENTED_EDGE('',*,*,#1537,.F.);
#2050=ORIENTED_EDGE('',*,*,#1547,.F.);
#2051=ORIENTED_EDGE('',*,*,#1550,.F.);
#2052=ORIENTED_EDGE('',*,*,#1553,.F.);
#2053=ORIENTED_EDGE('',*,*,#1541,.F.);
#2054=ORIENTED_EDGE('',*,*,#1538,.F.);
#2055=ORIENTED_EDGE('',*,*,#1565,.F.);
#2056=ORIENTED_EDGE('',*,*,#1566,.F.);
#2057=ORIENTED_EDGE('',*,*,#1567,.T.);
#2058=ORIENTED_EDGE('',*,*,#1565,.T.);
#2059=ORIENTED_EDGE('',*,*,#1568,.T.);
#2060=ORIENTED_EDGE('',*,*,#1569,.T.);
#2061=ORIENTED_EDGE('',*,*,#1568,.F.);
#2062=ORIENTED_EDGE('',*,*,#1566,.T.);
#2063=ORIENTED_EDGE('',*,*,#1567,.F.);
#2064=ORIENTED_EDGE('',*,*,#1478,.T.);
#2065=ORIENTED_EDGE('',*,*,#1475,.F.);
#2066=ORIENTED_EDGE('',*,*,#1479,.F.);
#2067=ORIENTED_EDGE('',*,*,#1569,.F.);
#2068=ORIENTED_EDGE('',*,*,#1477,.T.);
#2069=ORIENTED_EDGE('',*,*,#1570,.F.);
#2070=ORIENTED_EDGE('',*,*,#1571,.F.);
#2071=ORIENTED_EDGE('',*,*,#1572,.F.);
#2072=ORIENTED_EDGE('',*,*,#1573,.F.);
#2073=ORIENTED_EDGE('',*,*,#1574,.F.);
#2074=ORIENTED_EDGE('',*,*,#1575,.F.);
#2075=ORIENTED_EDGE('',*,*,#1576,.T.);
#2076=ORIENTED_EDGE('',*,*,#1577,.T.);
#2077=ORIENTED_EDGE('',*,*,#1574,.T.);
#2078=ORIENTED_EDGE('',*,*,#1578,.T.);
#2079=ORIENTED_EDGE('',*,*,#1576,.F.);
#2080=ORIENTED_EDGE('',*,*,#1579,.T.);
#2081=ORIENTED_EDGE('',*,*,#1580,.T.);
#2082=ORIENTED_EDGE('',*,*,#1581,.T.);
#2083=ORIENTED_EDGE('',*,*,#1580,.F.);
#2084=ORIENTED_EDGE('',*,*,#1582,.T.);
#2085=ORIENTED_EDGE('',*,*,#1570,.T.);
#2086=ORIENTED_EDGE('',*,*,#1583,.T.);
#2087=ORIENTED_EDGE('',*,*,#1584,.F.);
#2088=ORIENTED_EDGE('',*,*,#1585,.T.);
#2089=ORIENTED_EDGE('',*,*,#1575,.T.);
#2090=ORIENTED_EDGE('',*,*,#1586,.T.);
#2091=ORIENTED_EDGE('',*,*,#1587,.T.);
#2092=ORIENTED_EDGE('',*,*,#1588,.T.);
#2093=ORIENTED_EDGE('',*,*,#1571,.T.);
#2094=ORIENTED_EDGE('',*,*,#1589,.T.);
#2095=ORIENTED_EDGE('',*,*,#1587,.F.);
#2096=ORIENTED_EDGE('',*,*,#1590,.T.);
#2097=ORIENTED_EDGE('',*,*,#1591,.T.);
#2098=ORIENTED_EDGE('',*,*,#1592,.T.);
#2099=ORIENTED_EDGE('',*,*,#1591,.F.);
#2100=ORIENTED_EDGE('',*,*,#1593,.T.);
#2101=ORIENTED_EDGE('',*,*,#1573,.T.);
#2102=ORIENTED_EDGE('',*,*,#1594,.T.);
#2103=ORIENTED_EDGE('',*,*,#1595,.T.);
#2104=ORIENTED_EDGE('',*,*,#1596,.T.);
#2105=ORIENTED_EDGE('',*,*,#1572,.T.);
#2106=ORIENTED_EDGE('',*,*,#1597,.T.);
#2107=ORIENTED_EDGE('',*,*,#1586,.F.);
#2108=ORIENTED_EDGE('',*,*,#1577,.F.);
#2109=ORIENTED_EDGE('',*,*,#1598,.T.);
#2110=ORIENTED_EDGE('',*,*,#1445,.F.);
#2111=ORIENTED_EDGE('',*,*,#1599,.T.);
#2112=ORIENTED_EDGE('',*,*,#1600,.T.);
#2113=ORIENTED_EDGE('',*,*,#1601,.T.);
#2114=ORIENTED_EDGE('',*,*,#1581,.F.);
#2115=ORIENTED_EDGE('',*,*,#1602,.T.);
#2116=ORIENTED_EDGE('',*,*,#1446,.F.);
#2117=ORIENTED_EDGE('',*,*,#1598,.F.);
#2118=ORIENTED_EDGE('',*,*,#1583,.F.);
#2119=ORIENTED_EDGE('',*,*,#1596,.F.);
#2120=ORIENTED_EDGE('',*,*,#1603,.T.);
#2121=ORIENTED_EDGE('',*,*,#1604,.T.);
#2122=ORIENTED_EDGE('',*,*,#1605,.T.);
#2123=ORIENTED_EDGE('',*,*,#1447,.F.);
#2124=ORIENTED_EDGE('',*,*,#1602,.F.);
#2125=ORIENTED_EDGE('',*,*,#1578,.F.);
#2126=ORIENTED_EDGE('',*,*,#1593,.F.);
#2127=ORIENTED_EDGE('',*,*,#1590,.F.);
#2128=ORIENTED_EDGE('',*,*,#1589,.F.);
#2129=ORIENTED_EDGE('',*,*,#1582,.F.);
#2130=ORIENTED_EDGE('',*,*,#1579,.F.);
#2131=ORIENTED_EDGE('',*,*,#1606,.F.);
#2132=ORIENTED_EDGE('',*,*,#1606,.T.);
#2133=ORIENTED_EDGE('',*,*,#1607,.T.);
#2134=ORIENTED_EDGE('',*,*,#1456,.T.);
#2135=ORIENTED_EDGE('',*,*,#1607,.F.);
#2136=ORIENTED_EDGE('',*,*,#1608,.F.);
#2137=ORIENTED_EDGE('',*,*,#1609,.F.);
#2138=ORIENTED_EDGE('',*,*,#1610,.F.);
#2139=ORIENTED_EDGE('',*,*,#1611,.F.);
#2140=ORIENTED_EDGE('',*,*,#1612,.F.);
#2141=ORIENTED_EDGE('',*,*,#1613,.F.);
#2142=ORIENTED_EDGE('',*,*,#1614,.T.);
#2143=ORIENTED_EDGE('',*,*,#1615,.T.);
#2144=ORIENTED_EDGE('',*,*,#1612,.T.);
#2145=ORIENTED_EDGE('',*,*,#1616,.T.);
#2146=ORIENTED_EDGE('',*,*,#1614,.F.);
#2147=ORIENTED_EDGE('',*,*,#1617,.T.);
#2148=ORIENTED_EDGE('',*,*,#1618,.T.);
#2149=ORIENTED_EDGE('',*,*,#1619,.T.);
#2150=ORIENTED_EDGE('',*,*,#1618,.F.);
#2151=ORIENTED_EDGE('',*,*,#1620,.T.);
#2152=ORIENTED_EDGE('',*,*,#1608,.T.);
#2153=ORIENTED_EDGE('',*,*,#1621,.T.);
#2154=ORIENTED_EDGE('',*,*,#1622,.F.);
#2155=ORIENTED_EDGE('',*,*,#1623,.T.);
#2156=ORIENTED_EDGE('',*,*,#1613,.T.);
#2157=ORIENTED_EDGE('',*,*,#1624,.T.);
#2158=ORIENTED_EDGE('',*,*,#1625,.T.);
#2159=ORIENTED_EDGE('',*,*,#1626,.T.);
#2160=ORIENTED_EDGE('',*,*,#1611,.T.);
#2161=ORIENTED_EDGE('',*,*,#1627,.T.);
#2162=ORIENTED_EDGE('',*,*,#1628,.T.);
#2163=ORIENTED_EDGE('',*,*,#1629,.T.);
#2164=ORIENTED_EDGE('',*,*,#1625,.F.);
#2165=ORIENTED_EDGE('',*,*,#1630,.T.);
#2166=ORIENTED_EDGE('',*,*,#1628,.F.);
#2167=ORIENTED_EDGE('',*,*,#1631,.T.);
#2168=ORIENTED_EDGE('',*,*,#1609,.T.);
#2169=ORIENTED_EDGE('',*,*,#1632,.T.);
#2170=ORIENTED_EDGE('',*,*,#1633,.T.);
#2171=ORIENTED_EDGE('',*,*,#1634,.T.);
#2172=ORIENTED_EDGE('',*,*,#1610,.T.);
#2173=ORIENTED_EDGE('',*,*,#1635,.T.);
#2174=ORIENTED_EDGE('',*,*,#1624,.F.);
#2175=ORIENTED_EDGE('',*,*,#1615,.F.);
#2176=ORIENTED_EDGE('',*,*,#1636,.T.);
#2177=ORIENTED_EDGE('',*,*,#1439,.F.);
#2178=ORIENTED_EDGE('',*,*,#1637,.T.);
#2179=ORIENTED_EDGE('',*,*,#1638,.T.);
#2180=ORIENTED_EDGE('',*,*,#1639,.T.);
#2181=ORIENTED_EDGE('',*,*,#1619,.F.);
#2182=ORIENTED_EDGE('',*,*,#1640,.T.);
#2183=ORIENTED_EDGE('',*,*,#1440,.F.);
#2184=ORIENTED_EDGE('',*,*,#1636,.F.);
#2185=ORIENTED_EDGE('',*,*,#1621,.F.);
#2186=ORIENTED_EDGE('',*,*,#1634,.F.);
#2187=ORIENTED_EDGE('',*,*,#1641,.T.);
#2188=ORIENTED_EDGE('',*,*,#1642,.T.);
#2189=ORIENTED_EDGE('',*,*,#1643,.T.);
#2190=ORIENTED_EDGE('',*,*,#1441,.F.);
#2191=ORIENTED_EDGE('',*,*,#1640,.F.);
#2192=ORIENTED_EDGE('',*,*,#1616,.F.);
#2193=ORIENTED_EDGE('',*,*,#1626,.F.);
#2194=ORIENTED_EDGE('',*,*,#1629,.F.);
#2195=ORIENTED_EDGE('',*,*,#1632,.F.);
#2196=ORIENTED_EDGE('',*,*,#1620,.F.);
#2197=ORIENTED_EDGE('',*,*,#1617,.F.);
#2198=ORIENTED_EDGE('',*,*,#1644,.F.);
#2199=ORIENTED_EDGE('',*,*,#1644,.T.);
#2200=ORIENTED_EDGE('',*,*,#1645,.T.);
#2201=ORIENTED_EDGE('',*,*,#1419,.T.);
#2202=ORIENTED_EDGE('',*,*,#1645,.F.);
#2203=ORIENTED_EDGE('',*,*,#1646,.F.);
#2204=ORIENTED_EDGE('',*,*,#1647,.T.);
#2205=ORIENTED_EDGE('',*,*,#1648,.T.);
#2206=ORIENTED_EDGE('',*,*,#1649,.T.);
#2207=ORIENTED_EDGE('',*,*,#1650,.T.);
#2208=ORIENTED_EDGE('',*,*,#1651,.T.);
#2209=ORIENTED_EDGE('',*,*,#1652,.T.);
#2210=ORIENTED_EDGE('',*,*,#1653,.T.);
#2211=ORIENTED_EDGE('',*,*,#1654,.T.);
#2212=ORIENTED_EDGE('',*,*,#1655,.T.);
#2213=ORIENTED_EDGE('',*,*,#1656,.T.);
#2214=ORIENTED_EDGE('',*,*,#1657,.T.);
#2215=ORIENTED_EDGE('',*,*,#1658,.T.);
#2216=ORIENTED_EDGE('',*,*,#1659,.T.);
#2217=ORIENTED_EDGE('',*,*,#1518,.T.);
#2218=ORIENTED_EDGE('',*,*,#1660,.F.);
#2219=ORIENTED_EDGE('',*,*,#1660,.T.);
#2220=ORIENTED_EDGE('',*,*,#1517,.T.);
#2221=ORIENTED_EDGE('',*,*,#1520,.T.);
#2222=ORIENTED_EDGE('',*,*,#1523,.T.);
#2223=ORIENTED_EDGE('',*,*,#1661,.T.);
#2224=ORIENTED_EDGE('',*,*,#1662,.T.);
#2225=ORIENTED_EDGE('',*,*,#1663,.T.);
#2226=ORIENTED_EDGE('',*,*,#1664,.T.);
#2227=ORIENTED_EDGE('',*,*,#1665,.T.);
#2228=ORIENTED_EDGE('',*,*,#1666,.T.);
#2229=ORIENTED_EDGE('',*,*,#1667,.T.);
#2230=ORIENTED_EDGE('',*,*,#1668,.T.);
#2231=ORIENTED_EDGE('',*,*,#1669,.T.);
#2232=ORIENTED_EDGE('',*,*,#1670,.T.);
#2233=ORIENTED_EDGE('',*,*,#1671,.T.);
#2234=ORIENTED_EDGE('',*,*,#1672,.T.);
#2235=ORIENTED_EDGE('',*,*,#1502,.F.);
#2236=ORIENTED_EDGE('',*,*,#1673,.T.);
#2237=ORIENTED_EDGE('',*,*,#1674,.T.);
#2238=ORIENTED_EDGE('',*,*,#1675,.T.);
#2239=ORIENTED_EDGE('',*,*,#1435,.F.);
#2240=ORIENTED_EDGE('',*,*,#1676,.F.);
#2241=ORIENTED_EDGE('',*,*,#1511,.F.);
#2242=ORIENTED_EDGE('',*,*,#1677,.F.);
#2243=ORIENTED_EDGE('',*,*,#1678,.T.);
#2244=ORIENTED_EDGE('',*,*,#1679,.T.);
#2245=ORIENTED_EDGE('',*,*,#1680,.T.);
#2246=ORIENTED_EDGE('',*,*,#1681,.T.);
#2247=ORIENTED_EDGE('',*,*,#1682,.T.);
#2248=ORIENTED_EDGE('',*,*,#1683,.T.);
#2249=ORIENTED_EDGE('',*,*,#1684,.T.);
#2250=ORIENTED_EDGE('',*,*,#1685,.T.);
#2251=ORIENTED_EDGE('',*,*,#1686,.T.);
#2252=ORIENTED_EDGE('',*,*,#1687,.T.);
#2253=ORIENTED_EDGE('',*,*,#1688,.T.);
#2254=ORIENTED_EDGE('',*,*,#1689,.T.);
#2255=ORIENTED_EDGE('',*,*,#1690,.T.);
#2256=ORIENTED_EDGE('',*,*,#1691,.T.);
#2257=ORIENTED_EDGE('',*,*,#1665,.F.);
#2258=ORIENTED_EDGE('',*,*,#1692,.F.);
#2259=ORIENTED_EDGE('',*,*,#1646,.T.);
#2260=ORIENTED_EDGE('',*,*,#1672,.F.);
#2261=ORIENTED_EDGE('',*,*,#1693,.F.);
#2262=ORIENTED_EDGE('',*,*,#1627,.F.);
#2263=ORIENTED_EDGE('',*,*,#1623,.F.);
#2264=ORIENTED_EDGE('',*,*,#1630,.F.);
#2265=ORIENTED_EDGE('',*,*,#1693,.T.);
#2266=ORIENTED_EDGE('',*,*,#1671,.F.);
#2267=ORIENTED_EDGE('',*,*,#1694,.F.);
#2268=ORIENTED_EDGE('',*,*,#1631,.F.);
#2269=ORIENTED_EDGE('',*,*,#1694,.T.);
#2270=ORIENTED_EDGE('',*,*,#1670,.F.);
#2271=ORIENTED_EDGE('',*,*,#1695,.F.);
#2272=ORIENTED_EDGE('',*,*,#1696,.F.);
#2273=ORIENTED_EDGE('',*,*,#1635,.F.);
#2274=ORIENTED_EDGE('',*,*,#1695,.T.);
#2275=ORIENTED_EDGE('',*,*,#1669,.F.);
#2276=ORIENTED_EDGE('',*,*,#1697,.T.);
#2277=ORIENTED_EDGE('',*,*,#1698,.T.);
#2278=ORIENTED_EDGE('',*,*,#1522,.T.);
#2279=ORIENTED_EDGE('',*,*,#1699,.T.);
#2280=ORIENTED_EDGE('',*,*,#1700,.T.);
#2281=ORIENTED_EDGE('',*,*,#1661,.F.);
#2282=ORIENTED_EDGE('',*,*,#1701,.F.);
#2283=ORIENTED_EDGE('',*,*,#1697,.F.);
#2284=ORIENTED_EDGE('',*,*,#1668,.F.);
#2285=ORIENTED_EDGE('',*,*,#1702,.F.);
#2286=ORIENTED_EDGE('',*,*,#1594,.F.);
#2287=ORIENTED_EDGE('',*,*,#1585,.F.);
#2288=ORIENTED_EDGE('',*,*,#1592,.F.);
#2289=ORIENTED_EDGE('',*,*,#1702,.T.);
#2290=ORIENTED_EDGE('',*,*,#1667,.F.);
#2291=ORIENTED_EDGE('',*,*,#1703,.F.);
#2292=ORIENTED_EDGE('',*,*,#1588,.F.);
#2293=ORIENTED_EDGE('',*,*,#1703,.T.);
#2294=ORIENTED_EDGE('',*,*,#1666,.F.);
#2295=ORIENTED_EDGE('',*,*,#1691,.F.);
#2296=ORIENTED_EDGE('',*,*,#1704,.F.);
#2297=ORIENTED_EDGE('',*,*,#1597,.F.);
#2298=ORIENTED_EDGE('',*,*,#1705,.F.);
#2299=ORIENTED_EDGE('',*,*,#1677,.T.);
#2300=ORIENTED_EDGE('',*,*,#1664,.F.);
#2301=ORIENTED_EDGE('',*,*,#1706,.F.);
#2302=ORIENTED_EDGE('',*,*,#1548,.F.);
#2303=ORIENTED_EDGE('',*,*,#1544,.F.);
#2304=ORIENTED_EDGE('',*,*,#1551,.F.);
#2305=ORIENTED_EDGE('',*,*,#1706,.T.);
#2306=ORIENTED_EDGE('',*,*,#1663,.F.);
#2307=ORIENTED_EDGE('',*,*,#1707,.F.);
#2308=ORIENTED_EDGE('',*,*,#1552,.F.);
#2309=ORIENTED_EDGE('',*,*,#1707,.T.);
#2310=ORIENTED_EDGE('',*,*,#1662,.F.);
#2311=ORIENTED_EDGE('',*,*,#1700,.F.);
#2312=ORIENTED_EDGE('',*,*,#1708,.F.);
#2313=ORIENTED_EDGE('',*,*,#1556,.F.);
#2314=ORIENTED_EDGE('',*,*,#1709,.F.);
#2315=ORIENTED_EDGE('',*,*,#1710,.F.);
#2316=ORIENTED_EDGE('',*,*,#1711,.F.);
#2317=ORIENTED_EDGE('',*,*,#1654,.F.);
#2318=ORIENTED_EDGE('',*,*,#1712,.F.);
#2319=ORIENTED_EDGE('',*,*,#1713,.F.);
#2320=ORIENTED_EDGE('',*,*,#1683,.F.);
#2321=ORIENTED_EDGE('',*,*,#1714,.F.);
#2322=ORIENTED_EDGE('',*,*,#1715,.F.);
#2323=ORIENTED_EDGE('',*,*,#1716,.F.);
#2324=ORIENTED_EDGE('',*,*,#1717,.T.);
#2325=ORIENTED_EDGE('',*,*,#1652,.F.);
#2326=ORIENTED_EDGE('',*,*,#1717,.F.);
#2327=ORIENTED_EDGE('',*,*,#1718,.F.);
#2328=ORIENTED_EDGE('',*,*,#1709,.T.);
#2329=ORIENTED_EDGE('',*,*,#1653,.F.);
#2330=ORIENTED_EDGE('',*,*,#1719,.F.);
#2331=ORIENTED_EDGE('',*,*,#1720,.T.);
#2332=ORIENTED_EDGE('',*,*,#1685,.F.);
#2333=ORIENTED_EDGE('',*,*,#1721,.T.);
#2334=ORIENTED_EDGE('',*,*,#1722,.F.);
#2335=ORIENTED_EDGE('',*,*,#1721,.F.);
#2336=ORIENTED_EDGE('',*,*,#1684,.F.);
#2337=ORIENTED_EDGE('',*,*,#1713,.T.);
#2338=ORIENTED_EDGE('',*,*,#1723,.F.);
#2339=ORIENTED_EDGE('',*,*,#1724,.F.);
#2340=ORIENTED_EDGE('',*,*,#1725,.F.);
#2341=ORIENTED_EDGE('',*,*,#1656,.F.);
#2342=ORIENTED_EDGE('',*,*,#1726,.F.);
#2343=ORIENTED_EDGE('',*,*,#1727,.F.);
#2344=ORIENTED_EDGE('',*,*,#1728,.F.);
#2345=ORIENTED_EDGE('',*,*,#1681,.F.);
#2346=ORIENTED_EDGE('',*,*,#1729,.F.);
#2347=ORIENTED_EDGE('',*,*,#1730,.F.);
#2348=ORIENTED_EDGE('',*,*,#1731,.F.);
#2349=ORIENTED_EDGE('',*,*,#1658,.F.);
#2350=ORIENTED_EDGE('',*,*,#1725,.T.);
#2351=ORIENTED_EDGE('',*,*,#1732,.F.);
#2352=ORIENTED_EDGE('',*,*,#1729,.T.);
#2353=ORIENTED_EDGE('',*,*,#1657,.F.);
#2354=ORIENTED_EDGE('',*,*,#1733,.T.);
#2355=ORIENTED_EDGE('',*,*,#1734,.F.);
#2356=ORIENTED_EDGE('',*,*,#1726,.T.);
#2357=ORIENTED_EDGE('',*,*,#1680,.F.);
#2358=ORIENTED_EDGE('',*,*,#1735,.F.);
#2359=ORIENTED_EDGE('',*,*,#1736,.F.);
#2360=ORIENTED_EDGE('',*,*,#1733,.F.);
#2361=ORIENTED_EDGE('',*,*,#1679,.F.);
#2362=ORIENTED_EDGE('',*,*,#1737,.F.);
#2363=ORIENTED_EDGE('',*,*,#1738,.T.);
#2364=ORIENTED_EDGE('',*,*,#1650,.F.);
#2365=ORIENTED_EDGE('',*,*,#1739,.T.);
#2366=ORIENTED_EDGE('',*,*,#1740,.F.);
#2367=ORIENTED_EDGE('',*,*,#1741,.T.);
#2368=ORIENTED_EDGE('',*,*,#1687,.F.);
#2369=ORIENTED_EDGE('',*,*,#1742,.F.);
#2370=ORIENTED_EDGE('',*,*,#1743,.F.);
#2371=ORIENTED_EDGE('',*,*,#1744,.T.);
#2372=ORIENTED_EDGE('',*,*,#1648,.F.);
#2373=ORIENTED_EDGE('',*,*,#1745,.F.);
#2374=ORIENTED_EDGE('',*,*,#1746,.F.);
#2375=ORIENTED_EDGE('',*,*,#1739,.F.);
#2376=ORIENTED_EDGE('',*,*,#1649,.F.);
#2377=ORIENTED_EDGE('',*,*,#1744,.F.);
#2378=ORIENTED_EDGE('',*,*,#1747,.F.);
#2379=ORIENTED_EDGE('',*,*,#1748,.T.);
#2380=ORIENTED_EDGE('',*,*,#1689,.F.);
#2381=ORIENTED_EDGE('',*,*,#1749,.T.);
#2382=ORIENTED_EDGE('',*,*,#1750,.F.);
#2383=ORIENTED_EDGE('',*,*,#1749,.F.);
#2384=ORIENTED_EDGE('',*,*,#1688,.F.);
#2385=ORIENTED_EDGE('',*,*,#1741,.F.);
#2386=ORIENTED_EDGE('',*,*,#1731,.T.);
#2387=ORIENTED_EDGE('',*,*,#1751,.T.);
#2388=ORIENTED_EDGE('',*,*,#1752,.T.);
#2389=ORIENTED_EDGE('',*,*,#1673,.F.);
#2390=ORIENTED_EDGE('',*,*,#1501,.F.);
#2391=ORIENTED_EDGE('',*,*,#1515,.T.);
#2392=ORIENTED_EDGE('',*,*,#1659,.F.);
#2393=ORIENTED_EDGE('',*,*,#1720,.F.);
#2394=ORIENTED_EDGE('',*,*,#1753,.T.);
#2395=ORIENTED_EDGE('',*,*,#1742,.T.);
#2396=ORIENTED_EDGE('',*,*,#1686,.F.);
#2397=ORIENTED_EDGE('',*,*,#1714,.T.);
#2398=ORIENTED_EDGE('',*,*,#1682,.F.);
#2399=ORIENTED_EDGE('',*,*,#1728,.T.);
#2400=ORIENTED_EDGE('',*,*,#1754,.T.);
#2401=ORIENTED_EDGE('',*,*,#1715,.T.);
#2402=ORIENTED_EDGE('',*,*,#1651,.F.);
#2403=ORIENTED_EDGE('',*,*,#1738,.F.);
#2404=ORIENTED_EDGE('',*,*,#1755,.T.);
#2405=ORIENTED_EDGE('',*,*,#1711,.T.);
#2406=ORIENTED_EDGE('',*,*,#1756,.T.);
#2407=ORIENTED_EDGE('',*,*,#1723,.T.);
#2408=ORIENTED_EDGE('',*,*,#1655,.F.);
#2409=ORIENTED_EDGE('',*,*,#1710,.T.);
#2410=ORIENTED_EDGE('',*,*,#1718,.T.);
#2411=ORIENTED_EDGE('',*,*,#1716,.T.);
#2412=ORIENTED_EDGE('',*,*,#1755,.F.);
#2413=ORIENTED_EDGE('',*,*,#1737,.T.);
#2414=ORIENTED_EDGE('',*,*,#1746,.T.);
#2415=ORIENTED_EDGE('',*,*,#1743,.T.);
#2416=ORIENTED_EDGE('',*,*,#1757,.F.);
#2417=ORIENTED_EDGE('',*,*,#1758,.F.);
#2418=ORIENTED_EDGE('',*,*,#1759,.F.);
#2419=ORIENTED_EDGE('',*,*,#1760,.F.);
#2420=ORIENTED_EDGE('',*,*,#1761,.F.);
#2421=ORIENTED_EDGE('',*,*,#1762,.F.);
#2422=ORIENTED_EDGE('',*,*,#1751,.F.);
#2423=ORIENTED_EDGE('',*,*,#1730,.T.);
#2424=ORIENTED_EDGE('',*,*,#1732,.T.);
#2425=ORIENTED_EDGE('',*,*,#1724,.T.);
#2426=ORIENTED_EDGE('',*,*,#1756,.F.);
#2427=ORIENTED_EDGE('',*,*,#1745,.T.);
#2428=ORIENTED_EDGE('',*,*,#1647,.F.);
#2429=ORIENTED_EDGE('',*,*,#1692,.T.);
#2430=ORIENTED_EDGE('',*,*,#1622,.T.);
#2431=ORIENTED_EDGE('',*,*,#1639,.F.);
#2432=ORIENTED_EDGE('',*,*,#1763,.F.);
#2433=ORIENTED_EDGE('',*,*,#1757,.T.);
#2434=ORIENTED_EDGE('',*,*,#1735,.T.);
#2435=ORIENTED_EDGE('',*,*,#1678,.F.);
#2436=ORIENTED_EDGE('',*,*,#1705,.T.);
#2437=ORIENTED_EDGE('',*,*,#1543,.T.);
#2438=ORIENTED_EDGE('',*,*,#1560,.F.);
#2439=ORIENTED_EDGE('',*,*,#1764,.T.);
#2440=ORIENTED_EDGE('',*,*,#1765,.T.);
#2441=ORIENTED_EDGE('',*,*,#1766,.F.);
#2442=ORIENTED_EDGE('',*,*,#1758,.T.);
#2443=ORIENTED_EDGE('',*,*,#1763,.T.);
#2444=ORIENTED_EDGE('',*,*,#1638,.F.);
#2445=ORIENTED_EDGE('',*,*,#1767,.T.);
#2446=ORIENTED_EDGE('',*,*,#1768,.T.);
#2447=ORIENTED_EDGE('',*,*,#1764,.F.);
#2448=ORIENTED_EDGE('',*,*,#1559,.F.);
#2449=ORIENTED_EDGE('',*,*,#1766,.T.);
#2450=ORIENTED_EDGE('',*,*,#1637,.F.);
#2451=ORIENTED_EDGE('',*,*,#1438,.T.);
#2452=ORIENTED_EDGE('',*,*,#1769,.T.);
#2453=ORIENTED_EDGE('',*,*,#1759,.T.);
#2454=ORIENTED_EDGE('',*,*,#1767,.F.);
#2455=ORIENTED_EDGE('',*,*,#1558,.F.);
#2456=ORIENTED_EDGE('',*,*,#1426,.T.);
#2457=ORIENTED_EDGE('',*,*,#1770,.T.);
#2458=ORIENTED_EDGE('',*,*,#1771,.T.);
#2459=ORIENTED_EDGE('',*,*,#1505,.F.);
#2460=ORIENTED_EDGE('',*,*,#1772,.T.);
#2461=ORIENTED_EDGE('',*,*,#1433,.F.);
#2462=ORIENTED_EDGE('',*,*,#1773,.T.);
#2463=ORIENTED_EDGE('',*,*,#1774,.T.);
#2464=ORIENTED_EDGE('',*,*,#1775,.T.);
#2465=ORIENTED_EDGE('',*,*,#1514,.F.);
#2466=ORIENTED_EDGE('',*,*,#1509,.F.);
#2467=ORIENTED_EDGE('',*,*,#1676,.T.);
#2468=ORIENTED_EDGE('',*,*,#1434,.F.);
#2469=ORIENTED_EDGE('',*,*,#1772,.F.);
#2470=ORIENTED_EDGE('',*,*,#1776,.T.);
#2471=ORIENTED_EDGE('',*,*,#1777,.T.);
#2472=ORIENTED_EDGE('',*,*,#1778,.F.);
#2473=ORIENTED_EDGE('',*,*,#1604,.F.);
#2474=ORIENTED_EDGE('',*,*,#1748,.F.);
#2475=ORIENTED_EDGE('',*,*,#1779,.T.);
#2476=ORIENTED_EDGE('',*,*,#1776,.F.);
#2477=ORIENTED_EDGE('',*,*,#1603,.F.);
#2478=ORIENTED_EDGE('',*,*,#1595,.F.);
#2479=ORIENTED_EDGE('',*,*,#1704,.T.);
#2480=ORIENTED_EDGE('',*,*,#1690,.F.);
#2481=ORIENTED_EDGE('',*,*,#1778,.T.);
#2482=ORIENTED_EDGE('',*,*,#1780,.T.);
#2483=ORIENTED_EDGE('',*,*,#1781,.T.);
#2484=ORIENTED_EDGE('',*,*,#1424,.T.);
#2485=ORIENTED_EDGE('',*,*,#1605,.F.);
#2486=ORIENTED_EDGE('',*,*,#1712,.T.);
#2487=ORIENTED_EDGE('',*,*,#1754,.F.);
#2488=ORIENTED_EDGE('',*,*,#1727,.T.);
#2489=ORIENTED_EDGE('',*,*,#1734,.T.);
#2490=ORIENTED_EDGE('',*,*,#1736,.T.);
#2491=ORIENTED_EDGE('',*,*,#1765,.F.);
#2492=ORIENTED_EDGE('',*,*,#1768,.F.);
#2493=ORIENTED_EDGE('',*,*,#1771,.F.);
#2494=ORIENTED_EDGE('',*,*,#1782,.F.);
#2495=ORIENTED_EDGE('',*,*,#1780,.F.);
#2496=ORIENTED_EDGE('',*,*,#1777,.F.);
#2497=ORIENTED_EDGE('',*,*,#1779,.F.);
#2498=ORIENTED_EDGE('',*,*,#1747,.T.);
#2499=ORIENTED_EDGE('',*,*,#1750,.T.);
#2500=ORIENTED_EDGE('',*,*,#1740,.T.);
#2501=ORIENTED_EDGE('',*,*,#1753,.F.);
#2502=ORIENTED_EDGE('',*,*,#1719,.T.);
#2503=ORIENTED_EDGE('',*,*,#1722,.T.);
#2504=ORIENTED_EDGE('',*,*,#1781,.F.);
#2505=ORIENTED_EDGE('',*,*,#1782,.T.);
#2506=ORIENTED_EDGE('',*,*,#1770,.F.);
#2507=ORIENTED_EDGE('',*,*,#1425,.T.);
#2508=ORIENTED_EDGE('',*,*,#1769,.F.);
#2509=ORIENTED_EDGE('',*,*,#1437,.T.);
#2510=ORIENTED_EDGE('',*,*,#1783,.F.);
#2511=ORIENTED_EDGE('',*,*,#1760,.T.);
#2512=ORIENTED_EDGE('',*,*,#1752,.F.);
#2513=ORIENTED_EDGE('',*,*,#1762,.T.);
#2514=ORIENTED_EDGE('',*,*,#1784,.T.);
#2515=ORIENTED_EDGE('',*,*,#1674,.F.);
#2516=ORIENTED_EDGE('',*,*,#1784,.F.);
#2517=ORIENTED_EDGE('',*,*,#1761,.T.);
#2518=ORIENTED_EDGE('',*,*,#1783,.T.);
#2519=ORIENTED_EDGE('',*,*,#1436,.T.);
#2520=ORIENTED_EDGE('',*,*,#1675,.F.);
#2521=ORIENTED_EDGE('',*,*,#1785,.F.);
#2522=ORIENTED_EDGE('',*,*,#1431,.T.);
#2523=ORIENTED_EDGE('',*,*,#1786,.F.);
#2524=ORIENTED_EDGE('',*,*,#1787,.T.);
#2525=ORIENTED_EDGE('',*,*,#1788,.F.);
#2526=ORIENTED_EDGE('',*,*,#1787,.F.);
#2527=ORIENTED_EDGE('',*,*,#1789,.F.);
#2528=ORIENTED_EDGE('',*,*,#1790,.F.);
#2529=ORIENTED_EDGE('',*,*,#1791,.F.);
#2530=ORIENTED_EDGE('',*,*,#1792,.F.);
#2531=ORIENTED_EDGE('',*,*,#1789,.T.);
#2532=ORIENTED_EDGE('',*,*,#1786,.T.);
#2533=ORIENTED_EDGE('',*,*,#1430,.T.);
#2534=ORIENTED_EDGE('',*,*,#1564,.F.);
#2535=ORIENTED_EDGE('',*,*,#1793,.T.);
#2536=ORIENTED_EDGE('',*,*,#1790,.T.);
#2537=ORIENTED_EDGE('',*,*,#1793,.F.);
#2538=ORIENTED_EDGE('',*,*,#1563,.F.);
#2539=ORIENTED_EDGE('',*,*,#1794,.T.);
#2540=ORIENTED_EDGE('',*,*,#1791,.T.);
#2541=ORIENTED_EDGE('',*,*,#1794,.F.);
#2542=ORIENTED_EDGE('',*,*,#1562,.F.);
#2543=ORIENTED_EDGE('',*,*,#1554,.F.);
#2544=ORIENTED_EDGE('',*,*,#1708,.T.);
#2545=ORIENTED_EDGE('',*,*,#1699,.F.);
#2546=ORIENTED_EDGE('',*,*,#1521,.T.);
#2547=ORIENTED_EDGE('',*,*,#1512,.T.);
#2548=ORIENTED_EDGE('',*,*,#1775,.F.);
#2549=ORIENTED_EDGE('',*,*,#1795,.T.);
#2550=ORIENTED_EDGE('',*,*,#1792,.T.);
#2551=ORIENTED_EDGE('',*,*,#1795,.F.);
#2552=ORIENTED_EDGE('',*,*,#1774,.F.);
#2553=ORIENTED_EDGE('',*,*,#1796,.F.);
#2554=ORIENTED_EDGE('',*,*,#1788,.T.);
#2555=ORIENTED_EDGE('',*,*,#1796,.T.);
#2556=ORIENTED_EDGE('',*,*,#1773,.F.);
#2557=ORIENTED_EDGE('',*,*,#1432,.T.);
#2558=ORIENTED_EDGE('',*,*,#1785,.T.);
#2559=ORIENTED_EDGE('',*,*,#1797,.T.);
#2560=ORIENTED_EDGE('',*,*,#1798,.T.);
#2561=ORIENTED_EDGE('',*,*,#1442,.T.);
#2562=ORIENTED_EDGE('',*,*,#1643,.F.);
#2563=ORIENTED_EDGE('',*,*,#1799,.F.);
#2564=ORIENTED_EDGE('',*,*,#1800,.T.);
#2565=ORIENTED_EDGE('',*,*,#1799,.T.);
#2566=ORIENTED_EDGE('',*,*,#1642,.F.);
#2567=ORIENTED_EDGE('',*,*,#1801,.F.);
#2568=ORIENTED_EDGE('',*,*,#1802,.T.);
#2569=ORIENTED_EDGE('',*,*,#1801,.T.);
#2570=ORIENTED_EDGE('',*,*,#1641,.F.);
#2571=ORIENTED_EDGE('',*,*,#1633,.F.);
#2572=ORIENTED_EDGE('',*,*,#1696,.T.);
#2573=ORIENTED_EDGE('',*,*,#1698,.F.);
#2574=ORIENTED_EDGE('',*,*,#1701,.T.);
#2575=ORIENTED_EDGE('',*,*,#1584,.T.);
#2576=ORIENTED_EDGE('',*,*,#1601,.F.);
#2577=ORIENTED_EDGE('',*,*,#1803,.F.);
#2578=ORIENTED_EDGE('',*,*,#1804,.T.);
#2579=ORIENTED_EDGE('',*,*,#1803,.T.);
#2580=ORIENTED_EDGE('',*,*,#1600,.F.);
#2581=ORIENTED_EDGE('',*,*,#1805,.F.);
#2582=ORIENTED_EDGE('',*,*,#1806,.T.);
#2583=ORIENTED_EDGE('',*,*,#1805,.T.);
#2584=ORIENTED_EDGE('',*,*,#1599,.F.);
#2585=ORIENTED_EDGE('',*,*,#1444,.T.);
#2586=ORIENTED_EDGE('',*,*,#1807,.T.);
#2587=ORIENTED_EDGE('',*,*,#1807,.F.);
#2588=ORIENTED_EDGE('',*,*,#1443,.T.);
#2589=ORIENTED_EDGE('',*,*,#1798,.F.);
#2590=ORIENTED_EDGE('',*,*,#1808,.T.);
#2591=ORIENTED_EDGE('',*,*,#1806,.F.);
#2592=ORIENTED_EDGE('',*,*,#1808,.F.);
#2593=ORIENTED_EDGE('',*,*,#1797,.F.);
#2594=ORIENTED_EDGE('',*,*,#1800,.F.);
#2595=ORIENTED_EDGE('',*,*,#1802,.F.);
#2596=ORIENTED_EDGE('',*,*,#1804,.F.);
#2597=CONICAL_SURFACE('',#2791,1.7,0.785398163397448);
#2598=CONICAL_SURFACE('',#2798,3.1,0.785398163397448);
#2599=CONICAL_SURFACE('',#2810,1.7,0.785398163397437);
#2600=CONICAL_SURFACE('',#2817,3.1,0.785398163397448);
#2601=CONICAL_SURFACE('',#2821,1.7,0.785398163397437);
#2602=CONICAL_SURFACE('',#2824,1.7,0.785398163397437);
#2603=CONICAL_SURFACE('',#2830,1.7,0.785398163397437);
#2604=CONICAL_SURFACE('',#2833,1.7,0.785398163397437);
#2605=CONICAL_SURFACE('',#2840,3.1,0.785398163397437);
#2606=CONICAL_SURFACE('',#2843,3.1,0.785398163397437);
#2607=CONICAL_SURFACE('',#2849,4.4,0.785398163397443);
#2608=CONICAL_SURFACE('',#2855,2.00000000000003,0.785398163397436);
#2609=CONICAL_SURFACE('',#2867,1.7,0.785398163397437);
#2610=CONICAL_SURFACE('',#2869,1.7,0.785398163397437);
#2611=CONICAL_SURFACE('',#2874,1.99999999999999,0.785398163397434);
#2612=CONICAL_SURFACE('',#2880,4.4,0.785398163397434);
#2613=CONICAL_SURFACE('',#2893,1.7,0.785398163397437);
#2614=CONICAL_SURFACE('',#2895,1.7,0.785398163397437);
#2615=CONICAL_SURFACE('',#2900,2.00000000000003,0.785398163397436);
#2616=CONICAL_SURFACE('',#2906,4.4,0.785398163397436);
#2617=CONICAL_SURFACE('',#2918,1.7,0.785398163397437);
#2618=CONICAL_SURFACE('',#2922,2.,0.785398163397447);
#2619=CONICAL_SURFACE('',#2928,4.4,0.785398163397445);
#2620=CONICAL_SURFACE('',#2940,1.7,0.785398163397448);
#2621=ADVANCED_FACE('',(#159),#2597,.F.);
#2622=ADVANCED_FACE('',(#160),#121,.F.);
#2623=ADVANCED_FACE('',(#161,#15),#27,.F.);
#2624=ADVANCED_FACE('',(#162),#2598,.F.);
#2625=ADVANCED_FACE('',(#163,#16,#17,#18,#19),#28,.F.);
#2626=ADVANCED_FACE('',(#164),#122,.F.);
#2627=ADVANCED_FACE('',(#165),#2599,.F.);
#2628=ADVANCED_FACE('',(#166),#123,.F.);
#2629=ADVANCED_FACE('',(#167,#20),#29,.F.);
#2630=ADVANCED_FACE('',(#168),#2600,.F.);
#2631=ADVANCED_FACE('',(#169),#124,.F.);
#2632=ADVANCED_FACE('',(#170),#2601,.F.);
#2633=ADVANCED_FACE('',(#171),#2602,.F.);
#2634=ADVANCED_FACE('',(#172),#125,.F.);
#2635=ADVANCED_FACE('',(#173,#21),#30,.F.);
#2636=ADVANCED_FACE('',(#174),#2603,.F.);
#2637=ADVANCED_FACE('',(#175),#2604,.F.);
#2638=ADVANCED_FACE('',(#176),#126,.F.);
#2639=ADVANCED_FACE('',(#177,#22),#31,.F.);
#2640=ADVANCED_FACE('',(#178),#2605,.F.);
#2641=ADVANCED_FACE('',(#179),#127,.F.);
#2642=ADVANCED_FACE('',(#180),#2606,.F.);
#2643=ADVANCED_FACE('',(#181),#128,.F.);
#2644=ADVANCED_FACE('',(#182),#32,.T.);
#2645=ADVANCED_FACE('',(#183),#33,.T.);
#2646=ADVANCED_FACE('',(#184),#34,.T.);
#2647=ADVANCED_FACE('',(#185),#2607,.T.);
#2648=ADVANCED_FACE('',(#186),#35,.T.);
#2649=ADVANCED_FACE('',(#187),#36,.T.);
#2650=ADVANCED_FACE('',(#188),#37,.T.);
#2651=ADVANCED_FACE('',(#189),#2608,.T.);
#2652=ADVANCED_FACE('',(#190),#38,.T.);
#2653=ADVANCED_FACE('',(#191),#39,.T.);
#2654=ADVANCED_FACE('',(#192),#40,.T.);
#2655=ADVANCED_FACE('',(#193),#129,.T.);
#2656=ADVANCED_FACE('',(#194),#41,.T.);
#2657=ADVANCED_FACE('',(#195,#23),#42,.T.);
#2658=ADVANCED_FACE('',(#196),#2609,.F.);
#2659=ADVANCED_FACE('',(#197),#2610,.F.);
#2660=ADVANCED_FACE('',(#198),#130,.F.);
#2661=ADVANCED_FACE('',(#199),#43,.T.);
#2662=ADVANCED_FACE('',(#200),#44,.T.);
#2663=ADVANCED_FACE('',(#201),#45,.T.);
#2664=ADVANCED_FACE('',(#202),#2611,.T.);
#2665=ADVANCED_FACE('',(#203),#46,.T.);
#2666=ADVANCED_FACE('',(#204),#47,.T.);
#2667=ADVANCED_FACE('',(#205),#48,.T.);
#2668=ADVANCED_FACE('',(#206),#2612,.T.);
#2669=ADVANCED_FACE('',(#207),#49,.T.);
#2670=ADVANCED_FACE('',(#208),#50,.T.);
#2671=ADVANCED_FACE('',(#209),#51,.F.);
#2672=ADVANCED_FACE('',(#210),#131,.T.);
#2673=ADVANCED_FACE('',(#211),#52,.F.);
#2674=ADVANCED_FACE('',(#212,#24),#53,.T.);
#2675=ADVANCED_FACE('',(#213),#2613,.F.);
#2676=ADVANCED_FACE('',(#214),#2614,.F.);
#2677=ADVANCED_FACE('',(#215),#132,.F.);
#2678=ADVANCED_FACE('',(#216),#54,.T.);
#2679=ADVANCED_FACE('',(#217),#55,.T.);
#2680=ADVANCED_FACE('',(#218),#56,.T.);
#2681=ADVANCED_FACE('',(#219),#2615,.T.);
#2682=ADVANCED_FACE('',(#220),#57,.T.);
#2683=ADVANCED_FACE('',(#221),#58,.T.);
#2684=ADVANCED_FACE('',(#222),#59,.T.);
#2685=ADVANCED_FACE('',(#223),#2616,.T.);
#2686=ADVANCED_FACE('',(#224),#60,.T.);
#2687=ADVANCED_FACE('',(#225),#61,.T.);
#2688=ADVANCED_FACE('',(#226),#62,.F.);
#2689=ADVANCED_FACE('',(#227),#133,.T.);
#2690=ADVANCED_FACE('',(#228),#63,.F.);
#2691=ADVANCED_FACE('',(#229,#25),#64,.T.);
#2692=ADVANCED_FACE('',(#230),#2617,.F.);
#2693=ADVANCED_FACE('',(#231),#65,.T.);
#2694=ADVANCED_FACE('',(#232),#66,.T.);
#2695=ADVANCED_FACE('',(#233),#67,.T.);
#2696=ADVANCED_FACE('',(#234),#2618,.T.);
#2697=ADVANCED_FACE('',(#235),#68,.T.);
#2698=ADVANCED_FACE('',(#236),#69,.T.);
#2699=ADVANCED_FACE('',(#237),#70,.T.);
#2700=ADVANCED_FACE('',(#238),#2619,.T.);
#2701=ADVANCED_FACE('',(#239),#71,.T.);
#2702=ADVANCED_FACE('',(#240),#72,.T.);
#2703=ADVANCED_FACE('',(#241),#73,.F.);
#2704=ADVANCED_FACE('',(#242),#134,.T.);
#2705=ADVANCED_FACE('',(#243),#74,.F.);
#2706=ADVANCED_FACE('',(#244,#26),#75,.T.);
#2707=ADVANCED_FACE('',(#245),#2620,.F.);
#2708=ADVANCED_FACE('',(#246),#76,.F.);
#2709=ADVANCED_FACE('',(#247),#77,.T.);
#2710=ADVANCED_FACE('',(#248),#78,.F.);
#2711=ADVANCED_FACE('',(#249),#79,.F.);
#2712=ADVANCED_FACE('',(#250),#80,.T.);
#2713=ADVANCED_FACE('',(#251),#135,.T.);
#2714=ADVANCED_FACE('',(#252),#81,.T.);
#2715=ADVANCED_FACE('',(#253),#82,.F.);
#2716=ADVANCED_FACE('',(#254),#83,.F.);
#2717=ADVANCED_FACE('',(#255),#84,.T.);
#2718=ADVANCED_FACE('',(#256),#136,.T.);
#2719=ADVANCED_FACE('',(#257),#85,.T.);
#2720=ADVANCED_FACE('',(#258),#86,.T.);
#2721=ADVANCED_FACE('',(#259),#137,.T.);
#2722=ADVANCED_FACE('',(#260),#87,.T.);
#2723=ADVANCED_FACE('',(#261),#138,.F.);
#2724=ADVANCED_FACE('',(#262),#139,.F.);
#2725=ADVANCED_FACE('',(#263),#140,.F.);
#2726=ADVANCED_FACE('',(#264),#88,.F.);
#2727=ADVANCED_FACE('',(#265),#141,.F.);
#2728=ADVANCED_FACE('',(#266),#89,.F.);
#2729=ADVANCED_FACE('',(#267),#142,.F.);
#2730=ADVANCED_FACE('',(#268),#143,.F.);
#2731=ADVANCED_FACE('',(#269),#144,.F.);
#2732=ADVANCED_FACE('',(#270),#90,.F.);
#2733=ADVANCED_FACE('',(#271),#91,.F.);
#2734=ADVANCED_FACE('',(#272),#145,.F.);
#2735=ADVANCED_FACE('',(#273),#146,.F.);
#2736=ADVANCED_FACE('',(#274),#147,.F.);
#2737=ADVANCED_FACE('',(#275),#148,.F.);
#2738=ADVANCED_FACE('',(#276),#92,.F.);
#2739=ADVANCED_FACE('',(#277),#149,.F.);
#2740=ADVANCED_FACE('',(#278),#93,.F.);
#2741=ADVANCED_FACE('',(#279),#94,.T.);
#2742=ADVANCED_FACE('',(#280),#95,.T.);
#2743=ADVANCED_FACE('',(#281),#96,.T.);
#2744=ADVANCED_FACE('',(#282),#97,.T.);
#2745=ADVANCED_FACE('',(#283),#98,.T.);
#2746=ADVANCED_FACE('',(#284),#99,.T.);
#2747=ADVANCED_FACE('',(#285),#100,.T.);
#2748=ADVANCED_FACE('',(#286),#101,.T.);
#2749=ADVANCED_FACE('',(#287),#150,.T.);
#2750=ADVANCED_FACE('',(#288),#151,.T.);
#2751=ADVANCED_FACE('',(#289),#102,.T.);
#2752=ADVANCED_FACE('',(#290),#103,.T.);
#2753=ADVANCED_FACE('',(#291),#104,.F.);
#2754=ADVANCED_FACE('',(#292),#152,.T.);
#2755=ADVANCED_FACE('',(#293),#153,.T.);
#2756=ADVANCED_FACE('',(#294),#105,.T.);
#2757=ADVANCED_FACE('',(#295),#106,.T.);
#2758=ADVANCED_FACE('',(#296),#107,.T.);
#2759=ADVANCED_FACE('',(#297),#108,.T.);
#2760=ADVANCED_FACE('',(#298),#109,.T.);
#2761=ADVANCED_FACE('',(#299),#154,.T.);
#2762=ADVANCED_FACE('',(#300),#110,.T.);
#2763=ADVANCED_FACE('',(#301),#111,.T.);
#2764=ADVANCED_FACE('',(#302),#112,.T.);
#2765=ADVANCED_FACE('',(#303),#113,.T.);
#2766=ADVANCED_FACE('',(#304),#155,.T.);
#2767=ADVANCED_FACE('',(#305),#114,.T.);
#2768=ADVANCED_FACE('',(#306),#156,.T.);
#2769=ADVANCED_FACE('',(#307),#115,.T.);
#2770=ADVANCED_FACE('',(#308),#116,.T.);
#2771=ADVANCED_FACE('',(#309),#157,.T.);
#2772=ADVANCED_FACE('',(#310),#117,.T.);
#2773=ADVANCED_FACE('',(#311),#158,.T.);
#2774=ADVANCED_FACE('',(#312),#118,.T.);
#2775=ADVANCED_FACE('',(#313),#119,.T.);
#2776=ADVANCED_FACE('',(#314),#120,.T.);
#2777=CLOSED_SHELL('',(#2621,#2622,#2623,#2624,#2625,#2626,#2627,#2628,
#2629,#2630,#2631,#2632,#2633,#2634,#2635,#2636,#2637,#2638,#2639,#2640,
#2641,#2642,#2643,#2644,#2645,#2646,#2647,#2648,#2649,#2650,#2651,#2652,
#2653,#2654,#2655,#2656,#2657,#2658,#2659,#2660,#2661,#2662,#2663,#2664,
#2665,#2666,#2667,#2668,#2669,#2670,#2671,#2672,#2673,#2674,#2675,#2676,
#2677,#2678,#2679,#2680,#2681,#2682,#2683,#2684,#2685,#2686,#2687,#2688,
#2689,#2690,#2691,#2692,#2693,#2694,#2695,#2696,#2697,#2698,#2699,#2700,
#2701,#2702,#2703,#2704,#2705,#2706,#2707,#2708,#2709,#2710,#2711,#2712,
#2713,#2714,#2715,#2716,#2717,#2718,#2719,#2720,#2721,#2722,#2723,#2724,
#2725,#2726,#2727,#2728,#2729,#2730,#2731,#2732,#2733,#2734,#2735,#2736,
#2737,#2738,#2739,#2740,#2741,#2742,#2743,#2744,#2745,#2746,#2747,#2748,
#2749,#2750,#2751,#2752,#2753,#2754,#2755,#2756,#2757,#2758,#2759,#2760,
#2761,#2762,#2763,#2764,#2765,#2766,#2767,#2768,#2769,#2770,#2771,#2772,
#2773,#2774,#2775,#2776));
#2778=DERIVED_UNIT_ELEMENT(#2780,1.);
#2779=DERIVED_UNIT_ELEMENT(#4655,-3.);
#2780=(
MASS_UNIT()
NAMED_UNIT(*)
SI_UNIT(.KILO.,.GRAM.)
);
#2781=DERIVED_UNIT((#2778,#2779));
#2782=MEASURE_REPRESENTATION_ITEM('density measure',
POSITIVE_RATIO_MEASURE(7850.),#2781);
#2783=PROPERTY_DEFINITION_REPRESENTATION(#2788,#2785);
#2784=PROPERTY_DEFINITION_REPRESENTATION(#2789,#2786);
#2785=REPRESENTATION('material name',(#2787),#4652);
#2786=REPRESENTATION('density',(#2782),#4652);
#2787=DESCRIPTIVE_REPRESENTATION_ITEM('Steel','Steel');
#2788=PROPERTY_DEFINITION('material property','material name',#4662);
#2789=PROPERTY_DEFINITION('material property','density of part',#4662);
#2790=AXIS2_PLACEMENT_3D('',#3855,#3047,#3048);
#2791=AXIS2_PLACEMENT_3D('',#3856,#3049,#3050);
#2792=AXIS2_PLACEMENT_3D('',#3858,#3051,#3052);
#2793=AXIS2_PLACEMENT_3D('',#3861,#3054,#3055);
#2794=AXIS2_PLACEMENT_3D('',#3862,#3056,#3057);
#2795=AXIS2_PLACEMENT_3D('',#3865,#3059,#3060);
#2796=AXIS2_PLACEMENT_3D('',#3866,#3061,#3062);
#2797=AXIS2_PLACEMENT_3D('',#3868,#3063,#3064);
#2798=AXIS2_PLACEMENT_3D('',#3869,#3065,#3066);
#2799=AXIS2_PLACEMENT_3D('',#3871,#3067,#3068);
#2800=AXIS2_PLACEMENT_3D('',#3874,#3070,#3071);
#2801=AXIS2_PLACEMENT_3D('',#3875,#3072,#3073);
#2802=AXIS2_PLACEMENT_3D('',#3886,#3078,#3079);
#2803=AXIS2_PLACEMENT_3D('',#3898,#3085,#3086);
#2804=AXIS2_PLACEMENT_3D('',#3910,#3092,#3093);
#2805=AXIS2_PLACEMENT_3D('',#3922,#3099,#3100);
#2806=AXIS2_PLACEMENT_3D('',#3925,#3102,#3103);
#2807=AXIS2_PLACEMENT_3D('',#3927,#3104,#3105);
#2808=AXIS2_PLACEMENT_3D('',#3929,#3106,#3107);
#2809=AXIS2_PLACEMENT_3D('',#3930,#3108,#3109);
#2810=AXIS2_PLACEMENT_3D('',#3932,#3111,#3112);
#2811=AXIS2_PLACEMENT_3D('',#3934,#3113,#3114);
#2812=AXIS2_PLACEMENT_3D('',#3937,#3116,#3117);
#2813=AXIS2_PLACEMENT_3D('',#3938,#3118,#3119);
#2814=AXIS2_PLACEMENT_3D('',#3941,#3121,#3122);
#2815=AXIS2_PLACEMENT_3D('',#3942,#3123,#3124);
#2816=AXIS2_PLACEMENT_3D('',#3944,#3125,#3126);
#2817=AXIS2_PLACEMENT_3D('',#3945,#3127,#3128);
#2818=AXIS2_PLACEMENT_3D('',#3948,#3130,#3131);
#2819=AXIS2_PLACEMENT_3D('',#3949,#3132,#3133);
#2820=AXIS2_PLACEMENT_3D('',#3952,#3135,#3136);
#2821=AXIS2_PLACEMENT_3D('',#3953,#3137,#3138);
#2822=AXIS2_PLACEMENT_3D('',#3958,#3140,#3141);
#2823=AXIS2_PLACEMENT_3D('',#3961,#3143,#3144);
#2824=AXIS2_PLACEMENT_3D('',#3962,#3145,#3146);
#2825=AXIS2_PLACEMENT_3D('',#3963,#3147,#3148);
#2826=AXIS2_PLACEMENT_3D('',#3964,#3149,#3150);
#2827=AXIS2_PLACEMENT_3D('',#3965,#3151,#3152);
#2828=AXIS2_PLACEMENT_3D('',#3969,#3154,#3155);
#2829=AXIS2_PLACEMENT_3D('',#3971,#3157,#3158);
#2830=AXIS2_PLACEMENT_3D('',#3972,#3159,#3160);
#2831=AXIS2_PLACEMENT_3D('',#3977,#3162,#3163);
#2832=AXIS2_PLACEMENT_3D('',#3980,#3165,#3166);
#2833=AXIS2_PLACEMENT_3D('',#3981,#3167,#3168);
#2834=AXIS2_PLACEMENT_3D('',#3982,#3169,#3170);
#2835=AXIS2_PLACEMENT_3D('',#3983,#3171,#3172);
#2836=AXIS2_PLACEMENT_3D('',#3984,#3173,#3174);
#2837=AXIS2_PLACEMENT_3D('',#3988,#3176,#3177);
#2838=AXIS2_PLACEMENT_3D('',#3990,#3179,#3180);
#2839=AXIS2_PLACEMENT_3D('',#3992,#3181,#3182);
#2840=AXIS2_PLACEMENT_3D('',#3993,#3183,#3184);
#2841=AXIS2_PLACEMENT_3D('',#3996,#3186,#3187);
#2842=AXIS2_PLACEMENT_3D('',#3997,#3188,#3189);
#2843=AXIS2_PLACEMENT_3D('',#3999,#3191,#3192);
#2844=AXIS2_PLACEMENT_3D('',#4002,#3194,#3195);
#2845=AXIS2_PLACEMENT_3D('',#4003,#3196,#3197);
#2846=AXIS2_PLACEMENT_3D('',#4005,#3199,#3200);
#2847=AXIS2_PLACEMENT_3D('',#4012,#3204,#3205);
#2848=AXIS2_PLACEMENT_3D('',#4019,#3209,#3210);
#2849=AXIS2_PLACEMENT_3D('',#4025,#3214,#3215);
#2850=AXIS2_PLACEMENT_3D('',#4027,#3216,#3217);
#2851=AXIS2_PLACEMENT_3D('',#4030,#3219,#3220);
#2852=AXIS2_PLACEMENT_3D('',#4031,#3221,#3222);
#2853=AXIS2_PLACEMENT_3D('',#4034,#3225,#3226);
#2854=AXIS2_PLACEMENT_3D('',#4040,#3230,#3231);
#2855=AXIS2_PLACEMENT_3D('',#4046,#3235,#3236);
#2856=AXIS2_PLACEMENT_3D('',#4048,#3237,#3238);
#2857=AXIS2_PLACEMENT_3D('',#4051,#3240,#3241);
#2858=AXIS2_PLACEMENT_3D('',#4052,#3242,#3243);
#2859=AXIS2_PLACEMENT_3D('',#4055,#3246,#3247);
#2860=AXIS2_PLACEMENT_3D('',#4061,#3251,#3252);
#2861=AXIS2_PLACEMENT_3D('',#4069,#3257,#3258);
#2862=AXIS2_PLACEMENT_3D('',#4072,#3260,#3261);
#2863=AXIS2_PLACEMENT_3D('',#4073,#3262,#3263);
#2864=AXIS2_PLACEMENT_3D('',#4079,#3267,#3268);
#2865=AXIS2_PLACEMENT_3D('',#4082,#3269,#3270);
#2866=AXIS2_PLACEMENT_3D('',#4083,#3271,#3272);
#2867=AXIS2_PLACEMENT_3D('',#4084,#3273,#3274);
#2868=AXIS2_PLACEMENT_3D('',#4087,#3277,#3278);
#2869=AXIS2_PLACEMENT_3D('',#4088,#3279,#3280);
#2870=AXIS2_PLACEMENT_3D('',#4089,#3281,#3282);
#2871=AXIS2_PLACEMENT_3D('',#4090,#3283,#3284);
#2872=AXIS2_PLACEMENT_3D('',#4097,#3288,#3289);
#2873=AXIS2_PLACEMENT_3D('',#4104,#3293,#3294);
#2874=AXIS2_PLACEMENT_3D('',#4110,#3298,#3299);
#2875=AXIS2_PLACEMENT_3D('',#4112,#3300,#3301);
#2876=AXIS2_PLACEMENT_3D('',#4115,#3303,#3304);
#2877=AXIS2_PLACEMENT_3D('',#4116,#3305,#3306);
#2878=AXIS2_PLACEMENT_3D('',#4119,#3309,#3310);
#2879=AXIS2_PLACEMENT_3D('',#4125,#3314,#3315);
#2880=AXIS2_PLACEMENT_3D('',#4131,#3319,#3320);
#2881=AXIS2_PLACEMENT_3D('',#4135,#3322,#3323);
#2882=AXIS2_PLACEMENT_3D('',#4136,#3324,#3325);
#2883=AXIS2_PLACEMENT_3D('',#4137,#3326,#3327);
#2884=AXIS2_PLACEMENT_3D('',#4140,#3330,#3331);
#2885=AXIS2_PLACEMENT_3D('',#4146,#3335,#3336);
#2886=AXIS2_PLACEMENT_3D('',#4151,#3339,#3340);
#2887=AXIS2_PLACEMENT_3D('',#4153,#3342,#3343);
#2888=AXIS2_PLACEMENT_3D('',#4155,#3345,#3346);
#2889=AXIS2_PLACEMENT_3D('',#4159,#3348,#3349);
#2890=AXIS2_PLACEMENT_3D('',#4161,#3351,#3352);
#2891=AXIS2_PLACEMENT_3D('',#4164,#3353,#3354);
#2892=AXIS2_PLACEMENT_3D('',#4165,#3355,#3356);
#2893=AXIS2_PLACEMENT_3D('',#4166,#3357,#3358);
#2894=AXIS2_PLACEMENT_3D('',#4169,#3361,#3362);
#2895=AXIS2_PLACEMENT_3D('',#4170,#3363,#3364);
#2896=AXIS2_PLACEMENT_3D('',#4171,#3365,#3366);
#2897=AXIS2_PLACEMENT_3D('',#4172,#3367,#3368);
#2898=AXIS2_PLACEMENT_3D('',#4179,#3372,#3373);
#2899=AXIS2_PLACEMENT_3D('',#4186,#3377,#3378);
#2900=AXIS2_PLACEMENT_3D('',#4192,#3382,#3383);
#2901=AXIS2_PLACEMENT_3D('',#4194,#3384,#3385);
#2902=AXIS2_PLACEMENT_3D('',#4197,#3387,#3388);
#2903=AXIS2_PLACEMENT_3D('',#4198,#3389,#3390);
#2904=AXIS2_PLACEMENT_3D('',#4201,#3393,#3394);
#2905=AXIS2_PLACEMENT_3D('',#4207,#3398,#3399);
#2906=AXIS2_PLACEMENT_3D('',#4213,#3403,#3404);
#2907=AXIS2_PLACEMENT_3D('',#4215,#3405,#3406);
#2908=AXIS2_PLACEMENT_3D('',#4218,#3408,#3409);
#2909=AXIS2_PLACEMENT_3D('',#4219,#3410,#3411);
#2910=AXIS2_PLACEMENT_3D('',#4222,#3414,#3415);
#2911=AXIS2_PLACEMENT_3D('',#4228,#3419,#3420);
#2912=AXIS2_PLACEMENT_3D('',#4233,#3423,#3424);
#2913=AXIS2_PLACEMENT_3D('',#4235,#3426,#3427);
#2914=AXIS2_PLACEMENT_3D('',#4237,#3429,#3430);
#2915=AXIS2_PLACEMENT_3D('',#4241,#3432,#3433);
#2916=AXIS2_PLACEMENT_3D('',#4243,#3435,#3436);
#2917=AXIS2_PLACEMENT_3D('',#4245,#3437,#3438);
#2918=AXIS2_PLACEMENT_3D('',#4246,#3439,#3440);
#2919=AXIS2_PLACEMENT_3D('',#4248,#3442,#3443);
#2920=AXIS2_PLACEMENT_3D('',#4255,#3447,#3448);
#2921=AXIS2_PLACEMENT_3D('',#4262,#3452,#3453);
#2922=AXIS2_PLACEMENT_3D('',#4268,#3457,#3458);
#2923=AXIS2_PLACEMENT_3D('',#4270,#3459,#3460);
#2924=AXIS2_PLACEMENT_3D('',#4273,#3462,#3463);
#2925=AXIS2_PLACEMENT_3D('',#4274,#3464,#3465);
#2926=AXIS2_PLACEMENT_3D('',#4277,#3468,#3469);
#2927=AXIS2_PLACEMENT_3D('',#4283,#3473,#3474);
#2928=AXIS2_PLACEMENT_3D('',#4289,#3478,#3479);
#2929=AXIS2_PLACEMENT_3D('',#4293,#3481,#3482);
#2930=AXIS2_PLACEMENT_3D('',#4294,#3483,#3484);
#2931=AXIS2_PLACEMENT_3D('',#4295,#3485,#3486);
#2932=AXIS2_PLACEMENT_3D('',#4298,#3489,#3490);
#2933=AXIS2_PLACEMENT_3D('',#4304,#3494,#3495);
#2934=AXIS2_PLACEMENT_3D('',#4309,#3498,#3499);
#2935=AXIS2_PLACEMENT_3D('',#4311,#3501,#3502);
#2936=AXIS2_PLACEMENT_3D('',#4313,#3504,#3505);
#2937=AXIS2_PLACEMENT_3D('',#4317,#3507,#3508);
#2938=AXIS2_PLACEMENT_3D('',#4319,#3510,#3511);
#2939=AXIS2_PLACEMENT_3D('',#4321,#3512,#3513);
#2940=AXIS2_PLACEMENT_3D('',#4322,#3514,#3515);
#2941=AXIS2_PLACEMENT_3D('',#4324,#3517,#3518);
#2942=AXIS2_PLACEMENT_3D('',#4331,#3521,#3522);
#2943=AXIS2_PLACEMENT_3D('',#4335,#3524,#3525);
#2944=AXIS2_PLACEMENT_3D('',#4339,#3527,#3528);
#2945=AXIS2_PLACEMENT_3D('',#4343,#3530,#3531);
#2946=AXIS2_PLACEMENT_3D('',#4347,#3533,#3534);
#2947=AXIS2_PLACEMENT_3D('',#4351,#3536,#3537);
#2948=AXIS2_PLACEMENT_3D('',#4354,#3540,#3541);
#2949=AXIS2_PLACEMENT_3D('',#4360,#3544,#3545);
#2950=AXIS2_PLACEMENT_3D('',#4368,#3549,#3550);
#2951=AXIS2_PLACEMENT_3D('',#4376,#3554,#3555);
#2952=AXIS2_PLACEMENT_3D('',#4378,#3557,#3558);
#2953=AXIS2_PLACEMENT_3D('',#4382,#3560,#3561);
#2954=AXIS2_PLACEMENT_3D('',#4385,#3564,#3565);
#2955=AXIS2_PLACEMENT_3D('',#4391,#3568,#3569);
#2956=AXIS2_PLACEMENT_3D('',#4395,#3571,#3572);
#2957=AXIS2_PLACEMENT_3D('',#4399,#3574,#3575);
#2958=AXIS2_PLACEMENT_3D('',#4403,#3577,#3578);
#2959=AXIS2_PLACEMENT_3D('',#4407,#3580,#3581);
#2960=AXIS2_PLACEMENT_3D('',#4411,#3583,#3584);
#2961=AXIS2_PLACEMENT_3D('',#4415,#3587,#3588);
#2962=AXIS2_PLACEMENT_3D('',#4418,#3591,#3592);
#2963=AXIS2_PLACEMENT_3D('',#4420,#3594,#3595);
#2964=AXIS2_PLACEMENT_3D('',#4424,#3598,#3599);
#2965=AXIS2_PLACEMENT_3D('',#4428,#3602,#3603);
#2966=AXIS2_PLACEMENT_3D('',#4432,#3606,#3607);
#2967=AXIS2_PLACEMENT_3D('',#4435,#3610,#3611);
#2968=AXIS2_PLACEMENT_3D('',#4437,#3613,#3614);
#2969=AXIS2_PLACEMENT_3D('',#4439,#3616,#3617);
#2970=AXIS2_PLACEMENT_3D('',#4442,#3620,#3621);
#2971=AXIS2_PLACEMENT_3D('',#4444,#3623,#3624);
#2972=AXIS2_PLACEMENT_3D('',#4446,#3626,#3627);
#2973=AXIS2_PLACEMENT_3D('',#4450,#3629,#3630);
#2974=AXIS2_PLACEMENT_3D('',#4452,#3632,#3633);
#2975=AXIS2_PLACEMENT_3D('',#4455,#3634,#3635);
#2976=AXIS2_PLACEMENT_3D('',#4458,#3638,#3639);
#2977=AXIS2_PLACEMENT_3D('',#4462,#3641,#3642);
#2978=AXIS2_PLACEMENT_3D('',#4464,#3644,#3645);
#2979=AXIS2_PLACEMENT_3D('',#4466,#3647,#3648);
#2980=AXIS2_PLACEMENT_3D('',#4469,#3649,#3650);
#2981=AXIS2_PLACEMENT_3D('',#4472,#3653,#3654);
#2982=AXIS2_PLACEMENT_3D('',#4474,#3656,#3657);
#2983=AXIS2_PLACEMENT_3D('',#4478,#3659,#3660);
#2984=AXIS2_PLACEMENT_3D('',#4480,#3662,#3663);
#2985=AXIS2_PLACEMENT_3D('',#4484,#3665,#3666);
#2986=AXIS2_PLACEMENT_3D('',#4486,#3668,#3669);
#2987=AXIS2_PLACEMENT_3D('',#4490,#3671,#3672);
#2988=AXIS2_PLACEMENT_3D('',#4492,#3674,#3675);
#2989=AXIS2_PLACEMENT_3D('',#4494,#3677,#3678);
#2990=AXIS2_PLACEMENT_3D('',#4498,#3681,#3682);
#2991=AXIS2_PLACEMENT_3D('',#4501,#3684,#3685);
#2992=AXIS2_PLACEMENT_3D('',#4502,#3686,#3687);
#2993=AXIS2_PLACEMENT_3D('',#4505,#3688,#3689);
#2994=AXIS2_PLACEMENT_3D('',#4508,#3692,#3693);
#2995=AXIS2_PLACEMENT_3D('',#4511,#3694,#3695);
#2996=AXIS2_PLACEMENT_3D('',#4514,#3698,#3699);
#2997=AXIS2_PLACEMENT_3D('',#4517,#3700,#3701);
#2998=AXIS2_PLACEMENT_3D('',#4520,#3704,#3705);
#2999=AXIS2_PLACEMENT_3D('',#4522,#3707,#3708);
#3000=AXIS2_PLACEMENT_3D('',#4525,#3709,#3710);
#3001=AXIS2_PLACEMENT_3D('',#4528,#3713,#3714);
#3002=AXIS2_PLACEMENT_3D('',#4530,#3716,#3717);
#3003=AXIS2_PLACEMENT_3D('',#4534,#3720,#3721);
#3004=AXIS2_PLACEMENT_3D('',#4536,#3723,#3724);
#3005=AXIS2_PLACEMENT_3D('',#4538,#3726,#3727);
#3006=AXIS2_PLACEMENT_3D('',#4540,#3729,#3730);
#3007=AXIS2_PLACEMENT_3D('',#4542,#3732,#3733);
#3008=AXIS2_PLACEMENT_3D('',#4546,#3735,#3736);
#3009=AXIS2_PLACEMENT_3D('',#4553,#3740,#3741);
#3010=AXIS2_PLACEMENT_3D('',#4554,#3742,#3743);
#3011=AXIS2_PLACEMENT_3D('',#4556,#3745,#3746);
#3012=AXIS2_PLACEMENT_3D('',#4560,#3749,#3750);
#3013=AXIS2_PLACEMENT_3D('',#4562,#3752,#3753);
#3014=AXIS2_PLACEMENT_3D('',#4565,#3755,#3756);
#3015=AXIS2_PLACEMENT_3D('',#4566,#3757,#3758);
#3016=AXIS2_PLACEMENT_3D('',#4568,#3760,#3761);
#3017=AXIS2_PLACEMENT_3D('',#4572,#3764,#3765);
#3018=AXIS2_PLACEMENT_3D('',#4577,#3768,#3769);
#3019=AXIS2_PLACEMENT_3D('',#4579,#3771,#3772);
#3020=AXIS2_PLACEMENT_3D('',#4580,#3773,#3774);
#3021=AXIS2_PLACEMENT_3D('',#4584,#3776,#3777);
#3022=AXIS2_PLACEMENT_3D('',#4586,#3779,#3780);
#3023=AXIS2_PLACEMENT_3D('',#4588,#3782,#3783);
#3024=AXIS2_PLACEMENT_3D('',#4592,#3786,#3787);
#3025=AXIS2_PLACEMENT_3D('',#4594,#3789,#3790);
#3026=AXIS2_PLACEMENT_3D('',#4595,#3791,#3792);
#3027=AXIS2_PLACEMENT_3D('',#4597,#3794,#3795);
#3028=AXIS2_PLACEMENT_3D('',#4599,#3797,#3798);
#3029=AXIS2_PLACEMENT_3D('',#4600,#3799,#3800);
#3030=AXIS2_PLACEMENT_3D('',#4606,#3804,#3805);
#3031=AXIS2_PLACEMENT_3D('',#4612,#3808,#3809);
#3032=AXIS2_PLACEMENT_3D('',#4615,#3811,#3812);
#3033=AXIS2_PLACEMENT_3D('',#4616,#3813,#3814);
#3034=AXIS2_PLACEMENT_3D('',#4618,#3816,#3817);
#3035=AXIS2_PLACEMENT_3D('',#4620,#3819,#3820);
#3036=AXIS2_PLACEMENT_3D('',#4622,#3822,#3823);
#3037=AXIS2_PLACEMENT_3D('',#4624,#3825,#3826);
#3038=AXIS2_PLACEMENT_3D('',#4625,#3827,#3828);
#3039=AXIS2_PLACEMENT_3D('',#4631,#3832,#3833);
#3040=AXIS2_PLACEMENT_3D('',#4633,#3834,#3835);
#3041=AXIS2_PLACEMENT_3D('',#4635,#3837,#3838);
#3042=AXIS2_PLACEMENT_3D('',#4639,#3841,#3842);
#3043=AXIS2_PLACEMENT_3D('',#4641,#3843,#3844);
#3044=AXIS2_PLACEMENT_3D('',#4643,#3846,#3847);
#3045=AXIS2_PLACEMENT_3D('',#4647,#3850,#3851);
#3046=AXIS2_PLACEMENT_3D('',#4649,#3853,#3854);
#3047=DIRECTION('axis',(0.,0.,1.));
#3048=DIRECTION('refdir',(1.,0.,0.));
#3049=DIRECTION('center_axis',(0.,-1.,0.));
#3050=DIRECTION('ref_axis',(1.,0.,0.));
#3051=DIRECTION('center_axis',(0.,1.,0.));
#3052=DIRECTION('ref_axis',(1.,0.,0.));
#3053=DIRECTION('',(-0.707106781186548,-0.707106781186548,8.65956056235494E-17));
#3054=DIRECTION('center_axis',(0.,-1.,0.));
#3055=DIRECTION('ref_axis',(1.,0.,0.));
#3056=DIRECTION('center_axis',(0.,-1.,0.));
#3057=DIRECTION('ref_axis',(1.,0.,0.));
#3058=DIRECTION('',(0.,1.,0.));
#3059=DIRECTION('center_axis',(0.,-1.,0.));
#3060=DIRECTION('ref_axis',(1.,0.,0.));
#3061=DIRECTION('center_axis',(0.,1.,0.));
#3062=DIRECTION('ref_axis',(1.,0.,0.));
#3063=DIRECTION('center_axis',(0.,1.,0.));
#3064=DIRECTION('ref_axis',(1.,0.,0.));
#3065=DIRECTION('center_axis',(0.,-1.,0.));
#3066=DIRECTION('ref_axis',(1.,0.,0.));
#3067=DIRECTION('center_axis',(0.,-1.,0.));
#3068=DIRECTION('ref_axis',(1.,0.,0.));
#3069=DIRECTION('',(0.707106781186547,0.707106781186547,8.65956056235493E-17));
#3070=DIRECTION('center_axis',(0.,1.,0.));
#3071=DIRECTION('ref_axis',(1.,0.,0.));
#3072=DIRECTION('center_axis',(0.,1.,0.));
#3073=DIRECTION('ref_axis',(1.,0.,0.));
#3074=DIRECTION('',(-1.,0.,0.));
#3075=DIRECTION('',(2.85158116087128E-16,0.,-1.));
#3076=DIRECTION('',(1.,0.,0.));
#3077=DIRECTION('',(-2.85158116087128E-16,0.,1.));
#3078=DIRECTION('center_axis',(0.,-1.,0.));
#3079=DIRECTION('ref_axis',(0.,0.,1.));
#3080=DIRECTION('',(-1.,0.,5.69801712718605E-16));
#3081=DIRECTION('',(0.,0.,-1.));
#3082=DIRECTION('',(1.,0.,-5.69801712718605E-16));
#3083=DIRECTION('',(0.,0.,1.));
#3084=DIRECTION('',(-1.,0.,5.69801712718605E-16));
#3085=DIRECTION('center_axis',(0.,-1.,0.));
#3086=DIRECTION('ref_axis',(-1.,0.,0.));
#3087=DIRECTION('',(2.13868587065346E-16,0.,-1.));
#3088=DIRECTION('',(1.,0.,0.));
#3089=DIRECTION('',(-2.13868587065346E-16,0.,1.));
#3090=DIRECTION('',(-1.,0.,0.));
#3091=DIRECTION('',(2.13868587065346E-16,0.,-1.));
#3092=DIRECTION('center_axis',(0.,-1.,0.));
#3093=DIRECTION('ref_axis',(0.,0.,-1.));
#3094=DIRECTION('',(1.,0.,-4.27351284538954E-16));
#3095=DIRECTION('',(0.,0.,1.));
#3096=DIRECTION('',(-1.,0.,4.27351284538954E-16));
#3097=DIRECTION('',(0.,0.,-1.));
#3098=DIRECTION('',(1.,0.,-4.27351284538954E-16));
#3099=DIRECTION('center_axis',(0.,-1.,0.));
#3100=DIRECTION('ref_axis',(1.,0.,0.));
#3101=DIRECTION('',(-2.85158116087128E-16,0.,1.));
#3102=DIRECTION('center_axis',(0.,-1.,0.));
#3103=DIRECTION('ref_axis',(1.,0.,0.));
#3104=DIRECTION('center_axis',(0.,-1.,0.));
#3105=DIRECTION('ref_axis',(1.,0.,0.));
#3106=DIRECTION('center_axis',(0.,-1.,0.));
#3107=DIRECTION('ref_axis',(1.,0.,0.));
#3108=DIRECTION('center_axis',(0.,1.,0.));
#3109=DIRECTION('ref_axis',(1.,0.,0.));
#3110=DIRECTION('',(0.,1.,0.));
#3111=DIRECTION('center_axis',(0.,-1.,0.));
#3112=DIRECTION('ref_axis',(1.,0.,0.));
#3113=DIRECTION('center_axis',(0.,1.,0.));
#3114=DIRECTION('ref_axis',(1.,0.,0.));
#3115=DIRECTION('',(-0.70710678118654,-0.707106781186555,8.65956056235484E-17));
#3116=DIRECTION('center_axis',(0.,-1.,0.));
#3117=DIRECTION('ref_axis',(1.,0.,0.));
#3118=DIRECTION('center_axis',(0.,-1.,0.));
#3119=DIRECTION('ref_axis',(1.,0.,0.));
#3120=DIRECTION('',(0.,1.,0.));
#3121=DIRECTION('center_axis',(0.,-1.,0.));
#3122=DIRECTION('ref_axis',(1.,0.,0.));
#3123=DIRECTION('center_axis',(0.,1.,0.));
#3124=DIRECTION('ref_axis',(1.,0.,0.));
#3125=DIRECTION('center_axis',(0.,1.,0.));
#3126=DIRECTION('ref_axis',(1.,0.,0.));
#3127=DIRECTION('center_axis',(0.,-1.,0.));
#3128=DIRECTION('ref_axis',(1.,0.,0.));
#3129=DIRECTION('',(0.707106781186547,0.707106781186547,8.65956056235493E-17));
#3130=DIRECTION('center_axis',(0.,1.,0.));
#3131=DIRECTION('ref_axis',(1.,0.,0.));
#3132=DIRECTION('center_axis',(0.,1.,0.));
#3133=DIRECTION('ref_axis',(1.,0.,0.));
#3134=DIRECTION('',(0.,1.,0.));
#3135=DIRECTION('center_axis',(0.,1.,0.));
#3136=DIRECTION('ref_axis',(1.,0.,0.));
#3137=DIRECTION('center_axis',(0.,-1.,0.));
#3138=DIRECTION('ref_axis',(4.23056204722142E-13,0.,-1.));
#3139=DIRECTION('',(-0.707106772554865,0.707106781186556,-0.000110485434972291));
#3140=DIRECTION('center_axis',(0.,1.,0.));
#3141=DIRECTION('ref_axis',(1.,0.,0.));
#3142=DIRECTION('',(-0.707106772554866,-0.707106781186555,0.000110485434344254));
#3143=DIRECTION('center_axis',(0.,-1.,0.));
#3144=DIRECTION('ref_axis',(1.,0.,0.));
#3145=DIRECTION('center_axis',(0.,-1.,0.));
#3146=DIRECTION('ref_axis',(-4.22068446377432E-13,0.,1.));
#3147=DIRECTION('center_axis',(0.,1.,0.));
#3148=DIRECTION('ref_axis',(1.,0.,0.));
#3149=DIRECTION('center_axis',(0.,-1.,0.));
#3150=DIRECTION('ref_axis',(1.,0.,0.));
#3151=DIRECTION('center_axis',(0.,-1.,0.));
#3152=DIRECTION('ref_axis',(4.21701052337687E-13,0.,-1.));
#3153=DIRECTION('',(0.,-1.,0.));
#3154=DIRECTION('center_axis',(0.,-1.,0.));
#3155=DIRECTION('ref_axis',(1.,0.,0.));
#3156=DIRECTION('',(0.,-1.,0.));
#3157=DIRECTION('center_axis',(0.,1.,0.));
#3158=DIRECTION('ref_axis',(1.,0.,0.));
#3159=DIRECTION('center_axis',(0.,-1.,0.));
#3160=DIRECTION('ref_axis',(-1.77646173846872E-11,0.,-1.));
#3161=DIRECTION('',(-0.707106772554864,0.707106781186558,-0.000110485425928559));
#3162=DIRECTION('center_axis',(0.,1.,0.));
#3163=DIRECTION('ref_axis',(1.,0.,0.));
#3164=DIRECTION('',(-0.707106772554862,-0.707106781186556,0.000110485451050038));
#3165=DIRECTION('center_axis',(0.,-1.,0.));
#3166=DIRECTION('ref_axis',(1.,0.,0.));
#3167=DIRECTION('center_axis',(0.,-1.,0.));
#3168=DIRECTION('ref_axis',(1.77633846969826E-11,0.,1.));
#3169=DIRECTION('center_axis',(0.,1.,0.));
#3170=DIRECTION('ref_axis',(1.,0.,0.));
#3171=DIRECTION('center_axis',(0.,-1.,0.));
#3172=DIRECTION('ref_axis',(1.,0.,0.));
#3173=DIRECTION('center_axis',(0.,-1.,0.));
#3174=DIRECTION('ref_axis',(-1.77637520910224E-11,0.,-1.));
#3175=DIRECTION('',(0.,-1.,0.));
#3176=DIRECTION('center_axis',(0.,-1.,0.));
#3177=DIRECTION('ref_axis',(1.,0.,0.));
#3178=DIRECTION('',(0.,-1.,0.));
#3179=DIRECTION('center_axis',(0.,1.,0.));
#3180=DIRECTION('ref_axis',(1.,0.,0.));
#3181=DIRECTION('center_axis',(0.,1.,0.));
#3182=DIRECTION('ref_axis',(1.,0.,0.));
#3183=DIRECTION('center_axis',(0.,-1.,0.));
#3184=DIRECTION('ref_axis',(1.,0.,0.));
#3185=DIRECTION('',(0.70710678118654,0.707106781186555,8.65956056235484E-17));
#3186=DIRECTION('center_axis',(0.,1.,0.));
#3187=DIRECTION('ref_axis',(1.,0.,0.));
#3188=DIRECTION('center_axis',(0.,1.,0.));
#3189=DIRECTION('ref_axis',(1.,0.,0.));
#3190=DIRECTION('',(0.,1.,0.));
#3191=DIRECTION('center_axis',(0.,-1.,0.));
#3192=DIRECTION('ref_axis',(1.,0.,0.));
#3193=DIRECTION('',(0.70710678118654,0.707106781186555,8.65956056235484E-17));
#3194=DIRECTION('center_axis',(0.,1.,0.));
#3195=DIRECTION('ref_axis',(1.,0.,0.));
#3196=DIRECTION('center_axis',(0.,1.,0.));
#3197=DIRECTION('ref_axis',(1.,0.,0.));
#3198=DIRECTION('',(0.,1.,0.));
#3199=DIRECTION('center_axis',(0.577350269189604,0.577350269189656,0.577350269189617));
#3200=DIRECTION('ref_axis',(0.707106781186555,0.,-0.70710678118654));
#3201=DIRECTION('',(-0.707106781186555,0.,0.70710678118654));
#3202=DIRECTION('',(0.707106781186548,-0.707106781186548,6.28036983473509E-14));
#3203=DIRECTION('',(0.,0.707106781186524,-0.707106781186571));
#3204=DIRECTION('center_axis',(-0.577350269189622,0.577350269189622,-0.577350269189634));
#3205=DIRECTION('ref_axis',(-0.707106781186555,0.,0.70710678118654));
#3206=DIRECTION('',(-0.707106781186547,-0.707106781186548,0.));
#3207=DIRECTION('',(0.,0.707106781186555,0.70710678118654));
#3208=DIRECTION('',(0.707106781186555,0.,-0.70710678118654));
#3209=DIRECTION('center_axis',(0.,0.70710678118654,-0.707106781186555));
#3210=DIRECTION('ref_axis',(-1.,0.,0.));
#3211=DIRECTION('',(0.,-0.707106781186555,-0.70710678118654));
#3212=DIRECTION('',(-1.,0.,0.));
#3213=DIRECTION('',(1.,0.,0.));
#3214=DIRECTION('center_axis',(0.,-1.,0.));
#3215=DIRECTION('ref_axis',(1.,0.,0.));
#3216=DIRECTION('center_axis',(0.,-1.,0.));
#3217=DIRECTION('ref_axis',(1.,0.,0.));
#3218=DIRECTION('',(0.707106781186544,-0.707106781186551,0.));
#3219=DIRECTION('center_axis',(0.,1.,0.));
#3220=DIRECTION('ref_axis',(1.,0.,0.));
#3221=DIRECTION('center_axis',(0.707106781186548,0.707106781186548,0.));
#3222=DIRECTION('ref_axis',(0.,0.,-1.));
#3223=DIRECTION('',(0.,0.,1.));
#3224=DIRECTION('',(0.,0.,-1.));
#3225=DIRECTION('center_axis',(-0.70710678118654,0.,-0.707106781186555));
#3226=DIRECTION('ref_axis',(-0.707106781186555,0.,0.70710678118654));
#3227=DIRECTION('',(0.707106781186555,4.75427389320796E-16,-0.70710678118654));
#3228=DIRECTION('',(0.,1.,0.));
#3229=DIRECTION('',(0.,-1.,0.));
#3230=DIRECTION('center_axis',(4.02910654995021E-16,0.707106781186571,0.707106781186524));
#3231=DIRECTION('ref_axis',(1.,0.,-5.69801712718605E-16));
#3232=DIRECTION('',(4.90653893338663E-16,-0.707106781186524,0.707106781186571));
#3233=DIRECTION('',(1.,0.,-5.69801712718605E-16));
#3234=DIRECTION('',(-1.,0.,5.69801712718605E-16));
#3235=DIRECTION('center_axis',(0.,-1.,0.));
#3236=DIRECTION('ref_axis',(-1.,0.,0.));
#3237=DIRECTION('center_axis',(0.,-1.,0.));
#3238=DIRECTION('ref_axis',(-1.,0.,0.));
#3239=DIRECTION('',(-0.707106781186539,-0.707106781186556,0.));
#3240=DIRECTION('center_axis',(0.,1.,0.));
#3241=DIRECTION('ref_axis',(-1.,0.,0.));
#3242=DIRECTION('center_axis',(-0.707106781186548,0.707106781186547,-1.51227928196692E-16));
#3243=DIRECTION('ref_axis',(-2.13868587065346E-16,0.,1.));
#3244=DIRECTION('',(2.13868587065346E-16,0.,-1.));
#3245=DIRECTION('',(-2.13868587065346E-16,0.,1.));
#3246=DIRECTION('center_axis',(0.70710678118654,0.,0.707106781186555));
#3247=DIRECTION('ref_axis',(0.707106781186555,0.,-0.70710678118654));
#3248=DIRECTION('',(-0.707106781186555,0.,0.70710678118654));
#3249=DIRECTION('',(0.,1.,0.));
#3250=DIRECTION('',(0.,-1.,0.));
#3251=DIRECTION('center_axis',(0.,0.,-1.));
#3252=DIRECTION('ref_axis',(1.,0.,0.));
#3253=DIRECTION('',(-1.,0.,0.));
#3254=DIRECTION('',(0.,-1.,0.));
#3255=DIRECTION('',(1.,0.,0.));
#3256=DIRECTION('',(0.,-1.,0.));
#3257=DIRECTION('center_axis',(0.,-1.,0.));
#3258=DIRECTION('ref_axis',(1.,0.,0.));
#3259=DIRECTION('',(0.,-1.,0.));
#3260=DIRECTION('center_axis',(0.,-1.,0.));
#3261=DIRECTION('ref_axis',(1.,0.,0.));
#3262=DIRECTION('center_axis',(1.,0.,0.));
#3263=DIRECTION('ref_axis',(0.,0.,1.));
#3264=DIRECTION('',(0.,0.,-1.));
#3265=DIRECTION('',(0.,1.,0.));
#3266=DIRECTION('',(0.,0.,1.));
#3267=DIRECTION('center_axis',(0.,1.,0.));
#3268=DIRECTION('ref_axis',(1.,0.,0.));
#3269=DIRECTION('center_axis',(0.,1.,0.));
#3270=DIRECTION('ref_axis',(1.,0.,0.));
#3271=DIRECTION('center_axis',(0.,1.,0.));
#3272=DIRECTION('ref_axis',(1.,0.,0.));
#3273=DIRECTION('center_axis',(0.,1.,0.));
#3274=DIRECTION('ref_axis',(-4.20292089538031E-13,0.,1.));
#3275=DIRECTION('',(-0.707106772554865,0.707106781186555,-0.000110485434721076));
#3276=DIRECTION('',(-0.707106772554866,-0.707106781186555,0.000110485434155843));
#3277=DIRECTION('center_axis',(0.,-1.,0.));
#3278=DIRECTION('ref_axis',(1.,0.,0.));
#3279=DIRECTION('center_axis',(0.,1.,0.));
#3280=DIRECTION('ref_axis',(4.23278249327067E-13,0.,-1.));
#3281=DIRECTION('center_axis',(0.,-1.,0.));
#3282=DIRECTION('ref_axis',(-4.21601472412677E-13,0.,1.));
#3283=DIRECTION('center_axis',(-0.57735026918963,0.577350269189617,0.57735026918963));
#3284=DIRECTION('ref_axis',(0.707106781186547,0.,0.707106781186547));
#3285=DIRECTION('',(0.,-0.707106781186555,0.70710678118654));
#3286=DIRECTION('',(0.70710678118654,0.707106781186555,0.));
#3287=DIRECTION('',(-0.707106781186548,0.,-0.707106781186548));
#3288=DIRECTION('center_axis',(0.57735026918963,0.577350269189617,-0.57735026918963));
#3289=DIRECTION('ref_axis',(-0.707106781186547,0.,-0.707106781186547));
#3290=DIRECTION('',(0.,-0.707106781186555,-0.70710678118654));
#3291=DIRECTION('',(-0.70710678118654,0.707106781186555,0.));
#3292=DIRECTION('',(0.707106781186548,0.,0.707106781186548));
#3293=DIRECTION('center_axis',(0.707106781186555,0.70710678118654,2.01637237595591E-16));
#3294=DIRECTION('ref_axis',(2.85158116087128E-16,0.,-1.));
#3295=DIRECTION('',(0.70710678118654,-0.707106781186555,0.));
#3296=DIRECTION('',(2.85158116087128E-16,0.,-1.));
#3297=DIRECTION('',(-2.85158116087128E-16,0.,1.));
#3298=DIRECTION('center_axis',(0.,-1.,0.));
#3299=DIRECTION('ref_axis',(0.,0.,1.));
#3300=DIRECTION('center_axis',(0.,-1.,0.));
#3301=DIRECTION('ref_axis',(0.,0.,1.));
#3302=DIRECTION('',(0.,-0.707106781186555,0.70710678118654));
#3303=DIRECTION('center_axis',(0.,1.,0.));
#3304=DIRECTION('ref_axis',(0.,0.,1.));
#3305=DIRECTION('center_axis',(4.02910654995039E-16,0.70710678118654,0.707106781186555));
#3306=DIRECTION('ref_axis',(1.,0.,-5.69801712718605E-16));
#3307=DIRECTION('',(-1.,0.,5.69801712718605E-16));
#3308=DIRECTION('',(1.,0.,-5.69801712718605E-16));
#3309=DIRECTION('center_axis',(0.707106781186548,0.,-0.707106781186548));
#3310=DIRECTION('ref_axis',(-0.707106781186548,0.,-0.707106781186548));
#3311=DIRECTION('',(0.707106781186548,-4.75427389320802E-16,0.707106781186548));
#3312=DIRECTION('',(0.,1.,0.));
#3313=DIRECTION('',(0.,-1.,0.));
#3314=DIRECTION('center_axis',(0.,0.70710678118654,-0.707106781186555));
#3315=DIRECTION('ref_axis',(-1.,0.,0.));
#3316=DIRECTION('',(0.,0.707106781186555,0.70710678118654));
#3317=DIRECTION('',(1.,0.,0.));
#3318=DIRECTION('',(-1.,0.,0.));
#3319=DIRECTION('center_axis',(0.,-1.,0.));
#3320=DIRECTION('ref_axis',(-1.,0.,0.));
#3321=DIRECTION('',(0.70710678118654,0.707106781186555,0.));
#3322=DIRECTION('center_axis',(0.,-1.,0.));
#3323=DIRECTION('ref_axis',(-1.,0.,0.));
#3324=DIRECTION('center_axis',(0.,1.,0.));
#3325=DIRECTION('ref_axis',(-1.,0.,0.));
#3326=DIRECTION('center_axis',(-0.707106781186555,0.70710678118654,0.));
#3327=DIRECTION('ref_axis',(0.,0.,1.));
#3328=DIRECTION('',(0.,0.,1.));
#3329=DIRECTION('',(0.,0.,-1.));
#3330=DIRECTION('center_axis',(-0.707106781186548,0.,0.707106781186548));
#3331=DIRECTION('ref_axis',(0.707106781186548,0.,0.707106781186548));
#3332=DIRECTION('',(-0.707106781186548,0.,-0.707106781186548));
#3333=DIRECTION('',(0.,1.,0.));
#3334=DIRECTION('',(0.,-1.,0.));
#3335=DIRECTION('center_axis',(-1.,0.,-2.85158116087128E-16));
#3336=DIRECTION('ref_axis',(2.85158116087128E-16,0.,-1.));
#3337=DIRECTION('',(0.,-1.,0.));
#3338=DIRECTION('',(1.1667904406666E-16,0.912456757808826,-0.409173148103594));
#3339=DIRECTION('center_axis',(-1.,0.,-2.85158116087128E-16));
#3340=DIRECTION('ref_axis',(0.,1.,-1.7763568394003E-14));
#3341=DIRECTION('',(2.85158116087128E-16,6.72355861901111E-16,-1.));
#3342=DIRECTION('center_axis',(0.,-1.,0.));
#3343=DIRECTION('ref_axis',(0.,0.,1.));
#3344=DIRECTION('',(0.,-1.,0.));
#3345=DIRECTION('center_axis',(-5.69801712718605E-16,0.,-1.));
#3346=DIRECTION('ref_axis',(1.,0.,-5.69801712718605E-16));
#3347=DIRECTION('',(1.,0.,-5.69801712718605E-16));
#3348=DIRECTION('center_axis',(-5.69801712718605E-16,0.,-1.));
#3349=DIRECTION('ref_axis',(0.9167522326109,0.39945631050583,0.));
#3350=DIRECTION('',(0.399456310505838,-0.916752232610897,-2.27610889882481E-16));
#3351=DIRECTION('center_axis',(0.,1.,0.));
#3352=DIRECTION('ref_axis',(1.,0.,0.));
#3353=DIRECTION('center_axis',(0.,1.,0.));
#3354=DIRECTION('ref_axis',(1.,0.,0.));
#3355=DIRECTION('center_axis',(0.,1.,0.));
#3356=DIRECTION('ref_axis',(1.,0.,0.));
#3357=DIRECTION('center_axis',(0.,1.,0.));
#3358=DIRECTION('ref_axis',(1.77633846969826E-11,0.,1.));
#3359=DIRECTION('',(-0.707106772554881,0.707106781186542,-0.000110485418078094));
#3360=DIRECTION('',(-0.707106772554863,-0.707106781186556,0.000110485443199576));
#3361=DIRECTION('center_axis',(0.,-1.,0.));
#3362=DIRECTION('ref_axis',(1.,0.,0.));
#3363=DIRECTION('center_axis',(0.,1.,0.));
#3364=DIRECTION('ref_axis',(-1.77632851170576E-11,0.,-1.));
#3365=DIRECTION('center_axis',(0.,-1.,0.));
#3366=DIRECTION('ref_axis',(1.77638516709474E-11,0.,1.));
#3367=DIRECTION('center_axis',(0.577350269189632,0.577350269189635,0.57735026918961));
#3368=DIRECTION('ref_axis',(0.707106781186534,0.,-0.707106781186561));
#3369=DIRECTION('',(0.707106781186555,-0.70710678118654,0.));
#3370=DIRECTION('',(-3.14018491736755E-14,0.707106781186548,-0.707106781186548));
#3371=DIRECTION('',(-0.707106781186534,0.,0.707106781186561));
#3372=DIRECTION('center_axis',(-0.577350269189635,0.577350269189621,-0.577350269189621));
#3373=DIRECTION('ref_axis',(-0.707106781186539,0.,0.707106781186556));
#3374=DIRECTION('',(-0.70710678118654,-0.707106781186555,3.92523114670948E-15));
#3375=DIRECTION('',(0.,0.707106781186548,0.707106781186548));
#3376=DIRECTION('',(0.707106781186539,0.,-0.707106781186556));
#3377=DIRECTION('center_axis',(-3.02182991246276E-16,0.707106781186548,
-0.707106781186548));
#3378=DIRECTION('ref_axis',(-1.,0.,4.27351284538954E-16));
#3379=DIRECTION('',(0.,-0.707106781186548,-0.707106781186548));
#3380=DIRECTION('',(-1.,0.,4.27351284538954E-16));
#3381=DIRECTION('',(1.,0.,-4.27351284538954E-16));
#3382=DIRECTION('center_axis',(0.,-1.,0.));
#3383=DIRECTION('ref_axis',(1.,0.,0.));
#3384=DIRECTION('center_axis',(0.,-1.,0.));
#3385=DIRECTION('ref_axis',(1.,0.,0.));
#3386=DIRECTION('',(0.70710678118654,-0.707106781186555,0.));
#3387=DIRECTION('center_axis',(0.,1.,0.));
#3388=DIRECTION('ref_axis',(1.,0.,0.));
#3389=DIRECTION('center_axis',(0.70710678118654,0.707106781186555,2.01637237595586E-16));
#3390=DIRECTION('ref_axis',(2.85158116087128E-16,0.,-1.));
#3391=DIRECTION('',(-2.85158116087128E-16,0.,1.));
#3392=DIRECTION('',(2.85158116087128E-16,0.,-1.));
#3393=DIRECTION('center_axis',(-0.707106781186556,0.,-0.707106781186539));
#3394=DIRECTION('ref_axis',(-0.707106781186539,0.,0.707106781186556));
#3395=DIRECTION('',(0.707106781186539,0.,-0.707106781186556));
#3396=DIRECTION('',(0.,1.,0.));
#3397=DIRECTION('',(0.,-1.,0.));
#3398=DIRECTION('center_axis',(0.,0.707106781186548,0.707106781186548));
#3399=DIRECTION('ref_axis',(1.,0.,0.));
#3400=DIRECTION('',(0.,-0.707106781186546,0.707106781186549));
#3401=DIRECTION('',(1.,0.,0.));
#3402=DIRECTION('',(-1.,0.,0.));
#3403=DIRECTION('center_axis',(0.,-1.,0.));
#3404=DIRECTION('ref_axis',(-1.,0.,0.));
#3405=DIRECTION('center_axis',(0.,-1.,0.));
#3406=DIRECTION('ref_axis',(-1.,0.,0.));
#3407=DIRECTION('',(-0.70710678118654,-0.707106781186555,0.));
#3408=DIRECTION('center_axis',(0.,1.,0.));
#3409=DIRECTION('ref_axis',(-1.,0.,0.));
#3410=DIRECTION('center_axis',(-0.707106781186555,0.70710678118654,0.));
#3411=DIRECTION('ref_axis',(0.,0.,1.));
#3412=DIRECTION('',(0.,0.,-1.));
#3413=DIRECTION('',(0.,0.,1.));
#3414=DIRECTION('center_axis',(0.707106781186561,0.,0.707106781186534));
#3415=DIRECTION('ref_axis',(0.707106781186534,0.,-0.707106781186561));
#3416=DIRECTION('',(-0.707106781186534,0.,0.707106781186561));
#3417=DIRECTION('',(0.,1.,0.));
#3418=DIRECTION('',(0.,-1.,0.));
#3419=DIRECTION('center_axis',(4.27351284538954E-16,0.,1.));
#3420=DIRECTION('ref_axis',(-1.,0.,4.27351284538954E-16));
#3421=DIRECTION('',(0.,-1.,0.));
#3422=DIRECTION('',(-0.399456310505838,0.916752232610897,1.72486377489068E-16));
#3423=DIRECTION('center_axis',(4.31802860419568E-16,0.,1.));
#3424=DIRECTION('ref_axis',(0.9167522326109,0.39945631050583,0.));
#3425=DIRECTION('',(-1.,0.,4.31802860419568E-16));
#3426=DIRECTION('center_axis',(0.,-1.,0.));
#3427=DIRECTION('ref_axis',(1.,0.,0.));
#3428=DIRECTION('',(0.,-1.,0.));
#3429=DIRECTION('center_axis',(-1.,0.,-2.85158116087128E-16));
#3430=DIRECTION('ref_axis',(2.85158116087128E-16,0.,-1.));
#3431=DIRECTION('',(2.85158116087128E-16,0.,-1.));
#3432=DIRECTION('center_axis',(-1.,0.,-2.85158116087128E-16));
#3433=DIRECTION('ref_axis',(0.,0.399456082582253,-0.916752331923972));
#3434=DIRECTION('',(1.139081439687E-16,-0.916752331923971,-0.399456082582256));
#3435=DIRECTION('center_axis',(0.,1.,0.));
#3436=DIRECTION('ref_axis',(1.,0.,0.));
#3437=DIRECTION('center_axis',(0.,1.,0.));
#3438=DIRECTION('ref_axis',(1.,0.,0.));
#3439=DIRECTION('center_axis',(0.,1.,0.));
#3440=DIRECTION('ref_axis',(1.,0.,0.));
#3441=DIRECTION('',(0.70710678118654,-0.707106781186555,-8.65956056235484E-17));
#3442=DIRECTION('center_axis',(0.577350269189624,0.577350269189623,-0.577350269189631));
#3443=DIRECTION('ref_axis',(-0.707106781186552,0.,-0.707106781186543));
#3444=DIRECTION('',(-1.57009245868378E-14,-0.707106781186548,-0.707106781186547));
#3445=DIRECTION('',(-0.707106781186548,0.707106781186548,-9.81307786677358E-16));
#3446=DIRECTION('',(0.707106781186552,0.,0.707106781186543));
#3447=DIRECTION('center_axis',(-0.577350269189626,0.577350269189626,0.577350269189626));
#3448=DIRECTION('ref_axis',(0.707106781186547,0.,0.707106781186548));
#3449=DIRECTION('',(0.,-0.707106781186548,0.707106781186548));
#3450=DIRECTION('',(0.707106781186547,0.707106781186548,0.));
#3451=DIRECTION('',(-0.707106781186547,0.,-0.707106781186548));
#3452=DIRECTION('center_axis',(-0.707106781186548,0.707106781186547,-1.51227928196692E-16));
#3453=DIRECTION('ref_axis',(-2.13868587065346E-16,0.,1.));
#3454=DIRECTION('',(-0.707106781186547,-0.707106781186548,0.));
#3455=DIRECTION('',(-2.13868587065346E-16,0.,1.));
#3456=DIRECTION('',(2.13868587065346E-16,0.,-1.));
#3457=DIRECTION('center_axis',(0.,-1.,0.));
#3458=DIRECTION('ref_axis',(0.,0.,-1.));
#3459=DIRECTION('center_axis',(0.,-1.,0.));
#3460=DIRECTION('ref_axis',(0.,0.,-1.));
#3461=DIRECTION('',(0.,-0.707106781186548,-0.707106781186547));
#3462=DIRECTION('center_axis',(0.,1.,0.));
#3463=DIRECTION('ref_axis',(0.,0.,-1.));
#3464=DIRECTION('center_axis',(-3.02182991246276E-16,0.707106781186547,
-0.707106781186548));
#3465=DIRECTION('ref_axis',(-1.,0.,4.27351284538954E-16));
#3466=DIRECTION('',(1.,0.,-4.27351284538954E-16));
#3467=DIRECTION('',(-1.,0.,4.27351284538954E-16));
#3468=DIRECTION('center_axis',(-0.707106781186548,0.,0.707106781186547));
#3469=DIRECTION('ref_axis',(0.707106781186547,0.,0.707106781186548));
#3470=DIRECTION('',(-0.707106781186547,0.,-0.707106781186548));
#3471=DIRECTION('',(0.,1.,0.));
#3472=DIRECTION('',(0.,-1.,0.));
#3473=DIRECTION('center_axis',(0.,0.707106781186548,0.707106781186548));
#3474=DIRECTION('ref_axis',(1.,0.,0.));
#3475=DIRECTION('',(0.,0.707106781186548,-0.707106781186548));
#3476=DIRECTION('',(-1.,0.,0.));
#3477=DIRECTION('',(1.,0.,0.));
#3478=DIRECTION('center_axis',(0.,-1.,0.));
#3479=DIRECTION('ref_axis',(1.,0.,0.));
#3480=DIRECTION('',(-0.707106781186545,0.70710678118655,0.));
#3481=DIRECTION('center_axis',(0.,-1.,0.));
#3482=DIRECTION('ref_axis',(1.,0.,0.));
#3483=DIRECTION('center_axis',(0.,1.,0.));
#3484=DIRECTION('ref_axis',(1.,0.,0.));
#3485=DIRECTION('center_axis',(0.707106781186548,0.707106781186548,0.));
#3486=DIRECTION('ref_axis',(0.,0.,-1.));
#3487=DIRECTION('',(0.,0.,-1.));
#3488=DIRECTION('',(0.,0.,1.));
#3489=DIRECTION('center_axis',(0.707106781186543,0.,-0.707106781186552));
#3490=DIRECTION('ref_axis',(-0.707106781186552,0.,-0.707106781186543));
#3491=DIRECTION('',(0.707106781186552,0.,0.707106781186543));
#3492=DIRECTION('',(0.,1.,0.));
#3493=DIRECTION('',(0.,-1.,0.));
#3494=DIRECTION('center_axis',(1.,0.,2.13868587065346E-16));
#3495=DIRECTION('ref_axis',(-2.13868587065346E-16,0.,1.));
#3496=DIRECTION('',(0.,-1.,0.));
#3497=DIRECTION('',(-8.54311079765251E-17,0.916752331923971,0.399456082582256));
#3498=DIRECTION('center_axis',(1.,0.,2.13868587065346E-16));
#3499=DIRECTION('ref_axis',(0.,0.399456082582253,-0.916752331923972));
#3500=DIRECTION('',(-2.13868587065346E-16,0.,1.));
#3501=DIRECTION('center_axis',(0.,-1.,0.));
#3502=DIRECTION('ref_axis',(0.,0.,-1.));
#3503=DIRECTION('',(0.,-1.,0.));
#3504=DIRECTION('center_axis',(4.27351284538954E-16,0.,1.));
#3505=DIRECTION('ref_axis',(-1.,0.,4.27351284538954E-16));
#3506=DIRECTION('',(-1.,0.,4.31802860419568E-16));
#3507=DIRECTION('center_axis',(4.31802860419568E-16,0.,1.));
#3508=DIRECTION('ref_axis',(6.66133814775096E-15,1.,0.));
#3509=DIRECTION('',(-0.399456310505837,-0.916752232610897,1.70708167411861E-16));
#3510=DIRECTION('center_axis',(0.,1.,0.));
#3511=DIRECTION('ref_axis',(1.,0.,0.));
#3512=DIRECTION('center_axis',(0.,1.,0.));
#3513=DIRECTION('ref_axis',(1.,0.,0.));
#3514=DIRECTION('center_axis',(0.,1.,0.));
#3515=DIRECTION('ref_axis',(1.,0.,0.));
#3516=DIRECTION('',(0.707106781186548,-0.707106781186548,-8.65956056235494E-17));
#3517=DIRECTION('center_axis',(-1.,0.,-2.11640789283415E-16));
#3518=DIRECTION('ref_axis',(-2.11640789283415E-16,0.,1.));
#3519=DIRECTION('',(0.,-1.,0.));
#3520=DIRECTION('',(-2.11640789283415E-16,0.,1.));
#3521=DIRECTION('center_axis',(-1.,0.,-2.11640789283415E-16));
#3522=DIRECTION('ref_axis',(0.,-1.,-1.51394048812521E-15));
#3523=DIRECTION('',(-2.11640789283415E-16,-1.07009448156642E-15,1.));
#3524=DIRECTION('center_axis',(-1.,0.,-2.11640789283415E-16));
#3525=DIRECTION('ref_axis',(0.,1.,2.01858731750028E-15));
#3526=DIRECTION('',(-2.11640629025548E-16,-0.00123062266300066,0.999999242783644));
#3527=DIRECTION('center_axis',(-1.,0.,-2.11640789283415E-16));
#3528=DIRECTION('ref_axis',(0.,-1.,-3.77948263702181E-15));
#3529=DIRECTION('',(-2.11640789283415E-16,-4.24647516331281E-15,1.));
#3530=DIRECTION('center_axis',(-1.,0.,-2.11640789283415E-16));
#3531=DIRECTION('ref_axis',(0.,1.,0.));
#3532=DIRECTION('',(-2.11640629025548E-16,-0.00123062266300066,0.999999242783644));
#3533=DIRECTION('center_axis',(-1.,0.,-2.11640789283415E-16));
#3534=DIRECTION('ref_axis',(0.,-1.,7.55896527404362E-15));
#3535=DIRECTION('',(-2.11640789283415E-16,3.88833870375631E-15,1.));
#3536=DIRECTION('center_axis',(-1.,0.,-2.11640789283415E-16));
#3537=DIRECTION('ref_axis',(0.,1.,-7.55896527404362E-15));
#3538=DIRECTION('',(-2.11640789283415E-16,-6.72355861901111E-16,1.));
#3539=DIRECTION('',(-2.11640789283415E-16,0.,1.));
#3540=DIRECTION('center_axis',(0.,1.,0.));
#3541=DIRECTION('ref_axis',(1.,0.,0.));
#3542=DIRECTION('',(1.,0.,-5.69801712718605E-16));
#3543=DIRECTION('',(0.,0.,-1.));
#3544=DIRECTION('center_axis',(0.,-1.,0.));
#3545=DIRECTION('ref_axis',(1.,0.,0.));
#3546=DIRECTION('',(1.,0.,0.));
#3547=DIRECTION('',(2.85158116087128E-16,0.,-1.));
#3548=DIRECTION('',(-1.,0.,0.));
#3549=DIRECTION('center_axis',(0.,-1.,0.));
#3550=DIRECTION('ref_axis',(1.,0.,0.));
#3551=DIRECTION('',(0.,0.,-1.));
#3552=DIRECTION('',(-1.,0.,4.27351284538954E-16));
#3553=DIRECTION('',(0.,0.,1.));
#3554=DIRECTION('center_axis',(0.,-1.,0.));
#3555=DIRECTION('ref_axis',(1.,0.,0.));
#3556=DIRECTION('',(-1.,0.,0.));
#3557=DIRECTION('center_axis',(1.,0.,2.13868587065346E-16));
#3558=DIRECTION('ref_axis',(-2.13868587065346E-16,0.,1.));
#3559=DIRECTION('',(-2.13868587065346E-16,-6.72355861901111E-16,1.));
#3560=DIRECTION('center_axis',(1.,0.,2.13868587065346E-16));
#3561=DIRECTION('ref_axis',(0.,1.,-1.7763568394003E-14));
#3562=DIRECTION('',(-8.75092830499951E-17,-0.912456757808826,0.409173148103594));
#3563=DIRECTION('',(0.,-1.,0.));
#3564=DIRECTION('center_axis',(1.,0.,2.85158116087128E-16));
#3565=DIRECTION('ref_axis',(2.85158116087128E-16,0.,-1.));
#3566=DIRECTION('',(0.,-1.,0.));
#3567=DIRECTION('',(2.85158116087128E-16,6.72355861901111E-16,-1.));
#3568=DIRECTION('center_axis',(1.,0.,2.85158116087128E-16));
#3569=DIRECTION('ref_axis',(0.,1.,-7.55896527404362E-15));
#3570=DIRECTION('',(2.85158116087128E-16,-3.88833870375631E-15,-1.));
#3571=DIRECTION('center_axis',(1.,0.,2.85158116087128E-16));
#3572=DIRECTION('ref_axis',(0.,-1.,7.55896527404362E-15));
#3573=DIRECTION('',(2.85157900160738E-16,0.00123062266300066,-0.999999242783644));
#3574=DIRECTION('center_axis',(1.,0.,2.85158116087128E-16));
#3575=DIRECTION('ref_axis',(0.,1.,0.));
#3576=DIRECTION('',(2.85158116087128E-16,4.24647516331281E-15,-1.));
#3577=DIRECTION('center_axis',(1.,0.,2.85158116087128E-16));
#3578=DIRECTION('ref_axis',(0.,-1.,-3.77948263702181E-15));
#3579=DIRECTION('',(2.85157900160738E-16,0.00123062266300066,-0.999999242783644));
#3580=DIRECTION('center_axis',(1.,0.,2.85158116087128E-16));
#3581=DIRECTION('ref_axis',(0.,1.,2.01858731750028E-15));
#3582=DIRECTION('',(2.85158116087128E-16,1.07009448156642E-15,-1.));
#3583=DIRECTION('center_axis',(1.,0.,2.85158116087128E-16));
#3584=DIRECTION('ref_axis',(0.,-1.,-1.51394048812521E-15));
#3585=DIRECTION('',(2.85158116087128E-16,0.,-1.));
#3586=DIRECTION('',(0.,-1.,0.));
#3587=DIRECTION('center_axis',(0.,0.,1.));
#3588=DIRECTION('ref_axis',(-1.,0.,0.));
#3589=DIRECTION('',(1.,0.,0.));
#3590=DIRECTION('',(0.,-1.,0.));
#3591=DIRECTION('center_axis',(0.,-1.,0.));
#3592=DIRECTION('ref_axis',(1.,0.,0.));
#3593=DIRECTION('',(0.,-1.,0.));
#3594=DIRECTION('center_axis',(1.,0.,0.));
#3595=DIRECTION('ref_axis',(0.,0.,1.));
#3596=DIRECTION('',(0.,-1.,0.));
#3597=DIRECTION('',(0.,0.,-1.));
#3598=DIRECTION('center_axis',(-4.31802860419568E-16,0.,-1.));
#3599=DIRECTION('ref_axis',(-1.,0.,4.31802860419568E-16));
#3600=DIRECTION('',(0.,1.,0.));
#3601=DIRECTION('',(-1.,0.,4.31802860419568E-16));
#3602=DIRECTION('center_axis',(5.69801712718605E-16,0.,1.));
#3603=DIRECTION('ref_axis',(1.,0.,-5.69801712718605E-16));
#3604=DIRECTION('',(1.,0.,-5.69801712718605E-16));
#3605=DIRECTION('',(0.,-1.,0.));
#3606=DIRECTION('center_axis',(-1.,0.,0.));
#3607=DIRECTION('ref_axis',(0.,0.,-1.));
#3608=DIRECTION('',(0.,0.,1.));
#3609=DIRECTION('',(0.,-1.,0.));
#3610=DIRECTION('center_axis',(0.,-1.,0.));
#3611=DIRECTION('ref_axis',(1.,0.,0.));
#3612=DIRECTION('',(0.,-1.,0.));
#3613=DIRECTION('center_axis',(0.,0.,1.));
#3614=DIRECTION('ref_axis',(-1.,0.,0.));
#3615=DIRECTION('',(1.,0.,0.));
#3616=DIRECTION('center_axis',(0.,0.,-1.));
#3617=DIRECTION('ref_axis',(1.,0.,0.));
#3618=DIRECTION('',(-1.,0.,0.));
#3619=DIRECTION('',(0.,-1.,0.));
#3620=DIRECTION('center_axis',(0.,-1.,0.));
#3621=DIRECTION('ref_axis',(1.,0.,0.));
#3622=DIRECTION('',(0.,-1.,0.));
#3623=DIRECTION('center_axis',(-1.,0.,0.));
#3624=DIRECTION('ref_axis',(0.,0.,-1.));
#3625=DIRECTION('',(0.,0.,1.));
#3626=DIRECTION('center_axis',(1.,0.,0.));
#3627=DIRECTION('ref_axis',(0.,1.,0.));
#3628=DIRECTION('',(1.,0.,0.));
#3629=DIRECTION('center_axis',(1.,0.,2.13868587065346E-16));
#3630=DIRECTION('ref_axis',(0.,1.,0.));
#3631=DIRECTION('',(-1.,0.,0.));
#3632=DIRECTION('center_axis',(1.,0.,0.));
#3633=DIRECTION('ref_axis',(0.,1.,0.));
#3634=DIRECTION('center_axis',(-1.,0.,-2.85158116087128E-16));
#3635=DIRECTION('ref_axis',(0.,1.,0.));
#3636=DIRECTION('',(1.,0.,0.));
#3637=DIRECTION('',(-1.,0.,0.));
#3638=DIRECTION('center_axis',(1.,0.,0.));
#3639=DIRECTION('ref_axis',(0.,-1.,-3.77948263702181E-15));
#3640=DIRECTION('',(1.,0.,0.));
#3641=DIRECTION('center_axis',(1.,0.,2.13868587065346E-16));
#3642=DIRECTION('ref_axis',(0.,-1.,-3.77948263702181E-15));
#3643=DIRECTION('',(1.,0.,0.));
#3644=DIRECTION('center_axis',(0.,-1.,-4.24647516331281E-15));
#3645=DIRECTION('ref_axis',(4.38865896691119E-16,4.24647516331281E-15,-1.));
#3646=DIRECTION('',(2.13868587065346E-16,4.24647516331281E-15,-1.));
#3647=DIRECTION('center_axis',(1.,0.,0.));
#3648=DIRECTION('ref_axis',(0.,-1.,-3.77948263702181E-15));
#3649=DIRECTION('center_axis',(-1.,0.,-2.85158116087128E-16));
#3650=DIRECTION('ref_axis',(0.,-1.,-3.77948263702181E-15));
#3651=DIRECTION('',(-1.,0.,0.));
#3652=DIRECTION('',(1.,0.,0.));
#3653=DIRECTION('center_axis',(0.,-1.,-4.24647516331281E-15));
#3654=DIRECTION('ref_axis',(4.38865896691119E-16,4.24647516331281E-15,-1.));
#3655=DIRECTION('',(-2.85158116087128E-16,-4.24647516331281E-15,1.));
#3656=DIRECTION('center_axis',(1.,0.,0.));
#3657=DIRECTION('ref_axis',(0.,-1.,7.55896527404362E-15));
#3658=DIRECTION('',(1.,0.,0.));
#3659=DIRECTION('center_axis',(1.,0.,2.13868587065346E-16));
#3660=DIRECTION('ref_axis',(0.,-1.,7.55896527404362E-15));
#3661=DIRECTION('',(-1.,0.,0.));
#3662=DIRECTION('center_axis',(1.,0.,0.));
#3663=DIRECTION('ref_axis',(0.,-1.,7.55896527404362E-15));
#3664=DIRECTION('',(-1.,0.,0.));
#3665=DIRECTION('center_axis',(-1.,0.,-2.85158116087128E-16));
#3666=DIRECTION('ref_axis',(0.,-1.,7.55896527404362E-15));
#3667=DIRECTION('',(1.,0.,0.));
#3668=DIRECTION('center_axis',(1.,0.,0.));
#3669=DIRECTION('ref_axis',(0.,1.,-7.55896527404362E-15));
#3670=DIRECTION('',(1.,0.,0.));
#3671=DIRECTION('center_axis',(1.,0.,2.13868587065346E-16));
#3672=DIRECTION('ref_axis',(0.,1.,-7.55896527404362E-15));
#3673=DIRECTION('',(-1.,0.,0.));
#3674=DIRECTION('center_axis',(0.,-1.,3.88833870375631E-15));
#3675=DIRECTION('ref_axis',(2.95670857694026E-17,-3.88833870375631E-15,
-1.));
#3676=DIRECTION('',(2.13868587065346E-16,-3.88833870375631E-15,-1.));
#3677=DIRECTION('center_axis',(0.,-1.,3.88833870375631E-15));
#3678=DIRECTION('ref_axis',(2.95670857694026E-17,-3.88833870375631E-15,
-1.));
#3679=DIRECTION('',(1.,0.,0.));
#3680=DIRECTION('',(-2.85158116087128E-16,3.88833870375631E-15,1.));
#3681=DIRECTION('center_axis',(1.,0.,0.));
#3682=DIRECTION('ref_axis',(0.,1.,-7.55896527404362E-15));
#3683=DIRECTION('',(-1.,0.,0.));
#3684=DIRECTION('center_axis',(-1.,0.,-2.85158116087128E-16));
#3685=DIRECTION('ref_axis',(0.,1.,-7.55896527404362E-15));
#3686=DIRECTION('center_axis',(1.,0.,0.));
#3687=DIRECTION('ref_axis',(0.,1.,2.01858731750028E-15));
#3688=DIRECTION('center_axis',(1.,0.,2.13868587065346E-16));
#3689=DIRECTION('ref_axis',(0.,1.,2.01858731750028E-15));
#3690=DIRECTION('',(1.,0.,0.));
#3691=DIRECTION('',(-1.,0.,0.));
#3692=DIRECTION('center_axis',(1.,0.,0.));
#3693=DIRECTION('ref_axis',(0.,1.,2.01858731750028E-15));
#3694=DIRECTION('center_axis',(-1.,0.,-2.85158116087128E-16));
#3695=DIRECTION('ref_axis',(0.,1.,2.01858731750028E-15));
#3696=DIRECTION('',(-1.,0.,0.));
#3697=DIRECTION('',(-1.,0.,0.));
#3698=DIRECTION('center_axis',(1.,0.,0.));
#3699=DIRECTION('ref_axis',(0.,-1.,-1.51394048812521E-15));
#3700=DIRECTION('center_axis',(1.,0.,2.13868587065346E-16));
#3701=DIRECTION('ref_axis',(0.,-1.,-1.51394048812521E-15));
#3702=DIRECTION('',(1.,0.,0.));
#3703=DIRECTION('',(1.,0.,0.));
#3704=DIRECTION('center_axis',(0.,-1.,-1.07009448156642E-15));
#3705=DIRECTION('ref_axis',(5.83826170530542E-16,1.07009448156642E-15,-1.));
#3706=DIRECTION('',(2.13868587065346E-16,1.07009448156642E-15,-1.));
#3707=DIRECTION('center_axis',(1.,0.,0.));
#3708=DIRECTION('ref_axis',(0.,-1.,-1.51394048812521E-15));
#3709=DIRECTION('center_axis',(-1.,0.,-2.85158116087128E-16));
#3710=DIRECTION('ref_axis',(0.,-1.,-1.51394048812521E-15));
#3711=DIRECTION('',(-1.,0.,0.));
#3712=DIRECTION('',(1.,0.,0.));
#3713=DIRECTION('center_axis',(0.,-1.,-1.07009448156642E-15));
#3714=DIRECTION('ref_axis',(5.83826170530542E-16,1.07009448156642E-15,-1.));
#3715=DIRECTION('',(-2.85158116087128E-16,-1.07009448156642E-15,1.));
#3716=DIRECTION('center_axis',(0.,1.,6.72355861901111E-16));
#3717=DIRECTION('ref_axis',(-3.1724760741533E-30,-6.72355861901111E-16,
1.));
#3718=DIRECTION('',(-2.13868587065346E-16,-6.72355861901111E-16,1.));
#3719=DIRECTION('',(1.,0.,0.));
#3720=DIRECTION('center_axis',(0.,0.999999242783644,0.00123062266300066));
#3721=DIRECTION('ref_axis',(-1.17423913449221E-17,-0.00123062266300066,
0.999999242783644));
#3722=DIRECTION('',(2.85157900160738E-16,0.00123062266300066,-0.999999242783644));
#3723=DIRECTION('center_axis',(0.,0.999999242783644,0.00123062266300066));
#3724=DIRECTION('ref_axis',(-1.17423913449221E-17,-0.00123062266300066,
0.999999242783644));
#3725=DIRECTION('',(2.85157900160738E-16,0.00123062266300066,-0.999999242783644));
#3726=DIRECTION('center_axis',(0.,0.999999242783644,0.00123062266300066));
#3727=DIRECTION('ref_axis',(-1.17423913449221E-17,-0.00123062266300066,
0.999999242783644));
#3728=DIRECTION('',(-2.13868425120554E-16,-0.00123062266300066,0.999999242783644));
#3729=DIRECTION('center_axis',(0.,0.999999242783644,0.00123062266300066));
#3730=DIRECTION('ref_axis',(-1.17423913449221E-17,-0.00123062266300066,
0.999999242783644));
#3731=DIRECTION('',(-2.13868425120554E-16,-0.00123062266300066,0.999999242783644));
#3732=DIRECTION('center_axis',(-1.,0.,-2.13868587065346E-16));
#3733=DIRECTION('ref_axis',(-2.13868587065346E-16,0.,1.));
#3734=DIRECTION('',(-2.13868587065346E-16,0.,1.));
#3735=DIRECTION('center_axis',(1.,0.,2.13868587065346E-16));
#3736=DIRECTION('ref_axis',(0.,0.399456082582253,-0.916752331923972));
#3737=DIRECTION('',(-8.54311079765251E-17,0.916752331923971,0.399456082582256));
#3738=DIRECTION('',(2.13868587065346E-16,0.,-1.));
#3739=DIRECTION('',(-8.75092830499951E-17,-0.912456757808826,0.409173148103594));
#3740=DIRECTION('center_axis',(1.,0.,2.13868587065346E-16));
#3741=DIRECTION('ref_axis',(0.,1.,-1.7763568394003E-14));
#3742=DIRECTION('center_axis',(0.,1.,0.));
#3743=DIRECTION('ref_axis',(3.6849722248516E-32,0.,1.));
#3744=DIRECTION('',(1.,0.,0.));
#3745=DIRECTION('center_axis',(0.,1.,6.72355861901111E-16));
#3746=DIRECTION('ref_axis',(-3.1724760741533E-30,-6.72355861901111E-16,
1.));
#3747=DIRECTION('',(1.,0.,0.));
#3748=DIRECTION('',(2.85158116087128E-16,6.72355861901111E-16,-1.));
#3749=DIRECTION('center_axis',(1.,0.,0.));
#3750=DIRECTION('ref_axis',(0.,0.399456082582253,-0.916752331923972));
#3751=DIRECTION('',(1.,0.,0.));
#3752=DIRECTION('center_axis',(1.,0.,0.));
#3753=DIRECTION('ref_axis',(0.,1.,-1.7763568394003E-14));
#3754=DIRECTION('',(1.,0.,0.));
#3755=DIRECTION('center_axis',(-1.,0.,-2.85158116087128E-16));
#3756=DIRECTION('ref_axis',(0.,1.,-1.7763568394003E-14));
#3757=DIRECTION('center_axis',(0.,0.399456082582256,-0.916752331923971));
#3758=DIRECTION('ref_axis',(-1.20855976185786E-15,0.916752331923971,0.399456082582256));
#3759=DIRECTION('',(-0.675758940977183,0.675758940977185,0.294448140389423));
#3760=DIRECTION('center_axis',(0.,0.409173148103594,0.912456757808826));
#3761=DIRECTION('ref_axis',(0.,-0.912456757808826,0.409173148103594));
#3762=DIRECTION('',(0.674032964026294,0.674032964026297,-0.302256723352604));
#3763=DIRECTION('',(1.1667904406666E-16,0.912456757808826,-0.409173148103594));
#3764=DIRECTION('center_axis',(-5.69801712718605E-16,0.,-1.));
#3765=DIRECTION('ref_axis',(1.,0.,-5.69801712718605E-16));
#3766=DIRECTION('',(0.,-1.,0.));
#3767=DIRECTION('',(0.399456310505837,0.916752232610897,-2.27610889882481E-16));
#3768=DIRECTION('center_axis',(-5.69801712718605E-16,0.,-1.));
#3769=DIRECTION('ref_axis',(6.66133814775096E-15,1.,0.));
#3770=DIRECTION('',(1.,0.,-5.69801712718605E-16));
#3771=DIRECTION('center_axis',(0.,-1.,0.));
#3772=DIRECTION('ref_axis',(-1.,0.,0.));
#3773=DIRECTION('center_axis',(1.,0.,0.));
#3774=DIRECTION('ref_axis',(0.,0.399456082582253,-0.916752331923972));
#3775=DIRECTION('',(1.,0.,0.));
#3776=DIRECTION('center_axis',(-1.,0.,-2.85158116087128E-16));
#3777=DIRECTION('ref_axis',(0.,0.399456082582253,-0.916752331923972));
#3778=DIRECTION('',(1.,0.,0.));
#3779=DIRECTION('center_axis',(0.,1.,0.));
#3780=DIRECTION('ref_axis',(3.6849722248516E-32,0.,1.));
#3781=DIRECTION('',(2.85158116087128E-16,0.,-1.));
#3782=DIRECTION('center_axis',(0.,0.399456082582256,-0.916752331923971));
#3783=DIRECTION('ref_axis',(-1.20855976185786E-15,0.916752331923971,0.399456082582256));
#3784=DIRECTION('',(1.139081439687E-16,-0.916752331923971,-0.399456082582256));
#3785=DIRECTION('',(-0.675758940977182,-0.675758940977186,-0.294448140389423));
#3786=DIRECTION('center_axis',(1.,0.,2.85158116087128E-16));
#3787=DIRECTION('ref_axis',(2.85158116087128E-16,0.,-1.));
#3788=DIRECTION('',(-2.85158116087128E-16,0.,1.));
#3789=DIRECTION('center_axis',(0.707106781186549,-0.707106781186546,2.01637237595589E-16));
#3790=DIRECTION('ref_axis',(2.85158116087128E-16,0.,-1.));
#3791=DIRECTION('center_axis',(-0.707106781186548,-0.707106781186547,-1.51227928196692E-16));
#3792=DIRECTION('ref_axis',(-2.13868587065346E-16,0.,1.));
#3793=DIRECTION('',(0.674032964026295,-0.674032964026297,0.302256723352604));
#3794=DIRECTION('center_axis',(1.,0.,0.));
#3795=DIRECTION('ref_axis',(0.,1.,-1.7763568394003E-14));
#3796=DIRECTION('',(1.,0.,0.));
#3797=DIRECTION('center_axis',(0.,0.409173148103594,0.912456757808826));
#3798=DIRECTION('ref_axis',(0.,-0.912456757808826,0.409173148103594));
#3799=DIRECTION('center_axis',(4.02910654995032E-16,-0.707106781186552,
0.707106781186543));
#3800=DIRECTION('ref_axis',(1.,0.,-5.69801712718605E-16));
#3801=DIRECTION('',(0.29444832296329,0.675758901200751,0.67575890120076));
#3802=DIRECTION('',(0.294448322963291,-0.675758901200751,-0.67575890120076));
#3803=DIRECTION('',(-1.,0.,5.69801712718605E-16));
#3804=DIRECTION('center_axis',(5.69801712718605E-16,0.,1.));
#3805=DIRECTION('ref_axis',(1.,0.,-5.69801712718605E-16));
#3806=DIRECTION('',(0.399456310505837,0.916752232610897,-2.27610889882481E-16));
#3807=DIRECTION('',(0.399456310505838,-0.916752232610897,-2.27610889882481E-16));
#3808=DIRECTION('center_axis',(-5.69801712718605E-16,0.,-1.));
#3809=DIRECTION('ref_axis',(0.9167522326109,0.39945631050583,0.));
#3810=DIRECTION('',(1.,0.,-5.69801712718605E-16));
#3811=DIRECTION('center_axis',(-5.69801712718605E-16,0.,-1.));
#3812=DIRECTION('ref_axis',(6.66133814775096E-15,1.,0.));
#3813=DIRECTION('center_axis',(0.916752232610897,0.399456310505838,0.));
#3814=DIRECTION('ref_axis',(-0.399456310505838,0.916752232610897,0.));
#3815=DIRECTION('',(0.,0.,1.));
#3816=DIRECTION('center_axis',(0.,0.,1.));
#3817=DIRECTION('ref_axis',(0.9167522326109,0.39945631050583,0.));
#3818=DIRECTION('',(0.,0.,1.));
#3819=DIRECTION('center_axis',(0.,1.,0.));
#3820=DIRECTION('ref_axis',(-1.,0.,0.));
#3821=DIRECTION('',(0.,0.,1.));
#3822=DIRECTION('center_axis',(0.,0.,1.));
#3823=DIRECTION('ref_axis',(6.66133814775096E-15,1.,0.));
#3824=DIRECTION('',(0.,0.,-1.));
#3825=DIRECTION('center_axis',(-0.916752232610897,0.399456310505837,0.));
#3826=DIRECTION('ref_axis',(-0.399456310505837,-0.916752232610897,0.));
#3827=DIRECTION('center_axis',(-0.916752232610897,0.399456310505837,0.));
#3828=DIRECTION('ref_axis',(-0.399456310505837,-0.916752232610897,0.));
#3829=DIRECTION('',(-0.399456310505837,-0.916752232610897,1.70708167411861E-16));
#3830=DIRECTION('',(-0.294448322963293,-0.675758901200758,0.675758901200753));
#3831=DIRECTION('',(0.,0.,1.));
#3832=DIRECTION('center_axis',(0.,0.,1.));
#3833=DIRECTION('ref_axis',(6.66133814775096E-15,1.,0.));
#3834=DIRECTION('center_axis',(4.27351284538954E-16,0.,1.));
#3835=DIRECTION('ref_axis',(6.66133814775096E-15,1.,0.));
#3836=DIRECTION('',(0.,0.,1.));
#3837=DIRECTION('center_axis',(0.,1.,0.));
#3838=DIRECTION('ref_axis',(-1.,0.,0.));
#3839=DIRECTION('',(-1.,0.,4.27351284538954E-16));
#3840=DIRECTION('',(0.,0.,1.));
#3841=DIRECTION('center_axis',(0.,0.,1.));
#3842=DIRECTION('ref_axis',(0.9167522326109,0.39945631050583,0.));
#3843=DIRECTION('center_axis',(4.27351284538954E-16,0.,1.));
#3844=DIRECTION('ref_axis',(0.9167522326109,0.39945631050583,0.));
#3845=DIRECTION('',(0.,0.,1.));
#3846=DIRECTION('center_axis',(0.916752232610897,0.399456310505838,0.));
#3847=DIRECTION('ref_axis',(-0.399456310505838,0.916752232610897,0.));
#3848=DIRECTION('',(-0.399456310505838,0.916752232610897,1.70708167411861E-16));
#3849=DIRECTION('',(-0.294448322963293,0.675758901200758,-0.675758901200753));
#3850=DIRECTION('center_axis',(-3.02182991246277E-16,-0.707106781186545,
-0.70710678118655));
#3851=DIRECTION('ref_axis',(-1.,0.,4.27351284538954E-16));
#3852=DIRECTION('',(1.,0.,-4.27351284538954E-16));
#3853=DIRECTION('center_axis',(-4.27351284538954E-16,0.,-1.));
#3854=DIRECTION('ref_axis',(-1.,0.,4.27351284538954E-16));
#3855=CARTESIAN_POINT('',(0.,0.,0.));
#3856=CARTESIAN_POINT('Origin',(2.5,-6.4,2.49999999999999));
#3857=CARTESIAN_POINT('',(0.9,-6.3,2.49999999999999));
#3858=CARTESIAN_POINT('Origin',(2.5,-6.3,2.49999999999999));
#3859=CARTESIAN_POINT('',(0.7,-6.5,2.49999999999999));
#3860=CARTESIAN_POINT('',(0.8,-6.4,2.49999999999999));
#3861=CARTESIAN_POINT('Origin',(2.5,-6.5,2.49999999999999));
#3862=CARTESIAN_POINT('Origin',(2.5,-1.6,2.49999999999999));
#3863=CARTESIAN_POINT('',(0.9,-1.8,2.49999999999999));
#3864=CARTESIAN_POINT('',(0.9,-1.6,2.49999999999999));
#3865=CARTESIAN_POINT('Origin',(2.5,-1.8,2.49999999999999));
#3866=CARTESIAN_POINT('Origin',(2.5,-6.5,2.49999999999999));
#3867=CARTESIAN_POINT('',(-0.5,-6.5,2.49999999999999));
#3868=CARTESIAN_POINT('Origin',(2.5,-6.5,2.49999999999999));
#3869=CARTESIAN_POINT('Origin',(2.5,-8.1,2.49999999999999));
#3870=CARTESIAN_POINT('',(-0.700000000000001,-8.2,2.49999999999999));
#3871=CARTESIAN_POINT('Origin',(2.5,-8.2,2.49999999999999));
#3872=CARTESIAN_POINT('',(-0.5,-8.,2.49999999999999));
#3873=CARTESIAN_POINT('',(-0.600000000000001,-8.1,2.49999999999999));
#3874=CARTESIAN_POINT('Origin',(2.5,-8.,2.49999999999999));
#3875=CARTESIAN_POINT('Origin',(31.175,-8.2,62.29375));
#3876=CARTESIAN_POINT('',(65.55,-8.2,3.5));
#3877=CARTESIAN_POINT('',(64.45,-8.2,3.5));
#3878=CARTESIAN_POINT('',(64.55,-8.2,3.5));
#3879=CARTESIAN_POINT('',(65.55,-8.2,121.0875));
#3880=CARTESIAN_POINT('',(65.55,-8.2,93.440625));
#3881=CARTESIAN_POINT('',(64.45,-8.2,121.0875));
#3882=CARTESIAN_POINT('',(15.5875,-8.2,121.0875));
#3883=CARTESIAN_POINT('',(64.45,-8.2,124.5875));
#3884=CARTESIAN_POINT('',(64.45,-8.2,93.440625));
#3885=CARTESIAN_POINT('',(62.35,-8.2,126.6875));
#3886=CARTESIAN_POINT('Origin',(62.35,-8.2,124.5875));
#3887=CARTESIAN_POINT('',(58.8499999999999,-8.2,126.6875));
#3888=CARTESIAN_POINT('',(15.5875,-8.2,126.6875));
#3889=CARTESIAN_POINT('',(58.8499999999999,-8.2,127.7875));
#3890=CARTESIAN_POINT('',(58.8499999999999,-8.2,95.290625));
#3891=CARTESIAN_POINT('',(3.49999999999993,-8.2,127.7875));
#3892=CARTESIAN_POINT('',(15.5875,-8.2,127.7875));
#3893=CARTESIAN_POINT('',(3.49999999999993,-8.2,126.6875));
#3894=CARTESIAN_POINT('',(3.49999999999993,-8.2,95.290625));
#3895=CARTESIAN_POINT('',(0.,-8.2,126.6875));
#3896=CARTESIAN_POINT('',(15.5875,-8.2,126.6875));
#3897=CARTESIAN_POINT('',(-2.10000000000003,-8.2,124.5875));
#3898=CARTESIAN_POINT('Origin',(0.,-8.2,124.5875));
#3899=CARTESIAN_POINT('',(-2.10000000000003,-8.2,121.0875));
#3900=CARTESIAN_POINT('',(-2.10000000000001,-8.2,31.146875));
#3901=CARTESIAN_POINT('',(-3.20000000000003,-8.2,121.0875));
#3902=CARTESIAN_POINT('',(15.5875,-8.2,121.0875));
#3903=CARTESIAN_POINT('',(-3.2,-8.2,3.5));
#3904=CARTESIAN_POINT('',(-3.20000000000001,-8.2,31.146875));
#3905=CARTESIAN_POINT('',(-2.1,-8.2,3.5));
#3906=CARTESIAN_POINT('',(15.5875,-8.2,3.5));
#3907=CARTESIAN_POINT('',(-2.1,-8.2,1.77635683940025E-14));
#3908=CARTESIAN_POINT('',(-2.10000000000001,-8.2,31.146875));
#3909=CARTESIAN_POINT('',(0.,-8.2,-2.1));
#3910=CARTESIAN_POINT('Origin',(0.,-8.2,0.));
#3911=CARTESIAN_POINT('',(3.49999999999993,-8.2,-2.10000000000001));
#3912=CARTESIAN_POINT('',(46.7625,-8.2,-2.10000000000002));
#3913=CARTESIAN_POINT('',(3.49999999999993,-8.2,-3.20000000000001));
#3914=CARTESIAN_POINT('',(3.49999999999993,-8.2,95.290625));
#3915=CARTESIAN_POINT('',(58.8499999999999,-8.2,-3.20000000000003));
#3916=CARTESIAN_POINT('',(46.7625,-8.2,-3.20000000000003));
#3917=CARTESIAN_POINT('',(58.8499999999999,-8.2,-2.10000000000003));
#3918=CARTESIAN_POINT('',(58.8499999999999,-8.2,95.290625));
#3919=CARTESIAN_POINT('',(62.35,-8.2,-2.10000000000003));
#3920=CARTESIAN_POINT('',(46.7625,-8.2,-2.10000000000002));
#3921=CARTESIAN_POINT('',(64.45,-8.2,0.));
#3922=CARTESIAN_POINT('Origin',(62.35,-8.2,0.));
#3923=CARTESIAN_POINT('',(64.45,-8.2,93.440625));
#3924=CARTESIAN_POINT('',(-0.700000000000001,-8.2,122.088));
#3925=CARTESIAN_POINT('Origin',(2.5,-8.2,122.088));
#3926=CARTESIAN_POINT('',(56.65,-8.2,2.49999999999999));
#3927=CARTESIAN_POINT('Origin',(59.85,-8.2,2.49999999999999));
#3928=CARTESIAN_POINT('',(56.65,-8.2,122.088));
#3929=CARTESIAN_POINT('Origin',(59.85,-8.2,122.088));
#3930=CARTESIAN_POINT('Origin',(2.5,-9.,2.49999999999999));
#3931=CARTESIAN_POINT('',(-0.5,-9.,2.49999999999999));
#3932=CARTESIAN_POINT('Origin',(59.85,-6.4,2.49999999999999));
#3933=CARTESIAN_POINT('',(58.25,-6.3,2.49999999999999));
#3934=CARTESIAN_POINT('Origin',(59.85,-6.3,2.49999999999999));
#3935=CARTESIAN_POINT('',(58.05,-6.5,2.49999999999999));
#3936=CARTESIAN_POINT('',(58.15,-6.4,2.49999999999999));
#3937=CARTESIAN_POINT('Origin',(59.85,-6.5,2.49999999999999));
#3938=CARTESIAN_POINT('Origin',(59.85,-1.6,2.49999999999999));
#3939=CARTESIAN_POINT('',(58.25,-1.8,2.49999999999999));
#3940=CARTESIAN_POINT('',(58.25,-1.6,2.49999999999999));
#3941=CARTESIAN_POINT('Origin',(59.85,-1.8,2.49999999999999));
#3942=CARTESIAN_POINT('Origin',(59.85,-6.5,2.49999999999999));
#3943=CARTESIAN_POINT('',(56.85,-6.5,2.49999999999999));
#3944=CARTESIAN_POINT('Origin',(59.85,-6.5,2.49999999999999));
#3945=CARTESIAN_POINT('Origin',(2.5,-8.1,122.088));
#3946=CARTESIAN_POINT('',(-0.5,-8.,122.088));
#3947=CARTESIAN_POINT('',(-0.600000000000001,-8.1,122.088));
#3948=CARTESIAN_POINT('Origin',(2.5,-8.,122.088));
#3949=CARTESIAN_POINT('Origin',(2.5,-9.,122.088));
#3950=CARTESIAN_POINT('',(-0.5,-6.5,122.088));
#3951=CARTESIAN_POINT('',(-0.5,-9.,122.088));
#3952=CARTESIAN_POINT('Origin',(2.5,-6.5,122.088));
#3953=CARTESIAN_POINT('Origin',(2.5,-6.4,122.0875));
#3954=CARTESIAN_POINT('',(4.29999997802734,-6.5,122.087781250001));
#3955=CARTESIAN_POINT('',(4.09999998046875,-6.3,122.087750000001));
#3956=CARTESIAN_POINT('',(4.29999997802734,-6.5,122.087781250001));
#3957=CARTESIAN_POINT('',(0.90000001953125,-6.3,122.08775));
#3958=CARTESIAN_POINT('Origin',(2.5,-6.3,122.0875));
#3959=CARTESIAN_POINT('',(0.70000002197266,-6.5,122.08778125));
#3960=CARTESIAN_POINT('',(0.90000001953125,-6.3,122.08775));
#3961=CARTESIAN_POINT('Origin',(2.5,-6.5,122.0875));
#3962=CARTESIAN_POINT('Origin',(2.5,-6.4,122.088));
#3963=CARTESIAN_POINT('Origin',(2.5,-6.3,122.088));
#3964=CARTESIAN_POINT('Origin',(2.5,-6.5,122.088));
#3965=CARTESIAN_POINT('Origin',(2.5,-1.6,122.0875));
#3966=CARTESIAN_POINT('',(4.09999998046875,-1.8,122.087750000001));
#3967=CARTESIAN_POINT('',(4.09999998046875,-1.6,122.087750000001));
#3968=CARTESIAN_POINT('',(0.90000001953125,-1.8,122.08775));
#3969=CARTESIAN_POINT('Origin',(2.5,-1.8,122.0875));
#3970=CARTESIAN_POINT('',(0.90000001953125,-1.6,122.08775));
#3971=CARTESIAN_POINT('Origin',(2.5,-6.5,122.088));
#3972=CARTESIAN_POINT('Origin',(59.85,-6.4,122.0875));
#3973=CARTESIAN_POINT('',(61.6499999780273,-6.5,122.087781249978));
#3974=CARTESIAN_POINT('',(61.4499999804687,-6.3,122.08774999998));
#3975=CARTESIAN_POINT('',(61.6499999780273,-6.5,122.087781249978));
#3976=CARTESIAN_POINT('',(58.2500000195312,-6.3,122.087750000037));
#3977=CARTESIAN_POINT('Origin',(59.85,-6.3,122.0875));
#3978=CARTESIAN_POINT('',(58.0500000219727,-6.5,122.087781250042));
#3979=CARTESIAN_POINT('',(58.2500000195312,-6.3,122.087750000037));
#3980=CARTESIAN_POINT('Origin',(59.85,-6.5,122.0875));
#3981=CARTESIAN_POINT('Origin',(59.85,-6.4,122.088));
#3982=CARTESIAN_POINT('Origin',(59.85,-6.3,122.088));
#3983=CARTESIAN_POINT('Origin',(59.85,-6.5,122.088));
#3984=CARTESIAN_POINT('Origin',(59.85,-1.6,122.0875));
#3985=CARTESIAN_POINT('',(61.4499999804687,-1.8,122.08774999998));
#3986=CARTESIAN_POINT('',(61.4499999804687,-1.6,122.08774999998));
#3987=CARTESIAN_POINT('',(58.2500000195312,-1.8,122.087750000037));
#3988=CARTESIAN_POINT('Origin',(59.85,-1.8,122.0875));
#3989=CARTESIAN_POINT('',(58.2500000195312,-1.6,122.087750000037));
#3990=CARTESIAN_POINT('Origin',(59.85,-6.5,122.088));
#3991=CARTESIAN_POINT('',(56.85,-6.5,122.088));
#3992=CARTESIAN_POINT('Origin',(59.85,-6.5,122.088));
#3993=CARTESIAN_POINT('Origin',(59.85,-8.1,122.088));
#3994=CARTESIAN_POINT('',(56.85,-8.,122.088));
#3995=CARTESIAN_POINT('',(56.75,-8.1,122.088));
#3996=CARTESIAN_POINT('Origin',(59.85,-8.,122.088));
#3997=CARTESIAN_POINT('Origin',(59.85,-9.,122.088));
#3998=CARTESIAN_POINT('',(56.85,-9.,122.088));
#3999=CARTESIAN_POINT('Origin',(59.85,-8.1,2.49999999999999));
#4000=CARTESIAN_POINT('',(56.85,-8.,2.49999999999999));
#4001=CARTESIAN_POINT('',(56.75,-8.1,2.49999999999999));
#4002=CARTESIAN_POINT('Origin',(59.85,-8.,2.49999999999999));
#4003=CARTESIAN_POINT('Origin',(59.85,-9.,2.49999999999999));
#4004=CARTESIAN_POINT('',(56.85,-9.,2.49999999999999));
#4005=CARTESIAN_POINT('Origin',(6.8,-1.6,126.4875));
#4006=CARTESIAN_POINT('',(7.,-1.8,126.4875));
#4007=CARTESIAN_POINT('',(6.8,-1.8,126.6875));
#4008=CARTESIAN_POINT('',(7.,-1.8,126.4875));
#4009=CARTESIAN_POINT('',(6.8,-1.6,126.4875));
#4010=CARTESIAN_POINT('',(6.8,-1.6,126.4875));
#4011=CARTESIAN_POINT('',(6.8,-1.8,126.6875));
#4012=CARTESIAN_POINT('Origin',(-1.90000000000003,-1.8,117.588));
#4013=CARTESIAN_POINT('',(-1.90000000000003,-1.6,117.788));
#4014=CARTESIAN_POINT('',(-2.10000000000003,-1.8,117.788));
#4015=CARTESIAN_POINT('',(-1.90000000000003,-1.6,117.788));
#4016=CARTESIAN_POINT('',(-1.90000000000003,-1.8,117.588));
#4017=CARTESIAN_POINT('',(-1.90000000000003,-1.8,117.588));
#4018=CARTESIAN_POINT('',(-2.10000000000003,-1.8,117.788));
#4019=CARTESIAN_POINT('Origin',(0.17499999999998,-1.7,117.688));
#4020=CARTESIAN_POINT('',(2.5,-1.6,117.788));
#4021=CARTESIAN_POINT('',(2.5,-1.8,117.588));
#4022=CARTESIAN_POINT('',(2.5,-1.6,117.788));
#4023=CARTESIAN_POINT('',(0.17499999999998,-1.8,117.588));
#4024=CARTESIAN_POINT('',(0.17499999999998,-1.6,117.788));
#4025=CARTESIAN_POINT('Origin',(2.5,-1.7,122.088));
#4026=CARTESIAN_POINT('',(6.8,-1.6,122.088));
#4027=CARTESIAN_POINT('Origin',(2.5,-1.6,122.088));
#4028=CARTESIAN_POINT('',(7.,-1.8,122.088));
#4029=CARTESIAN_POINT('',(6.8,-1.6,122.088));
#4030=CARTESIAN_POINT('Origin',(2.5,-1.8,122.088));
#4031=CARTESIAN_POINT('Origin',(6.9,-1.7,122.112875));
#4032=CARTESIAN_POINT('',(6.8,-1.6,122.112875));
#4033=CARTESIAN_POINT('',(7.,-1.8,122.112875));
#4034=CARTESIAN_POINT('Origin',(-2.00000000000003,-0.8,117.688));
#4035=CARTESIAN_POINT('',(-1.90000000000003,-3.73999688377497,117.588));
#4036=CARTESIAN_POINT('',(-2.10000000000003,-3.73999688377497,117.788));
#4037=CARTESIAN_POINT('',(-0.862375373537506,-3.73999688377497,116.550375373538));
#4038=CARTESIAN_POINT('',(-2.10000000000003,-0.8,117.788));
#4039=CARTESIAN_POINT('',(-1.90000000000003,-0.8,117.588));
#4040=CARTESIAN_POINT('Origin',(1.22499999999999,-1.7,126.5875));
#4041=CARTESIAN_POINT('',(-1.38777878078145E-16,-1.6,126.4875));
#4042=CARTESIAN_POINT('',(0.,-1.8,126.6875));
#4043=CARTESIAN_POINT('',(-1.38777878078145E-16,-1.6,126.4875));
#4044=CARTESIAN_POINT('',(1.22499999999999,-1.8,126.6875));
#4045=CARTESIAN_POINT('',(1.22499999999999,-1.6,126.4875));
#4046=CARTESIAN_POINT('Origin',(0.,-1.7,124.5875));
#4047=CARTESIAN_POINT('',(-1.90000000000003,-1.6,124.5875));
#4048=CARTESIAN_POINT('Origin',(0.,-1.6,124.5875));
#4049=CARTESIAN_POINT('',(-2.10000000000003,-1.8,124.5875));
#4050=CARTESIAN_POINT('',(-1.90000000000003,-1.6,124.5875));
#4051=CARTESIAN_POINT('Origin',(0.,-1.8,124.5875));
#4052=CARTESIAN_POINT('Origin',(-2.00000000000002,-1.7,61.068875));
#4053=CARTESIAN_POINT('',(-1.90000000000002,-1.6,61.068875));
#4054=CARTESIAN_POINT('',(-2.10000000000001,-1.8,61.068875));
#4055=CARTESIAN_POINT('Origin',(6.9,-0.8,126.5875));
#4056=CARTESIAN_POINT('',(7.,-3.61,126.4875));
#4057=CARTESIAN_POINT('',(6.8,-3.61,126.6875));
#4058=CARTESIAN_POINT('',(18.7987306444068,-3.61,114.688769355594));
#4059=CARTESIAN_POINT('',(7.,-0.8,126.4875));
#4060=CARTESIAN_POINT('',(6.8,-0.8,126.6875));
#4061=CARTESIAN_POINT('Origin',(-2.10000000000003,-1.6,117.588));
#4062=CARTESIAN_POINT('',(-2.10000000000003,-3.73999688377497,117.588));
#4063=CARTESIAN_POINT('',(-1.05000000000001,-3.73999688377497,117.588));
#4064=CARTESIAN_POINT('',(2.5,-6.7,117.588));
#4065=CARTESIAN_POINT('',(2.5,-1.6,117.588));
#4066=CARTESIAN_POINT('',(-2.10000000000003,-6.7,117.588));
#4067=CARTESIAN_POINT('',(14.5375,-6.7,117.588));
#4068=CARTESIAN_POINT('',(-2.10000000000003,-1.6,117.588));
#4069=CARTESIAN_POINT('Origin',(2.5,-1.6,122.088));
#4070=CARTESIAN_POINT('',(7.,-6.7,122.088));
#4071=CARTESIAN_POINT('',(7.,-1.6,122.088));
#4072=CARTESIAN_POINT('Origin',(2.5,-6.7,122.088));
#4073=CARTESIAN_POINT('Origin',(7.,-1.6,122.088));
#4074=CARTESIAN_POINT('',(7.,-3.61,126.6875));
#4075=CARTESIAN_POINT('',(7.,-3.61,125.18775));
#4076=CARTESIAN_POINT('',(7.,-6.7,126.6875));
#4077=CARTESIAN_POINT('',(7.,-0.8,126.6875));
#4078=CARTESIAN_POINT('',(7.,-6.7,92.190875));
#4079=CARTESIAN_POINT('Origin',(2.44999999999999,-1.6,122.13775));
#4080=CARTESIAN_POINT('',(0.70000002197266,-1.6,122.08771875));
#4081=CARTESIAN_POINT('',(4.29999997802734,-1.6,122.087718750001));
#4082=CARTESIAN_POINT('Origin',(2.5,-1.6,122.088));
#4083=CARTESIAN_POINT('Origin',(2.5,-1.6,122.0875));
#4084=CARTESIAN_POINT('Origin',(2.5,-1.7,122.088));
#4085=CARTESIAN_POINT('',(0.90000001953125,-1.8,122.08775));
#4086=CARTESIAN_POINT('',(4.29999997802734,-1.6,122.087718750001));
#4087=CARTESIAN_POINT('Origin',(2.5,-1.8,122.088));
#4088=CARTESIAN_POINT('Origin',(2.5,-1.7,122.0875));
#4089=CARTESIAN_POINT('Origin',(2.5,-1.6,122.088));
#4090=CARTESIAN_POINT('Origin',(55.35,-1.8,126.4875));
#4091=CARTESIAN_POINT('',(55.55,-1.6,126.4875));
#4092=CARTESIAN_POINT('',(55.55,-1.8,126.6875));
#4093=CARTESIAN_POINT('',(55.55,-1.6,126.4875));
#4094=CARTESIAN_POINT('',(55.35,-1.8,126.4875));
#4095=CARTESIAN_POINT('',(55.35,-1.8,126.4875));
#4096=CARTESIAN_POINT('',(55.55,-1.8,126.6875));
#4097=CARTESIAN_POINT('Origin',(64.45,-1.8,117.788));
#4098=CARTESIAN_POINT('',(64.25,-1.6,117.788));
#4099=CARTESIAN_POINT('',(64.25,-1.8,117.588));
#4100=CARTESIAN_POINT('',(64.25,-1.6,117.788));
#4101=CARTESIAN_POINT('',(64.45,-1.8,117.788));
#4102=CARTESIAN_POINT('',(64.45,-1.8,117.788));
#4103=CARTESIAN_POINT('',(64.25,-1.8,117.588));
#4104=CARTESIAN_POINT('Origin',(64.35,-1.7,123.362625));
#4105=CARTESIAN_POINT('',(64.25,-1.6,124.5875));
#4106=CARTESIAN_POINT('',(64.45,-1.8,124.5875));
#4107=CARTESIAN_POINT('',(64.25,-1.6,124.5875));
#4108=CARTESIAN_POINT('',(64.45,-1.8,123.362625));
#4109=CARTESIAN_POINT('',(64.25,-1.6,123.362625));
#4110=CARTESIAN_POINT('Origin',(62.35,-1.7,124.5875));
#4111=CARTESIAN_POINT('',(62.35,-1.6,126.4875));
#4112=CARTESIAN_POINT('Origin',(62.35,-1.6,124.5875));
#4113=CARTESIAN_POINT('',(62.35,-1.8,126.6875));
#4114=CARTESIAN_POINT('',(62.35,-1.6,126.4875));
#4115=CARTESIAN_POINT('Origin',(62.35,-1.8,124.5875));
#4116=CARTESIAN_POINT('Origin',(29.95,-1.7,126.5875));
#4117=CARTESIAN_POINT('',(29.95,-1.6,126.4875));
#4118=CARTESIAN_POINT('',(29.95,-1.8,126.6875));
#4119=CARTESIAN_POINT('Origin',(64.35,-0.8,117.688));
#4120=CARTESIAN_POINT('',(64.25,-3.73999688377497,117.588));
#4121=CARTESIAN_POINT('',(64.45,-3.73999688377497,117.788));
#4122=CARTESIAN_POINT('',(47.6248753735375,-3.73999688377496,100.962875373538));
#4123=CARTESIAN_POINT('',(64.25,-0.8,117.588));
#4124=CARTESIAN_POINT('',(64.45,-0.8,117.788));
#4125=CARTESIAN_POINT('Origin',(59.875,-1.7,117.688));
#4126=CARTESIAN_POINT('',(59.85,-1.8,117.588));
#4127=CARTESIAN_POINT('',(59.85,-1.6,117.788));
#4128=CARTESIAN_POINT('',(59.85,-1.8,117.588));
#4129=CARTESIAN_POINT('',(59.875,-1.6,117.788));
#4130=CARTESIAN_POINT('',(59.875,-1.8,117.588));
#4131=CARTESIAN_POINT('Origin',(59.85,-1.7,122.088));
#4132=CARTESIAN_POINT('',(55.35,-1.8,122.088));
#4133=CARTESIAN_POINT('',(55.55,-1.6,122.088));
#4134=CARTESIAN_POINT('',(55.35,-1.8,122.088));
#4135=CARTESIAN_POINT('Origin',(59.85,-1.6,122.088));
#4136=CARTESIAN_POINT('Origin',(59.85,-1.8,122.088));
#4137=CARTESIAN_POINT('Origin',(55.45,-1.7,124.412625));
#4138=CARTESIAN_POINT('',(55.35,-1.8,124.412625));
#4139=CARTESIAN_POINT('',(55.55,-1.6,124.412625));
#4140=CARTESIAN_POINT('Origin',(55.45,-0.8,126.5875));
#4141=CARTESIAN_POINT('',(55.35,-3.61,126.4875));
#4142=CARTESIAN_POINT('',(55.55,-3.61,126.6875));
#4143=CARTESIAN_POINT('',(56.0612306444065,-3.61,127.198730644407));
#4144=CARTESIAN_POINT('',(55.55,-0.8,126.6875));
#4145=CARTESIAN_POINT('',(55.35,-0.8,126.4875));
#4146=CARTESIAN_POINT('Origin',(64.45,0.,124.5875));
#4147=CARTESIAN_POINT('',(64.45,0.,124.5875));
#4148=CARTESIAN_POINT('',(64.45,-4.33082373567137,119.352444591517));
#4149=CARTESIAN_POINT('',(64.45,-5.43980033420574,119.849743167162));
#4150=CARTESIAN_POINT('',(64.45,-3.73999688377497,118.439987833708));
#4151=CARTESIAN_POINT('Origin',(64.45,-4.73999688377494,118.439987833708));
#4152=CARTESIAN_POINT('',(64.45,-3.73999688377497,121.513743916854));
#4153=CARTESIAN_POINT('Origin',(62.35,0.,124.5875));
#4154=CARTESIAN_POINT('',(62.35,0.,126.6875));
#4155=CARTESIAN_POINT('Origin',(0.,0.,126.6875));
#4156=CARTESIAN_POINT('',(56.1949225776261,-3.61,126.6875));
#4157=CARTESIAN_POINT('',(28.0974612888131,-3.61,126.6875));
#4158=CARTESIAN_POINT('',(57.111674810237,-4.21054368949416,126.6875));
#4159=CARTESIAN_POINT('Origin',(56.1949225776261,-4.60999999999999,126.6875));
#4160=CARTESIAN_POINT('',(51.7841970534365,8.01601776236315,126.6875));
#4161=CARTESIAN_POINT('Origin',(59.9,-1.6,122.13775));
#4162=CARTESIAN_POINT('',(58.0500000219727,-1.6,122.087718750042));
#4163=CARTESIAN_POINT('',(61.6499999780273,-1.6,122.087718749978));
#4164=CARTESIAN_POINT('Origin',(59.85,-1.6,122.088));
#4165=CARTESIAN_POINT('Origin',(59.85,-1.6,122.0875));
#4166=CARTESIAN_POINT('Origin',(59.85,-1.7,122.088));
#4167=CARTESIAN_POINT('',(58.2500000195312,-1.8,122.087750000037));
#4168=CARTESIAN_POINT('',(61.6499999780273,-1.6,122.087718749978));
#4169=CARTESIAN_POINT('Origin',(59.85,-1.8,122.088));
#4170=CARTESIAN_POINT('Origin',(59.85,-1.7,122.0875));
#4171=CARTESIAN_POINT('Origin',(59.85,-1.6,122.088));
#4172=CARTESIAN_POINT('Origin',(64.25,-1.8,6.99999999999999));
#4173=CARTESIAN_POINT('',(64.25,-1.6,6.79999999999999));
#4174=CARTESIAN_POINT('',(64.45,-1.8,6.79999999999999));
#4175=CARTESIAN_POINT('',(64.25,-1.6,6.79999999999999));
#4176=CARTESIAN_POINT('',(64.25,-1.8,6.99999999999999));
#4177=CARTESIAN_POINT('',(64.25,-1.8,6.99999999999999));
#4178=CARTESIAN_POINT('',(64.45,-1.8,6.79999999999999));
#4179=CARTESIAN_POINT('Origin',(55.55,-1.8,-2.10000000000003));
#4180=CARTESIAN_POINT('',(55.55,-1.6,-1.90000000000003));
#4181=CARTESIAN_POINT('',(55.35,-1.8,-1.90000000000002));
#4182=CARTESIAN_POINT('',(55.55,-1.6,-1.90000000000003));
#4183=CARTESIAN_POINT('',(55.55,-1.8,-2.10000000000003));
#4184=CARTESIAN_POINT('',(55.55,-1.8,-2.10000000000003));
#4185=CARTESIAN_POINT('',(55.35,-1.8,-1.90000000000003));
#4186=CARTESIAN_POINT('Origin',(61.125,-1.7,-2.00000000000003));
#4187=CARTESIAN_POINT('',(62.35,-1.6,-1.90000000000003));
#4188=CARTESIAN_POINT('',(62.35,-1.8,-2.10000000000003));
#4189=CARTESIAN_POINT('',(62.35,-1.6,-1.90000000000003));
#4190=CARTESIAN_POINT('',(61.125,-1.8,-2.10000000000003));
#4191=CARTESIAN_POINT('',(61.125,-1.6,-1.90000000000003));
#4192=CARTESIAN_POINT('Origin',(62.35,-1.7,0.));
#4193=CARTESIAN_POINT('',(64.25,-1.6,0.));
#4194=CARTESIAN_POINT('Origin',(62.35,-1.6,0.));
#4195=CARTESIAN_POINT('',(64.45,-1.8,0.));
#4196=CARTESIAN_POINT('',(64.25,-1.6,0.));
#4197=CARTESIAN_POINT('Origin',(62.35,-1.8,0.));
#4198=CARTESIAN_POINT('Origin',(64.35,-1.7,63.51875));
#4199=CARTESIAN_POINT('',(64.25,-1.6,63.51875));
#4200=CARTESIAN_POINT('',(64.45,-1.8,63.51875));
#4201=CARTESIAN_POINT('Origin',(55.45,-0.8,-2.00000000000003));
#4202=CARTESIAN_POINT('',(55.35,-3.61,-1.90000000000003));
#4203=CARTESIAN_POINT('',(55.55,-3.61,-2.10000000000003));
#4204=CARTESIAN_POINT('',(23.0643556444065,-3.61,30.3856443555943));
#4205=CARTESIAN_POINT('',(55.35,-0.8,-1.90000000000003));
#4206=CARTESIAN_POINT('',(55.55,-0.8,-2.10000000000003));
#4207=CARTESIAN_POINT('Origin',(62.175,-1.7,6.89999999999999));
#4208=CARTESIAN_POINT('',(59.85,-1.6,6.79999999999999));
#4209=CARTESIAN_POINT('',(59.85,-1.8,6.99999999999999));
#4210=CARTESIAN_POINT('',(59.85,-1.6,6.79999999999999));
#4211=CARTESIAN_POINT('',(62.175,-1.8,6.99999999999999));
#4212=CARTESIAN_POINT('',(62.175,-1.6,6.79999999999999));
#4213=CARTESIAN_POINT('Origin',(59.85,-1.7,2.49999999999999));
#4214=CARTESIAN_POINT('',(55.55,-1.6,2.49999999999999));
#4215=CARTESIAN_POINT('Origin',(59.85,-1.6,2.49999999999999));
#4216=CARTESIAN_POINT('',(55.35,-1.8,2.49999999999999));
#4217=CARTESIAN_POINT('',(55.55,-1.6,2.49999999999999));
#4218=CARTESIAN_POINT('Origin',(59.85,-1.8,2.49999999999999));
#4219=CARTESIAN_POINT('Origin',(55.45,-1.7,2.47499999999999));
#4220=CARTESIAN_POINT('',(55.55,-1.6,2.47499999999999));
#4221=CARTESIAN_POINT('',(55.35,-1.8,2.47499999999999));
#4222=CARTESIAN_POINT('Origin',(64.35,-0.8,6.89999999999999));
#4223=CARTESIAN_POINT('',(64.25,-3.60999688377411,6.99999999999999));
#4224=CARTESIAN_POINT('',(64.45,-3.60999688377411,6.79999999999999));
#4225=CARTESIAN_POINT('',(48.4487305999934,-3.60999688377411,22.8012694000072));
#4226=CARTESIAN_POINT('',(64.45,-0.8,6.79999999999999));
#4227=CARTESIAN_POINT('',(64.25,-0.8,6.99999999999999));
#4228=CARTESIAN_POINT('Origin',(62.35,0.,-2.10000000000003));
#4229=CARTESIAN_POINT('',(62.35,0.,-2.10000000000003));
#4230=CARTESIAN_POINT('',(57.111674810237,-4.21054368949416,-2.10000000000002));
#4231=CARTESIAN_POINT('',(57.6278092476094,-5.39507222326383,-2.10000000000002));
#4232=CARTESIAN_POINT('',(56.1949225776261,-3.61,-2.10000000000002));
#4233=CARTESIAN_POINT('Origin',(56.1949225776261,-4.60999999999999,-2.10000000000002));
#4234=CARTESIAN_POINT('',(59.272461288813,-3.61,-2.10000000000003));
#4235=CARTESIAN_POINT('Origin',(62.35,0.,0.));
#4236=CARTESIAN_POINT('',(64.45,0.,0.));
#4237=CARTESIAN_POINT('Origin',(64.45,0.,124.5875));
#4238=CARTESIAN_POINT('',(64.45,-3.60999688377411,6.155077600029));
#4239=CARTESIAN_POINT('',(64.45,-3.60999688377411,65.943750747075));
#4240=CARTESIAN_POINT('',(64.45,-4.21054080119185,5.23832526810503));
#4241=CARTESIAN_POINT('Origin',(64.45,-4.6099968837741,6.155077600029));
#4242=CARTESIAN_POINT('',(64.45,19.4117726460945,15.5312653159147));
#4243=CARTESIAN_POINT('Origin',(59.9,-1.6,2.44999999999998));
#4244=CARTESIAN_POINT('',(58.05,-1.6,2.49999999999999));
#4245=CARTESIAN_POINT('Origin',(59.85,-1.6,2.49999999999999));
#4246=CARTESIAN_POINT('Origin',(59.85,-1.7,2.49999999999999));
#4247=CARTESIAN_POINT('',(58.15,-1.7,2.49999999999999));
#4248=CARTESIAN_POINT('Origin',(7.,-1.8,-1.90000000000001));
#4249=CARTESIAN_POINT('',(6.8,-1.6,-1.90000000000001));
#4250=CARTESIAN_POINT('',(6.8,-1.8,-2.1));
#4251=CARTESIAN_POINT('',(6.8,-1.6,-1.90000000000001));
#4252=CARTESIAN_POINT('',(7.,-1.8,-1.90000000000001));
#4253=CARTESIAN_POINT('',(7.,-1.8,-1.90000000000001));
#4254=CARTESIAN_POINT('',(6.8,-1.8,-2.1));
#4255=CARTESIAN_POINT('Origin',(-2.1,-1.8,6.79999999999999));
#4256=CARTESIAN_POINT('',(-1.9,-1.6,6.79999999999999));
#4257=CARTESIAN_POINT('',(-1.9,-1.8,6.99999999999999));
#4258=CARTESIAN_POINT('',(-1.9,-1.6,6.79999999999999));
#4259=CARTESIAN_POINT('',(-2.1,-1.8,6.79999999999999));
#4260=CARTESIAN_POINT('',(-2.1,-1.8,6.79999999999999));
#4261=CARTESIAN_POINT('',(-1.9,-1.8,6.99999999999999));
#4262=CARTESIAN_POINT('Origin',(-2.,-1.7,1.22500000000001));
#4263=CARTESIAN_POINT('',(-1.9,-1.6,1.77635683940025E-14));
#4264=CARTESIAN_POINT('',(-2.1,-1.8,1.77635683940025E-14));
#4265=CARTESIAN_POINT('',(-1.9,-1.6,1.77635683940025E-14));
#4266=CARTESIAN_POINT('',(-2.1,-1.8,1.22500000000001));
#4267=CARTESIAN_POINT('',(-1.9,-1.6,1.22500000000001));
#4268=CARTESIAN_POINT('Origin',(0.,-1.7,0.));
#4269=CARTESIAN_POINT('',(0.,-1.6,-1.9));
#4270=CARTESIAN_POINT('Origin',(0.,-1.6,0.));
#4271=CARTESIAN_POINT('',(0.,-1.8,-2.1));
#4272=CARTESIAN_POINT('',(0.,-1.6,-1.9));
#4273=CARTESIAN_POINT('Origin',(0.,-1.8,0.));
#4274=CARTESIAN_POINT('Origin',(32.4,-1.7,-2.00000000000002));
#4275=CARTESIAN_POINT('',(32.4,-1.6,-1.90000000000002));
#4276=CARTESIAN_POINT('',(32.4,-1.8,-2.10000000000002));
#4277=CARTESIAN_POINT('Origin',(-2.,-0.8,6.89999999999999));
#4278=CARTESIAN_POINT('',(-1.9,-3.60999688377411,6.99999999999999));
#4279=CARTESIAN_POINT('',(-2.1,-3.60999688377411,6.79999999999999));
#4280=CARTESIAN_POINT('',(-1.68623059999275,-3.60999688377411,7.21376940000724));
#4281=CARTESIAN_POINT('',(-1.9,-0.8,6.99999999999999));
#4282=CARTESIAN_POINT('',(-2.1,-0.8,6.79999999999999));
#4283=CARTESIAN_POINT('Origin',(2.475,-1.7,6.89999999999999));
#4284=CARTESIAN_POINT('',(2.5,-1.8,6.99999999999999));
#4285=CARTESIAN_POINT('',(2.5,-1.6,6.79999999999999));
#4286=CARTESIAN_POINT('',(2.5,-1.8,6.99999999999999));
#4287=CARTESIAN_POINT('',(2.475,-1.6,6.79999999999999));
#4288=CARTESIAN_POINT('',(2.475,-1.8,6.99999999999999));
#4289=CARTESIAN_POINT('Origin',(2.5,-1.7,2.49999999999999));
#4290=CARTESIAN_POINT('',(7.,-1.8,2.49999999999999));
#4291=CARTESIAN_POINT('',(6.8,-1.6,2.49999999999999));
#4292=CARTESIAN_POINT('',(7.,-1.8,2.49999999999999));
#4293=CARTESIAN_POINT('Origin',(2.5,-1.6,2.49999999999999));
#4294=CARTESIAN_POINT('Origin',(2.5,-1.8,2.49999999999999));
#4295=CARTESIAN_POINT('Origin',(6.9,-1.7,0.174999999999994));
#4296=CARTESIAN_POINT('',(7.,-1.8,0.174999999999994));
#4297=CARTESIAN_POINT('',(6.8,-1.6,0.174999999999994));
#4298=CARTESIAN_POINT('Origin',(6.9,-0.8,-2.));
#4299=CARTESIAN_POINT('',(7.,-3.61,-1.90000000000001));
#4300=CARTESIAN_POINT('',(6.8,-3.61,-2.10000000000001));
#4301=CARTESIAN_POINT('',(51.7956056444067,-3.61,42.8956056444061));
#4302=CARTESIAN_POINT('',(6.8,-0.8,-2.1));
#4303=CARTESIAN_POINT('',(7.,-0.8,-1.90000000000001));
#4304=CARTESIAN_POINT('Origin',(-2.1,0.,1.77635683940025E-14));
#4305=CARTESIAN_POINT('',(-2.1,0.,1.77635683940025E-14));
#4306=CARTESIAN_POINT('',(-2.1,-4.21054080119185,5.23832526810503));
#4307=CARTESIAN_POINT('',(-2.1,-5.39507118045391,4.72219037700891));
#4308=CARTESIAN_POINT('',(-2.1,-3.60999688377411,6.155077600029));
#4309=CARTESIAN_POINT('Origin',(-2.1,-4.6099968837741,6.155077600029));
#4310=CARTESIAN_POINT('',(-2.1,-3.60999688377411,3.07753880001451));
#4311=CARTESIAN_POINT('Origin',(0.,0.,0.));
#4312=CARTESIAN_POINT('',(0.,-1.6,-2.1));
#4313=CARTESIAN_POINT('Origin',(62.35,0.,-2.10000000000003));
#4314=CARTESIAN_POINT('',(6.15507742237372,-3.61,-2.10000000000001));
#4315=CARTESIAN_POINT('',(59.272461288813,-3.61,-2.10000000000003));
#4316=CARTESIAN_POINT('',(5.23832518976282,-4.21054368949416,-2.10000000000001));
#4317=CARTESIAN_POINT('Origin',(6.15507742237371,-4.61,-2.10000000000002));
#4318=CARTESIAN_POINT('',(10.5658029465634,8.01601776236316,-2.10000000000001));
#4319=CARTESIAN_POINT('Origin',(2.45,-1.6,2.44999999999999));
#4320=CARTESIAN_POINT('',(0.7,-1.6,2.49999999999999));
#4321=CARTESIAN_POINT('Origin',(2.5,-1.6,2.49999999999999));
#4322=CARTESIAN_POINT('Origin',(2.5,-1.7,2.49999999999999));
#4323=CARTESIAN_POINT('',(0.8,-1.7,2.49999999999999));
#4324=CARTESIAN_POINT('Origin',(-2.1,-6.7,1.77635683940025E-14));
#4325=CARTESIAN_POINT('',(-2.1,-3.60999688377411,6.99999999999999));
#4326=CARTESIAN_POINT('',(-2.1,-6.7,6.99999999999999));
#4327=CARTESIAN_POINT('',(-2.1,-1.6,6.99999999999999));
#4328=CARTESIAN_POINT('',(-2.10000000000001,-3.60999688377411,7.30000149414999));
#4329=CARTESIAN_POINT('',(-2.1,-3.60999688377411,3.07753880001451));
#4330=CARTESIAN_POINT('',(-2.10000000000001,-5.8099968837741,9.50000149414999));
#4331=CARTESIAN_POINT('Origin',(-2.10000000000001,-3.60999688377411,9.50000149414999));
#4332=CARTESIAN_POINT('',(-2.10000000000002,-5.80999688377412,26.10000149415));
#4333=CARTESIAN_POINT('',(-2.10000000000001,-5.80999688377411,13.050000747075));
#4334=CARTESIAN_POINT('',(-2.10000000000002,-3.63313245764923,28.2998798419732));
#4335=CARTESIAN_POINT('Origin',(-2.10000000000001,-3.60999688377412,26.10000149415));
#4336=CARTESIAN_POINT('',(-2.10000000000002,-3.66165391665733,51.4763077338859));
#4337=CARTESIAN_POINT('',(-2.1,-3.60415376943178,4.75190925312087));
#4338=CARTESIAN_POINT('',(-2.10000000000002,-6.08999688377455,53.82500149415));
#4339=CARTESIAN_POINT('Origin',(-2.10000000000001,-3.73999688377455,53.82500149415));
#4340=CARTESIAN_POINT('',(-2.10000000000002,-6.08999688377464,75.52500149415));
#4341=CARTESIAN_POINT('',(-2.10000000000001,-6.08999688377449,37.762500747075));
#4342=CARTESIAN_POINT('',(-2.10000000000002,-3.69414022142448,77.8745540401719));
#4343=CARTESIAN_POINT('Origin',(-2.10000000000001,-3.73999688377465,75.52500149415));
#4344=CARTESIAN_POINT('',(-2.10000000000002,-3.71040061567928,91.0876878715588));
#4345=CARTESIAN_POINT('',(-2.1,-3.60415376943178,4.75190925312087));
#4346=CARTESIAN_POINT('',(-2.10000000000002,-6.08999688377505,93.43750149415));
#4347=CARTESIAN_POINT('Origin',(-2.10000000000001,-3.73999688377505,93.43750149415));
#4348=CARTESIAN_POINT('',(-2.10000000000003,-6.08999688377497,115.13750149415));
#4349=CARTESIAN_POINT('',(-2.10000000000002,-6.08999688377519,57.568750747075));
#4350=CARTESIAN_POINT('',(-2.10000000000002,-3.73999688377497,117.48750149415));
#4351=CARTESIAN_POINT('Origin',(-2.10000000000001,-3.73999688377496,115.13750149415));
#4352=CARTESIAN_POINT('',(-2.10000000000001,-3.73999688377493,57.568750747075));
#4353=CARTESIAN_POINT('',(-2.10000000000001,-6.7,31.146875));
#4354=CARTESIAN_POINT('Origin',(31.175,-6.7,62.29375));
#4355=CARTESIAN_POINT('',(55.35,-6.7,126.6875));
#4356=CARTESIAN_POINT('',(15.5875,-6.7,126.6875));
#4357=CARTESIAN_POINT('',(55.35,-6.7,122.088));
#4358=CARTESIAN_POINT('',(55.35,-6.7,94.490625));
#4359=CARTESIAN_POINT('',(59.85,-6.7,117.588));
#4360=CARTESIAN_POINT('Origin',(59.85,-6.7,122.088));
#4361=CARTESIAN_POINT('',(64.45,-6.7,117.588));
#4362=CARTESIAN_POINT('',(45.5125,-6.7,117.588));
#4363=CARTESIAN_POINT('',(64.45,-6.7,6.99999999999999));
#4364=CARTESIAN_POINT('',(64.45,-6.7,93.440625));
#4365=CARTESIAN_POINT('',(59.85,-6.7,6.99999999999999));
#4366=CARTESIAN_POINT('',(47.8125,-6.7,6.99999999999999));
#4367=CARTESIAN_POINT('',(55.35,-6.7,2.49999999999999));
#4368=CARTESIAN_POINT('Origin',(59.85,-6.7,2.49999999999999));
#4369=CARTESIAN_POINT('',(55.35,-6.7,-2.10000000000002));
#4370=CARTESIAN_POINT('',(55.35,-6.7,32.396875));
#4371=CARTESIAN_POINT('',(7.,-6.7,-2.1));
#4372=CARTESIAN_POINT('',(46.7625,-6.7,-2.10000000000002));
#4373=CARTESIAN_POINT('',(7.,-6.7,2.49999999999999));
#4374=CARTESIAN_POINT('',(7.,-6.7,30.096875));
#4375=CARTESIAN_POINT('',(2.5,-6.7,6.99999999999999));
#4376=CARTESIAN_POINT('Origin',(2.5,-6.7,2.49999999999999));
#4377=CARTESIAN_POINT('',(16.8375,-6.7,6.99999999999999));
#4378=CARTESIAN_POINT('Origin',(-2.1,0.,1.77635683940025E-14));
#4379=CARTESIAN_POINT('',(-2.10000000000003,-3.73999688377497,118.439987833708));
#4380=CARTESIAN_POINT('',(-2.10000000000001,-3.73999688377493,58.743750747075));
#4381=CARTESIAN_POINT('',(-2.10000000000003,-4.33082373567137,119.352444591517));
#4382=CARTESIAN_POINT('Origin',(-2.1,-4.73999688377494,118.439987833708));
#4383=CARTESIAN_POINT('',(-2.10000000000003,19.7523340384275,108.55282981704));
#4384=CARTESIAN_POINT('',(-2.10000000000003,0.,124.5875));
#4385=CARTESIAN_POINT('Origin',(64.45,-6.7,124.5875));
#4386=CARTESIAN_POINT('',(64.45,-3.73999688377497,117.588));
#4387=CARTESIAN_POINT('',(64.45,-1.6,117.588));
#4388=CARTESIAN_POINT('',(64.45,-3.73999688377497,117.48750149415));
#4389=CARTESIAN_POINT('',(64.45,-3.73999688377497,119.862500747075));
#4390=CARTESIAN_POINT('',(64.45,-6.08999688377497,115.13750149415));
#4391=CARTESIAN_POINT('Origin',(64.45,-3.73999688377496,115.13750149415));
#4392=CARTESIAN_POINT('',(64.45,-6.08999688377505,93.43750149415));
#4393=CARTESIAN_POINT('',(64.45,-6.08999688377495,119.862500747075));
#4394=CARTESIAN_POINT('',(64.45,-3.71040061567928,91.0876878715588));
#4395=CARTESIAN_POINT('Origin',(64.45,-3.73999688377505,93.43750149415));
#4396=CARTESIAN_POINT('',(64.45,-3.69414022142448,77.8745540401719));
#4397=CARTESIAN_POINT('',(64.45,-3.68081381189679,67.0455649134638));
#4398=CARTESIAN_POINT('',(64.45,-6.08999688377464,75.52500149415));
#4399=CARTESIAN_POINT('Origin',(64.45,-3.73999688377465,75.52500149415));
#4400=CARTESIAN_POINT('',(64.45,-6.08999688377455,53.82500149415));
#4401=CARTESIAN_POINT('',(64.45,-6.08999688377475,100.056250747075));
#4402=CARTESIAN_POINT('',(64.45,-3.66165391665733,51.4763077338859));
#4403=CARTESIAN_POINT('Origin',(64.45,-3.73999688377455,53.82500149415));
#4404=CARTESIAN_POINT('',(64.45,-3.63313245764923,28.2998798419732));
#4405=CARTESIAN_POINT('',(64.45,-3.68081381189679,67.0455649134638));
#4406=CARTESIAN_POINT('',(64.45,-5.80999688377412,26.10000149415));
#4407=CARTESIAN_POINT('Origin',(64.45,-3.60999688377412,26.10000149415));
#4408=CARTESIAN_POINT('',(64.45,-5.8099968837741,9.50000149414999));
#4409=CARTESIAN_POINT('',(64.45,-5.80999688377417,75.343750747075));
#4410=CARTESIAN_POINT('',(64.45,-3.60999688377411,7.30000149414999));
#4411=CARTESIAN_POINT('Origin',(64.45,-3.60999688377411,9.50000149414999));
#4412=CARTESIAN_POINT('',(64.45,-3.60999688377411,6.99999999999999));
#4413=CARTESIAN_POINT('',(64.45,-3.60999688377411,65.3712888000145));
#4414=CARTESIAN_POINT('',(64.45,-1.6,6.99999999999999));
#4415=CARTESIAN_POINT('Origin',(2.5,-1.6,6.99999999999999));
#4416=CARTESIAN_POINT('',(1.25,-3.60999688377411,6.99999999999999));
#4417=CARTESIAN_POINT('',(2.5,-1.6,6.99999999999999));
#4418=CARTESIAN_POINT('Origin',(2.5,-1.6,2.49999999999999));
#4419=CARTESIAN_POINT('',(7.,-1.6,2.49999999999999));
#4420=CARTESIAN_POINT('Origin',(7.,-1.6,-2.1));
#4421=CARTESIAN_POINT('',(7.,-3.61,-2.10000000000001));
#4422=CARTESIAN_POINT('',(7.,-0.8,-2.1));
#4423=CARTESIAN_POINT('',(7.,-3.61,63.09375));
#4424=CARTESIAN_POINT('Origin',(62.35,0.,-2.10000000000003));
#4425=CARTESIAN_POINT('',(55.35,-3.61,-2.10000000000003));
#4426=CARTESIAN_POINT('',(55.35,-0.8,-2.10000000000003));
#4427=CARTESIAN_POINT('',(59.272461288813,-3.61,-2.10000000000003));
#4428=CARTESIAN_POINT('Origin',(0.,0.,126.6875));
#4429=CARTESIAN_POINT('',(55.35,-3.61,126.6875));
#4430=CARTESIAN_POINT('',(28.0974612888131,-3.61,126.6875));
#4431=CARTESIAN_POINT('',(55.35,-0.8,126.6875));
#4432=CARTESIAN_POINT('Origin',(55.35,-1.6,2.49999999999999));
#4433=CARTESIAN_POINT('',(55.35,-3.61,65.39375));
#4434=CARTESIAN_POINT('',(55.35,-1.6,2.49999999999999));
#4435=CARTESIAN_POINT('Origin',(59.85,-1.6,2.49999999999999));
#4436=CARTESIAN_POINT('',(59.85,-1.6,6.99999999999999));
#4437=CARTESIAN_POINT('Origin',(64.45,-1.6,6.99999999999999));
#4438=CARTESIAN_POINT('',(32.225,-3.60999688377411,6.99999999999999));
#4439=CARTESIAN_POINT('Origin',(59.85,-1.6,117.588));
#4440=CARTESIAN_POINT('',(29.925,-3.73999688377497,117.588));
#4441=CARTESIAN_POINT('',(59.85,-1.6,117.588));
#4442=CARTESIAN_POINT('Origin',(59.85,-1.6,122.088));
#4443=CARTESIAN_POINT('',(55.35,-1.6,122.088));
#4444=CARTESIAN_POINT('Origin',(55.35,-1.6,126.6875));
#4445=CARTESIAN_POINT('',(55.35,-3.61,127.4875));
#4446=CARTESIAN_POINT('Origin',(66.05,-3.73999688377465,75.52500149415));
#4447=CARTESIAN_POINT('',(-3.70000000000002,-6.08999688377464,75.52500149415));
#4448=CARTESIAN_POINT('',(-2.20000000000002,-6.08999688377464,75.52500149415));
#4449=CARTESIAN_POINT('',(-3.70000000000002,-3.69414022142448,77.8745540401719));
#4450=CARTESIAN_POINT('Origin',(-3.7,-3.73999688377465,75.52500149415));
#4451=CARTESIAN_POINT('',(66.05,-3.69414022142448,77.8745540401719));
#4452=CARTESIAN_POINT('Origin',(66.05,-3.73999688377465,75.52500149415));
#4453=CARTESIAN_POINT('',(66.05,-6.08999688377464,75.52500149415));
#4454=CARTESIAN_POINT('',(66.05,-3.69414022142448,77.8745540401719));
#4455=CARTESIAN_POINT('Origin',(66.05,-3.73999688377465,75.52500149415));
#4456=CARTESIAN_POINT('',(66.05,-6.08999688377464,75.52500149415));
#4457=CARTESIAN_POINT('',(64.55,-3.69414022142448,77.8745540401719));
#4458=CARTESIAN_POINT('Origin',(66.05,-3.73999688377455,53.82500149415));
#4459=CARTESIAN_POINT('',(-3.70000000000001,-3.66165391665733,51.4763077338859));
#4460=CARTESIAN_POINT('',(-2.20000000000002,-3.66165391665733,51.4763077338859));
#4461=CARTESIAN_POINT('',(-3.70000000000001,-6.08999688377455,53.82500149415));
#4462=CARTESIAN_POINT('Origin',(-3.7,-3.73999688377455,53.82500149415));
#4463=CARTESIAN_POINT('',(-2.20000000000002,-6.08999688377455,53.82500149415));
#4464=CARTESIAN_POINT('Origin',(66.05,-6.08999688377465,75.52500149415));
#4465=CARTESIAN_POINT('',(-3.70000000000001,-6.08999688377448,37.762500747075));
#4466=CARTESIAN_POINT('Origin',(66.05,-3.73999688377455,53.82500149415));
#4467=CARTESIAN_POINT('',(66.05,-3.66165391665733,51.4763077338859));
#4468=CARTESIAN_POINT('',(66.05,-6.08999688377455,53.82500149415));
#4469=CARTESIAN_POINT('Origin',(66.05,-3.73999688377455,53.82500149415));
#4470=CARTESIAN_POINT('',(64.55,-3.66165391665733,51.4763077338859));
#4471=CARTESIAN_POINT('',(66.05,-6.08999688377455,53.82500149415));
#4472=CARTESIAN_POINT('Origin',(66.05,-6.08999688377465,75.52500149415));
#4473=CARTESIAN_POINT('',(66.05,-6.08999688377475,100.056250747075));
#4474=CARTESIAN_POINT('Origin',(66.05,-3.73999688377505,93.43750149415));
#4475=CARTESIAN_POINT('',(-3.70000000000002,-3.71040061567928,91.0876878715588));
#4476=CARTESIAN_POINT('',(-2.20000000000002,-3.71040061567928,91.0876878715588));
#4477=CARTESIAN_POINT('',(-3.70000000000002,-6.08999688377505,93.43750149415));
#4478=CARTESIAN_POINT('Origin',(-3.7,-3.73999688377505,93.43750149415));
#4479=CARTESIAN_POINT('',(66.05,-6.08999688377505,93.43750149415));
#4480=CARTESIAN_POINT('Origin',(66.05,-3.73999688377505,93.43750149415));
#4481=CARTESIAN_POINT('',(66.05,-6.08999688377505,93.43750149415));
#4482=CARTESIAN_POINT('',(64.55,-6.08999688377505,93.43750149415));
#4483=CARTESIAN_POINT('',(66.05,-3.71040061567928,91.0876878715588));
#4484=CARTESIAN_POINT('Origin',(66.05,-3.73999688377505,93.43750149415));
#4485=CARTESIAN_POINT('',(66.05,-3.71040061567928,91.0876878715588));
#4486=CARTESIAN_POINT('Origin',(66.05,-3.73999688377496,115.13750149415));
#4487=CARTESIAN_POINT('',(-3.70000000000003,-6.08999688377497,115.13750149415));
#4488=CARTESIAN_POINT('',(-2.20000000000003,-6.08999688377497,115.13750149415));
#4489=CARTESIAN_POINT('',(-3.70000000000002,-3.73999688377497,117.48750149415));
#4490=CARTESIAN_POINT('Origin',(-3.7,-3.73999688377496,115.13750149415));
#4491=CARTESIAN_POINT('',(66.05,-3.73999688377497,117.48750149415));
#4492=CARTESIAN_POINT('Origin',(66.05,-6.08999688377497,115.13750149415));
#4493=CARTESIAN_POINT('',(-3.70000000000001,-6.08999688377519,57.568750747075));
#4494=CARTESIAN_POINT('Origin',(66.05,-6.08999688377497,115.13750149415));
#4495=CARTESIAN_POINT('',(66.05,-6.08999688377497,115.13750149415));
#4496=CARTESIAN_POINT('',(66.05,-6.08999688377497,115.13750149415));
#4497=CARTESIAN_POINT('',(66.05,-6.08999688377495,119.862500747075));
#4498=CARTESIAN_POINT('Origin',(66.05,-3.73999688377496,115.13750149415));
#4499=CARTESIAN_POINT('',(66.05,-3.73999688377497,117.48750149415));
#4500=CARTESIAN_POINT('',(64.55,-3.73999688377497,117.48750149415));
#4501=CARTESIAN_POINT('Origin',(66.05,-3.73999688377496,115.13750149415));
#4502=CARTESIAN_POINT('Origin',(66.05,-3.60999688377412,26.10000149415));
#4503=CARTESIAN_POINT('',(-3.70000000000001,-3.63313245764923,28.2998798419732));
#4504=CARTESIAN_POINT('',(-3.70000000000001,-5.80999688377412,26.10000149415));
#4505=CARTESIAN_POINT('Origin',(-3.7,-3.60999688377412,26.10000149415));
#4506=CARTESIAN_POINT('',(-2.20000000000002,-3.63313245764923,28.2998798419732));
#4507=CARTESIAN_POINT('',(66.05,-5.80999688377412,26.10000149415));
#4508=CARTESIAN_POINT('Origin',(66.05,-3.60999688377412,26.10000149415));
#4509=CARTESIAN_POINT('',(66.05,-5.80999688377412,26.10000149415));
#4510=CARTESIAN_POINT('',(66.05,-3.63313245764923,28.2998798419732));
#4511=CARTESIAN_POINT('Origin',(66.05,-3.60999688377412,26.10000149415));
#4512=CARTESIAN_POINT('',(64.55,-5.80999688377412,26.10000149415));
#4513=CARTESIAN_POINT('',(64.55,-3.63313245764923,28.2998798419732));
#4514=CARTESIAN_POINT('Origin',(66.05,-3.60999688377411,9.50000149414999));
#4515=CARTESIAN_POINT('',(-3.7,-5.8099968837741,9.50000149414999));
#4516=CARTESIAN_POINT('',(-3.7,-3.60999688377411,7.30000149414999));
#4517=CARTESIAN_POINT('Origin',(-3.7,-3.60999688377411,9.50000149414999));
#4518=CARTESIAN_POINT('',(-2.20000000000001,-5.8099968837741,9.50000149414999));
#4519=CARTESIAN_POINT('',(-2.20000000000001,-3.60999688377411,7.30000149414999));
#4520=CARTESIAN_POINT('Origin',(66.05,-5.80999688377412,26.10000149415));
#4521=CARTESIAN_POINT('',(-3.70000000000001,-5.80999688377411,13.050000747075));
#4522=CARTESIAN_POINT('Origin',(66.05,-3.60999688377411,9.50000149414999));
#4523=CARTESIAN_POINT('',(66.05,-3.60999688377411,7.30000149414999));
#4524=CARTESIAN_POINT('',(66.05,-5.8099968837741,9.50000149414999));
#4525=CARTESIAN_POINT('Origin',(66.05,-3.60999688377411,9.50000149414999));
#4526=CARTESIAN_POINT('',(64.55,-3.60999688377411,7.30000149414999));
#4527=CARTESIAN_POINT('',(66.05,-5.8099968837741,9.50000149414999));
#4528=CARTESIAN_POINT('Origin',(66.05,-5.80999688377412,26.10000149415));
#4529=CARTESIAN_POINT('',(66.05,-5.80999688377418,75.343750747075));
#4530=CARTESIAN_POINT('Origin',(-6.41605761196032E-16,-3.73999688377496,
115.13750149415));
#4531=CARTESIAN_POINT('',(-3.70000000000003,-3.73999688377497,118.439987833708));
#4532=CARTESIAN_POINT('',(-3.70000000000001,-3.73999688377493,57.568750747075));
#4533=CARTESIAN_POINT('',(-6.41605761196042E-16,-3.73999688377497,118.439987833708));
#4534=CARTESIAN_POINT('Origin',(5.98832043782969E-16,-3.60999688377411,
9.50000149414999));
#4535=CARTESIAN_POINT('',(66.05,-3.68080873854913,67.0414423306645));
#4536=CARTESIAN_POINT('Origin',(5.98832043782969E-16,-3.60999688377411,
9.50000149414999));
#4537=CARTESIAN_POINT('',(66.05,-3.68080873854913,67.0414423306645));
#4538=CARTESIAN_POINT('Origin',(5.98832043782969E-16,-3.60999688377411,
9.50000149414999));
#4539=CARTESIAN_POINT('',(-3.7,-3.60414869608411,4.74778667032151));
#4540=CARTESIAN_POINT('Origin',(5.98832043782969E-16,-3.60999688377411,
9.50000149414999));
#4541=CARTESIAN_POINT('',(-3.7,-3.60414869608411,4.74778667032151));
#4542=CARTESIAN_POINT('Origin',(-3.7,0.,1.77635683940025E-14));
#4543=CARTESIAN_POINT('',(-3.7,-3.60999688377411,6.155077600029));
#4544=CARTESIAN_POINT('',(-3.7,-3.60999688377411,3.07753880001451));
#4545=CARTESIAN_POINT('',(-3.7,-4.21054080119185,5.23832526810503));
#4546=CARTESIAN_POINT('Origin',(-3.7,-4.6099968837741,6.155077600029));
#4547=CARTESIAN_POINT('',(-3.7,-7.7,3.71786477583532));
#4548=CARTESIAN_POINT('',(-3.7,-5.39507118045391,4.72219037700891));
#4549=CARTESIAN_POINT('',(-3.70000000000003,-7.7,120.863284910023));
#4550=CARTESIAN_POINT('',(-3.70000000000001,-7.7,31.146875));
#4551=CARTESIAN_POINT('',(-3.70000000000003,-4.33082373567137,119.352444591517));
#4552=CARTESIAN_POINT('',(-3.70000000000003,19.7523340384275,108.55282981704));
#4553=CARTESIAN_POINT('Origin',(-3.7,-4.73999688377494,118.439987833708));
#4554=CARTESIAN_POINT('Origin',(5.98832043782969E-16,-3.60999688377411,
6.155077600029));
#4555=CARTESIAN_POINT('',(-2.2,-3.60999688377411,6.155077600029));
#4556=CARTESIAN_POINT('Origin',(-6.41605761196032E-16,-3.73999688377496,
115.13750149415));
#4557=CARTESIAN_POINT('',(66.05,-3.73999688377497,118.439987833708));
#4558=CARTESIAN_POINT('',(-6.41605761196042E-16,-3.73999688377497,118.439987833708));
#4559=CARTESIAN_POINT('',(66.05,-3.73999688377497,119.862500747075));
#4560=CARTESIAN_POINT('Origin',(-9.58747397697034E-15,-4.6099968837741,
6.155077600029));
#4561=CARTESIAN_POINT('',(-2.2,-4.21054080119185,5.23832526810503));
#4562=CARTESIAN_POINT('Origin',(-6.05311910470678E-15,-4.73999688377494,
118.439987833708));
#4563=CARTESIAN_POINT('',(66.05,-4.33082373567137,119.352444591517));
#4564=CARTESIAN_POINT('',(-2.76245542488394E-15,-4.33082373567137,119.352444591517));
#4565=CARTESIAN_POINT('Origin',(66.05,-4.73999688377494,118.439987833708));
#4566=CARTESIAN_POINT('Origin',(1.95185243793828E-15,-8.2,3.5));
#4567=CARTESIAN_POINT('',(-5.33405409823289,-6.0659459017671,4.42987043546394));
#4568=CARTESIAN_POINT('Origin',(-2.76245542488394E-15,-4.33082373567137,
119.352444591517));
#4569=CARTESIAN_POINT('',(66.05,-7.7,120.863284910023));
#4570=CARTESIAN_POINT('',(54.6451556852137,-19.1048443147864,125.97756129844));
#4571=CARTESIAN_POINT('',(66.05,-3.50521220204143,118.98221546292));
#4572=CARTESIAN_POINT('Origin',(0.,0.,126.6875));
#4573=CARTESIAN_POINT('',(0.,0.,126.6875));
#4574=CARTESIAN_POINT('',(5.23832518976282,-4.21054368949416,126.6875));
#4575=CARTESIAN_POINT('',(5.59135334727187,-3.4003440680109,126.6875));
#4576=CARTESIAN_POINT('',(6.15507742237372,-3.61,126.6875));
#4577=CARTESIAN_POINT('Origin',(6.15507742237371,-4.61,126.6875));
#4578=CARTESIAN_POINT('',(28.0974612888131,-3.61,126.6875));
#4579=CARTESIAN_POINT('Origin',(0.,0.,124.5875));
#4580=CARTESIAN_POINT('Origin',(-9.58747397697034E-15,-4.6099968837741,
6.155077600029));
#4581=CARTESIAN_POINT('',(66.05,-3.60999688377411,6.155077600029));
#4582=CARTESIAN_POINT('',(5.9883204378297E-16,-3.60999688377411,6.155077600029));
#4583=CARTESIAN_POINT('',(66.05,-4.21054080119185,5.23832526810503));
#4584=CARTESIAN_POINT('Origin',(66.05,-4.6099968837741,6.155077600029));
#4585=CARTESIAN_POINT('',(-3.30747409045399E-15,-4.21054080119185,5.23832526810503));
#4586=CARTESIAN_POINT('Origin',(5.98832043782969E-16,-3.60999688377411,
6.155077600029));
#4587=CARTESIAN_POINT('',(66.05,-3.60999688377411,65.3712888000145));
#4588=CARTESIAN_POINT('Origin',(1.95185243793828E-15,-8.2,3.5));
#4589=CARTESIAN_POINT('',(66.05,-7.7,3.71786477583532));
#4590=CARTESIAN_POINT('',(66.05,17.4170430466904,14.6621026818622));
#4591=CARTESIAN_POINT('',(59.6454652508322,-14.1045347491679,0.927219720921292));
#4592=CARTESIAN_POINT('Origin',(66.05,0.,124.5875));
#4593=CARTESIAN_POINT('',(66.05,-7.7,93.440625));
#4594=CARTESIAN_POINT('Origin',(65.8,-7.95,93.440625));
#4595=CARTESIAN_POINT('Origin',(-3.45000000000001,-7.95,31.146875));
#4596=CARTESIAN_POINT('',(-12.80417913523,1.40417913522998,116.780696222087));
#4597=CARTESIAN_POINT('Origin',(-6.05311910470678E-15,-4.73999688377494,
118.439987833708));
#4598=CARTESIAN_POINT('',(-2.76245542488394E-15,-4.33082373567137,119.352444591517));
#4599=CARTESIAN_POINT('Origin',(-2.76245542488394E-15,-4.33082373567137,
119.352444591517));
#4600=CARTESIAN_POINT('Origin',(15.5875,-7.95,128.0375));
#4601=CARTESIAN_POINT('',(3.71786492374721,-7.7,128.2875));
#4602=CARTESIAN_POINT('',(4.59573945935608,-5.68527794077763,130.302222059222));
#4603=CARTESIAN_POINT('',(58.6321350762527,-7.7,128.2875));
#4604=CARTESIAN_POINT('',(56.8750865914401,-3.66757372735513,132.319926272645));
#4605=CARTESIAN_POINT('',(15.5875,-7.7,128.2875));
#4606=CARTESIAN_POINT('Origin',(0.,0.,128.2875));
#4607=CARTESIAN_POINT('',(5.23832518976282,-4.21054368949416,128.2875));
#4608=CARTESIAN_POINT('',(5.59135334727187,-3.4003440680109,128.2875));
#4609=CARTESIAN_POINT('',(57.111674810237,-4.21054368949416,128.2875));
#4610=CARTESIAN_POINT('',(52.6533596483179,6.02128960711023,128.2875));
#4611=CARTESIAN_POINT('',(56.1949225776261,-3.61,128.2875));
#4612=CARTESIAN_POINT('Origin',(56.1949225776261,-4.60999999999999,128.2875));
#4613=CARTESIAN_POINT('',(6.15507742237372,-3.61,128.2875));
#4614=CARTESIAN_POINT('',(28.0974612888131,-3.61,128.2875));
#4615=CARTESIAN_POINT('Origin',(6.15507742237371,-4.61,128.2875));
#4616=CARTESIAN_POINT('Origin',(58.8499999999999,-8.2,128.2875));
#4617=CARTESIAN_POINT('',(57.111674810237,-4.21054368949416,128.2875));
#4618=CARTESIAN_POINT('Origin',(56.1949225776261,-4.60999999999999,128.2875));
#4619=CARTESIAN_POINT('',(56.1949225776261,-3.61,128.2875));
#4620=CARTESIAN_POINT('Origin',(56.1949225776261,-3.61,128.2875));
#4621=CARTESIAN_POINT('',(6.15507742237372,-3.61,128.2875));
#4622=CARTESIAN_POINT('Origin',(6.15507742237371,-4.61,128.2875));
#4623=CARTESIAN_POINT('',(5.23832518976282,-4.21054368949416,126.7875));
#4624=CARTESIAN_POINT('Origin',(5.23832518976282,-4.21054368949416,128.2875));
#4625=CARTESIAN_POINT('Origin',(5.23832518976282,-4.21054368949416,128.2875));
#4626=CARTESIAN_POINT('',(5.23832518976282,-4.21054368949416,-3.70000000000001));
#4627=CARTESIAN_POINT('',(3.71786492374721,-7.7,-3.7));
#4628=CARTESIAN_POINT('',(10.5658029465634,8.01601776236315,-3.70000000000001));
#4629=CARTESIAN_POINT('',(-7.18400453776546,-32.7197904141716,21.3197904141714));
#4630=CARTESIAN_POINT('',(5.23832518976282,-4.21054368949416,128.2875));
#4631=CARTESIAN_POINT('Origin',(6.15507742237371,-4.61,128.2875));
#4632=CARTESIAN_POINT('',(6.15507742237372,-3.61,-3.70000000000001));
#4633=CARTESIAN_POINT('Origin',(6.15507742237371,-4.61,-3.70000000000003));
#4634=CARTESIAN_POINT('',(6.15507742237372,-3.61,128.2875));
#4635=CARTESIAN_POINT('Origin',(56.1949225776261,-3.61,128.2875));
#4636=CARTESIAN_POINT('',(56.1949225776261,-3.61,-3.70000000000003));
#4637=CARTESIAN_POINT('',(59.272461288813,-3.61,-3.70000000000003));
#4638=CARTESIAN_POINT('',(56.1949225776261,-3.61,128.2875));
#4639=CARTESIAN_POINT('Origin',(56.1949225776261,-4.60999999999999,128.2875));
#4640=CARTESIAN_POINT('',(57.111674810237,-4.21054368949416,-3.70000000000003));
#4641=CARTESIAN_POINT('Origin',(56.1949225776261,-4.60999999999999,-3.70000000000003));
#4642=CARTESIAN_POINT('',(57.111674810237,-4.21054368949416,-2.20000000000002));
#4643=CARTESIAN_POINT('Origin',(58.8499999999999,-8.2,128.2875));
#4644=CARTESIAN_POINT('',(58.6321350762526,-7.7,-3.70000000000003));
#4645=CARTESIAN_POINT('',(57.6278092476094,-5.39507222326383,-3.70000000000002));
#4646=CARTESIAN_POINT('',(71.3576973179412,-36.9051653446751,25.5051653446749));
#4647=CARTESIAN_POINT('Origin',(46.7625,-7.95,-3.45000000000002));
#4648=CARTESIAN_POINT('',(46.7625,-7.7,-3.70000000000002));
#4649=CARTESIAN_POINT('Origin',(62.35,0.,-3.70000000000003));
#4650=UNCERTAINTY_MEASURE_WITH_UNIT(LENGTH_MEASURE(0.01),#4654,
'DISTANCE_ACCURACY_VALUE',
'Maximum model space distance between geometric entities at asserted c
onnectivities');
#4651=UNCERTAINTY_MEASURE_WITH_UNIT(LENGTH_MEASURE(0.01),#4654,
'DISTANCE_ACCURACY_VALUE',
'Maximum model space distance between geometric entities at asserted c
onnectivities');
#4652=(
GEOMETRIC_REPRESENTATION_CONTEXT(3)
GLOBAL_UNCERTAINTY_ASSIGNED_CONTEXT((#4650))
GLOBAL_UNIT_ASSIGNED_CONTEXT((#4654,#4656,#4657))
REPRESENTATION_CONTEXT('','3D')
);
#4653=(
GEOMETRIC_REPRESENTATION_CONTEXT(3)
GLOBAL_UNCERTAINTY_ASSIGNED_CONTEXT((#4651))
GLOBAL_UNIT_ASSIGNED_CONTEXT((#4654,#4656,#4657))
REPRESENTATION_CONTEXT('','3D')
);
#4654=(
LENGTH_UNIT()
NAMED_UNIT(*)
SI_UNIT(.MILLI.,.METRE.)
);
#4655=(
LENGTH_UNIT()
NAMED_UNIT(*)
SI_UNIT($,.METRE.)
);
#4656=(
NAMED_UNIT(*)
PLANE_ANGLE_UNIT()
SI_UNIT($,.RADIAN.)
);
#4657=(
NAMED_UNIT(*)
SI_UNIT($,.STERADIAN.)
SOLID_ANGLE_UNIT()
);
#4658=SHAPE_DEFINITION_REPRESENTATION(#4659,#4660);
#4659=PRODUCT_DEFINITION_SHAPE('',$,#4662);
#4660=SHAPE_REPRESENTATION('',(#2790),#4652);
#4661=PRODUCT_DEFINITION_CONTEXT('part definition',#4666,'design');
#4662=PRODUCT_DEFINITION('Bottom','Bottom',#4663,#4661);
#4663=PRODUCT_DEFINITION_FORMATION('',$,#4668);
#4664=PRODUCT_RELATED_PRODUCT_CATEGORY('Bottom','Bottom',(#4668));
#4665=APPLICATION_PROTOCOL_DEFINITION('international standard',
'automotive_design',2009,#4666);
#4666=APPLICATION_CONTEXT(
'Core Data for Automotive Mechanical Design Process');
#4667=PRODUCT_CONTEXT('part definition',#4666,'mechanical');
#4668=PRODUCT('Bottom','Bottom',$,(#4667));
#4669=PRESENTATION_STYLE_ASSIGNMENT((#4670));
#4670=SURFACE_STYLE_USAGE(.BOTH.,#4671);
#4671=SURFACE_SIDE_STYLE('',(#4672));
#4672=SURFACE_STYLE_FILL_AREA(#4673);
#4673=FILL_AREA_STYLE('Aluminum - Anodized Rough (Blue)',(#4674));
#4674=FILL_AREA_STYLE_COLOUR('Aluminum - Anodized Rough (Blue)',#4675);
#4675=COLOUR_RGB('Aluminum - Anodized Rough (Blue)',0.349019607843137,0.584313725490196,
0.854901960784314);
ENDSEC;
END-ISO-10303-21;
