ISO-10303-21;
HEADER;
/* Generated by software containing ST-Developer
 * from STEP Tools, Inc. (www.steptools.com) 
 */

FILE_DESCRIPTION(
/* description */ (''),
/* implementation_level */ '2;1');

FILE_NAME(
/* name */ 'DeltaForm-Bottom.step',
/* time_stamp */ '2025-09-21T00:12:13+08:00',
/* author */ (''),
/* organization */ (''),
/* preprocessor_version */ 'ST-DEVELOPER v20.1',
/* originating_system */ 'Autodesk Translation Framework v14.17.0.0',
/* authorisation */ '');

FILE_SCHEMA (('AUTOMOTIVE_DESIGN { 1 0 10303 214 3 1 1 }'));
ENDSEC;

DATA;
#10=MECHANICAL_DESIGN_GEOMETRIC_PRESENTATION_REPRESENTATION('',(#13),#4949);
#11=SHAPE_REPRESENTATION_RELATIONSHIP('SRR','None',#4956,#12);
#12=ADVANCED_BREP_SHAPE_REPRESENTATION('',(#14),#4948);
#13=STYLED_ITEM('',(#4966),#14);
#14=MANIFOLD_SOLID_BREP('Bottom',#2931);
#15=FACE_BOUND('',#345,.T.);
#16=FACE_BOUND('',#349,.T.);
#17=FACE_BOUND('',#350,.T.);
#18=FACE_BOUND('',#351,.T.);
#19=FACE_BOUND('',#352,.T.);
#20=FACE_BOUND('',#356,.T.);
#21=FACE_BOUND('',#362,.T.);
#22=FACE_BOUND('',#368,.T.);
#23=FACE_BOUND('',#386,.T.);
#24=FACE_BOUND('',#402,.T.);
#25=FACE_BOUND('',#418,.T.);
#26=FACE_BOUND('',#433,.T.);
#27=CONICAL_SURFACE('',#3005,1.7,0.785398163397448);
#28=CONICAL_SURFACE('',#3012,3.1,0.785398163397448);
#29=CONICAL_SURFACE('',#3024,1.7,0.785398163397437);
#30=CONICAL_SURFACE('',#3031,3.1,0.785398163397437);
#31=CONICAL_SURFACE('',#3034,1.7,0.785398163397437);
#32=CONICAL_SURFACE('',#3041,3.1,0.785398163397437);
#33=CONICAL_SURFACE('',#3044,1.7,0.785398163397448);
#34=CONICAL_SURFACE('',#3051,3.1,0.785398163397448);
#35=CONICAL_SURFACE('',#3057,2.,0.785398163397448);
#36=CONICAL_SURFACE('',#3063,4.4,0.785398163397445);
#37=CONICAL_SURFACE('',#3075,1.7,0.785398163397448);
#38=CONICAL_SURFACE('',#3079,2.00000000000003,0.785398163397436);
#39=CONICAL_SURFACE('',#3085,4.4,0.785398163397439);
#40=CONICAL_SURFACE('',#3096,1.7,0.785398163397437);
#41=CONICAL_SURFACE('',#3100,1.99999999999999,0.785398163397434);
#42=CONICAL_SURFACE('',#3106,4.4,0.785398163397434);
#43=CONICAL_SURFACE('',#3117,1.7,0.785398163397437);
#44=CONICAL_SURFACE('',#3124,2.00000000000003,0.785398163397436);
#45=CONICAL_SURFACE('',#3130,4.4,0.785398163397472);
#46=CONICAL_SURFACE('',#3135,1.7,0.785398163397448);
#47=PLANE('',#2988);
#48=PLANE('',#2989);
#49=PLANE('',#2996);
#50=PLANE('',#2999);
#51=PLANE('',#3000);
#52=PLANE('',#3001);
#53=PLANE('',#3004);
#54=PLANE('',#3008);
#55=PLANE('',#3015);
#56=PLANE('',#3027);
#57=PLANE('',#3037);
#58=PLANE('',#3047);
#59=PLANE('',#3054);
#60=PLANE('',#3055);
#61=PLANE('',#3056);
#62=PLANE('',#3060);
#63=PLANE('',#3061);
#64=PLANE('',#3062);
#65=PLANE('',#3066);
#66=PLANE('',#3067);
#67=PLANE('',#3068);
#68=PLANE('',#3071);
#69=PLANE('',#3073);
#70=PLANE('',#3076);
#71=PLANE('',#3077);
#72=PLANE('',#3078);
#73=PLANE('',#3082);
#74=PLANE('',#3083);
#75=PLANE('',#3084);
#76=PLANE('',#3087);
#77=PLANE('',#3088);
#78=PLANE('',#3089);
#79=PLANE('',#3092);
#80=PLANE('',#3094);
#81=PLANE('',#3097);
#82=PLANE('',#3098);
#83=PLANE('',#3099);
#84=PLANE('',#3103);
#85=PLANE('',#3104);
#86=PLANE('',#3105);
#87=PLANE('',#3108);
#88=PLANE('',#3109);
#89=PLANE('',#3110);
#90=PLANE('',#3113);
#91=PLANE('',#3115);
#92=PLANE('',#3118);
#93=PLANE('',#3119);
#94=PLANE('',#3120);
#95=PLANE('',#3121);
#96=PLANE('',#3122);
#97=PLANE('',#3123);
#98=PLANE('',#3127);
#99=PLANE('',#3128);
#100=PLANE('',#3129);
#101=PLANE('',#3132);
#102=PLANE('',#3133);
#103=PLANE('',#3136);
#104=PLANE('',#3138);
#105=PLANE('',#3145);
#106=PLANE('',#3147);
#107=PLANE('',#3148);
#108=PLANE('',#3149);
#109=PLANE('',#3150);
#110=PLANE('',#3152);
#111=PLANE('',#3157);
#112=PLANE('',#3158);
#113=PLANE('',#3165);
#114=PLANE('',#3166);
#115=PLANE('',#3167);
#116=PLANE('',#3172);
#117=PLANE('',#3173);
#118=PLANE('',#3178);
#119=PLANE('',#3179);
#120=PLANE('',#3180);
#121=PLANE('',#3183);
#122=PLANE('',#3188);
#123=PLANE('',#3193);
#124=PLANE('',#3198);
#125=PLANE('',#3199);
#126=PLANE('',#3200);
#127=PLANE('',#3201);
#128=PLANE('',#3202);
#129=PLANE('',#3203);
#130=PLANE('',#3206);
#131=PLANE('',#3209);
#132=PLANE('',#3210);
#133=PLANE('',#3211);
#134=PLANE('',#3213);
#135=PLANE('',#3214);
#136=PLANE('',#3215);
#137=PLANE('',#3218);
#138=PLANE('',#3219);
#139=PLANE('',#3220);
#140=PLANE('',#3221);
#141=PLANE('',#3224);
#142=B_SPLINE_CURVE_WITH_KNOTS('',3,(#4143,#4144,#4145,#4146,#4147,#4148,
#4149,#4150,#4151,#4152,#4153,#4154,#4155,#4156,#4157,#4158),
 .UNSPECIFIED.,.F.,.F.,(4,2,2,2,2,2,2,4),(-0.218701594457557,-0.218187631917362,
-0.19563682658041,-0.173613652542627,-0.145681121633247,-0.125138238873981,
-0.107840497852456,-0.10466316710978),.UNSPECIFIED.);
#143=B_SPLINE_CURVE_WITH_KNOTS('',3,(#4632,#4633,#4634,#4635),
 .UNSPECIFIED.,.F.,.F.,(4,4),(-0.0349037491819499,0.),.UNSPECIFIED.);
#144=TOROIDAL_SURFACE('',#2960,5.,0.5);
#145=TOROIDAL_SURFACE('',#2965,4.99999999999999,0.5);
#146=TOROIDAL_SURFACE('',#2974,4.99999999999999,0.5);
#147=TOROIDAL_SURFACE('',#2981,5.,0.5);
#148=FACE_OUTER_BOUND('',#316,.T.);
#149=FACE_OUTER_BOUND('',#317,.T.);
#150=FACE_OUTER_BOUND('',#318,.T.);
#151=FACE_OUTER_BOUND('',#319,.T.);
#152=FACE_OUTER_BOUND('',#320,.T.);
#153=FACE_OUTER_BOUND('',#321,.T.);
#154=FACE_OUTER_BOUND('',#322,.T.);
#155=FACE_OUTER_BOUND('',#323,.T.);
#156=FACE_OUTER_BOUND('',#324,.T.);
#157=FACE_OUTER_BOUND('',#325,.T.);
#158=FACE_OUTER_BOUND('',#326,.T.);
#159=FACE_OUTER_BOUND('',#327,.T.);
#160=FACE_OUTER_BOUND('',#328,.T.);
#161=FACE_OUTER_BOUND('',#329,.T.);
#162=FACE_OUTER_BOUND('',#330,.T.);
#163=FACE_OUTER_BOUND('',#331,.T.);
#164=FACE_OUTER_BOUND('',#332,.T.);
#165=FACE_OUTER_BOUND('',#333,.T.);
#166=FACE_OUTER_BOUND('',#334,.T.);
#167=FACE_OUTER_BOUND('',#335,.T.);
#168=FACE_OUTER_BOUND('',#336,.T.);
#169=FACE_OUTER_BOUND('',#337,.T.);
#170=FACE_OUTER_BOUND('',#338,.T.);
#171=FACE_OUTER_BOUND('',#339,.T.);
#172=FACE_OUTER_BOUND('',#340,.T.);
#173=FACE_OUTER_BOUND('',#341,.T.);
#174=FACE_OUTER_BOUND('',#342,.T.);
#175=FACE_OUTER_BOUND('',#343,.T.);
#176=FACE_OUTER_BOUND('',#344,.T.);
#177=FACE_OUTER_BOUND('',#346,.T.);
#178=FACE_OUTER_BOUND('',#347,.T.);
#179=FACE_OUTER_BOUND('',#348,.T.);
#180=FACE_OUTER_BOUND('',#353,.T.);
#181=FACE_OUTER_BOUND('',#354,.T.);
#182=FACE_OUTER_BOUND('',#355,.T.);
#183=FACE_OUTER_BOUND('',#357,.T.);
#184=FACE_OUTER_BOUND('',#358,.T.);
#185=FACE_OUTER_BOUND('',#359,.T.);
#186=FACE_OUTER_BOUND('',#360,.T.);
#187=FACE_OUTER_BOUND('',#361,.T.);
#188=FACE_OUTER_BOUND('',#363,.T.);
#189=FACE_OUTER_BOUND('',#364,.T.);
#190=FACE_OUTER_BOUND('',#365,.T.);
#191=FACE_OUTER_BOUND('',#366,.T.);
#192=FACE_OUTER_BOUND('',#367,.T.);
#193=FACE_OUTER_BOUND('',#369,.T.);
#194=FACE_OUTER_BOUND('',#370,.T.);
#195=FACE_OUTER_BOUND('',#371,.T.);
#196=FACE_OUTER_BOUND('',#372,.T.);
#197=FACE_OUTER_BOUND('',#373,.T.);
#198=FACE_OUTER_BOUND('',#374,.T.);
#199=FACE_OUTER_BOUND('',#375,.T.);
#200=FACE_OUTER_BOUND('',#376,.T.);
#201=FACE_OUTER_BOUND('',#377,.T.);
#202=FACE_OUTER_BOUND('',#378,.T.);
#203=FACE_OUTER_BOUND('',#379,.T.);
#204=FACE_OUTER_BOUND('',#380,.T.);
#205=FACE_OUTER_BOUND('',#381,.T.);
#206=FACE_OUTER_BOUND('',#382,.T.);
#207=FACE_OUTER_BOUND('',#383,.T.);
#208=FACE_OUTER_BOUND('',#384,.T.);
#209=FACE_OUTER_BOUND('',#385,.T.);
#210=FACE_OUTER_BOUND('',#387,.T.);
#211=FACE_OUTER_BOUND('',#388,.T.);
#212=FACE_OUTER_BOUND('',#389,.T.);
#213=FACE_OUTER_BOUND('',#390,.T.);
#214=FACE_OUTER_BOUND('',#391,.T.);
#215=FACE_OUTER_BOUND('',#392,.T.);
#216=FACE_OUTER_BOUND('',#393,.T.);
#217=FACE_OUTER_BOUND('',#394,.T.);
#218=FACE_OUTER_BOUND('',#395,.T.);
#219=FACE_OUTER_BOUND('',#396,.T.);
#220=FACE_OUTER_BOUND('',#397,.T.);
#221=FACE_OUTER_BOUND('',#398,.T.);
#222=FACE_OUTER_BOUND('',#399,.T.);
#223=FACE_OUTER_BOUND('',#400,.T.);
#224=FACE_OUTER_BOUND('',#401,.T.);
#225=FACE_OUTER_BOUND('',#403,.T.);
#226=FACE_OUTER_BOUND('',#404,.T.);
#227=FACE_OUTER_BOUND('',#405,.T.);
#228=FACE_OUTER_BOUND('',#406,.T.);
#229=FACE_OUTER_BOUND('',#407,.T.);
#230=FACE_OUTER_BOUND('',#408,.T.);
#231=FACE_OUTER_BOUND('',#409,.T.);
#232=FACE_OUTER_BOUND('',#410,.T.);
#233=FACE_OUTER_BOUND('',#411,.T.);
#234=FACE_OUTER_BOUND('',#412,.T.);
#235=FACE_OUTER_BOUND('',#413,.T.);
#236=FACE_OUTER_BOUND('',#414,.T.);
#237=FACE_OUTER_BOUND('',#415,.T.);
#238=FACE_OUTER_BOUND('',#416,.T.);
#239=FACE_OUTER_BOUND('',#417,.T.);
#240=FACE_OUTER_BOUND('',#419,.T.);
#241=FACE_OUTER_BOUND('',#420,.T.);
#242=FACE_OUTER_BOUND('',#421,.T.);
#243=FACE_OUTER_BOUND('',#422,.T.);
#244=FACE_OUTER_BOUND('',#423,.T.);
#245=FACE_OUTER_BOUND('',#424,.T.);
#246=FACE_OUTER_BOUND('',#425,.T.);
#247=FACE_OUTER_BOUND('',#426,.T.);
#248=FACE_OUTER_BOUND('',#427,.T.);
#249=FACE_OUTER_BOUND('',#428,.T.);
#250=FACE_OUTER_BOUND('',#429,.T.);
#251=FACE_OUTER_BOUND('',#430,.T.);
#252=FACE_OUTER_BOUND('',#431,.T.);
#253=FACE_OUTER_BOUND('',#432,.T.);
#254=FACE_OUTER_BOUND('',#434,.T.);
#255=FACE_OUTER_BOUND('',#435,.T.);
#256=FACE_OUTER_BOUND('',#436,.T.);
#257=FACE_OUTER_BOUND('',#437,.T.);
#258=FACE_OUTER_BOUND('',#438,.T.);
#259=FACE_OUTER_BOUND('',#439,.T.);
#260=FACE_OUTER_BOUND('',#440,.T.);
#261=FACE_OUTER_BOUND('',#441,.T.);
#262=FACE_OUTER_BOUND('',#442,.T.);
#263=FACE_OUTER_BOUND('',#443,.T.);
#264=FACE_OUTER_BOUND('',#444,.T.);
#265=FACE_OUTER_BOUND('',#445,.T.);
#266=FACE_OUTER_BOUND('',#446,.T.);
#267=FACE_OUTER_BOUND('',#447,.T.);
#268=FACE_OUTER_BOUND('',#448,.T.);
#269=FACE_OUTER_BOUND('',#449,.T.);
#270=FACE_OUTER_BOUND('',#450,.T.);
#271=FACE_OUTER_BOUND('',#451,.T.);
#272=FACE_OUTER_BOUND('',#452,.T.);
#273=FACE_OUTER_BOUND('',#453,.T.);
#274=FACE_OUTER_BOUND('',#454,.T.);
#275=FACE_OUTER_BOUND('',#455,.T.);
#276=FACE_OUTER_BOUND('',#456,.T.);
#277=FACE_OUTER_BOUND('',#457,.T.);
#278=FACE_OUTER_BOUND('',#458,.T.);
#279=FACE_OUTER_BOUND('',#459,.T.);
#280=FACE_OUTER_BOUND('',#460,.T.);
#281=FACE_OUTER_BOUND('',#461,.T.);
#282=FACE_OUTER_BOUND('',#462,.T.);
#283=FACE_OUTER_BOUND('',#463,.T.);
#284=FACE_OUTER_BOUND('',#464,.T.);
#285=FACE_OUTER_BOUND('',#465,.T.);
#286=FACE_OUTER_BOUND('',#466,.T.);
#287=FACE_OUTER_BOUND('',#467,.T.);
#288=FACE_OUTER_BOUND('',#468,.T.);
#289=FACE_OUTER_BOUND('',#469,.T.);
#290=FACE_OUTER_BOUND('',#470,.T.);
#291=FACE_OUTER_BOUND('',#471,.T.);
#292=FACE_OUTER_BOUND('',#472,.T.);
#293=FACE_OUTER_BOUND('',#473,.T.);
#294=FACE_OUTER_BOUND('',#474,.T.);
#295=FACE_OUTER_BOUND('',#475,.T.);
#296=FACE_OUTER_BOUND('',#476,.T.);
#297=FACE_OUTER_BOUND('',#477,.T.);
#298=FACE_OUTER_BOUND('',#478,.T.);
#299=FACE_OUTER_BOUND('',#479,.T.);
#300=FACE_OUTER_BOUND('',#480,.T.);
#301=FACE_OUTER_BOUND('',#481,.T.);
#302=FACE_OUTER_BOUND('',#482,.T.);
#303=FACE_OUTER_BOUND('',#483,.T.);
#304=FACE_OUTER_BOUND('',#484,.T.);
#305=FACE_OUTER_BOUND('',#485,.T.);
#306=FACE_OUTER_BOUND('',#486,.T.);
#307=FACE_OUTER_BOUND('',#487,.T.);
#308=FACE_OUTER_BOUND('',#488,.T.);
#309=FACE_OUTER_BOUND('',#489,.T.);
#310=FACE_OUTER_BOUND('',#490,.T.);
#311=FACE_OUTER_BOUND('',#491,.T.);
#312=FACE_OUTER_BOUND('',#492,.T.);
#313=FACE_OUTER_BOUND('',#493,.T.);
#314=FACE_OUTER_BOUND('',#494,.T.);
#315=FACE_OUTER_BOUND('',#495,.T.);
#316=EDGE_LOOP('',(#1882,#1883,#1884,#1885));
#317=EDGE_LOOP('',(#1886,#1887,#1888,#1889));
#318=EDGE_LOOP('',(#1890,#1891,#1892,#1893));
#319=EDGE_LOOP('',(#1894,#1895,#1896,#1897));
#320=EDGE_LOOP('',(#1898,#1899,#1900,#1901));
#321=EDGE_LOOP('',(#1902,#1903,#1904,#1905));
#322=EDGE_LOOP('',(#1906,#1907,#1908,#1909));
#323=EDGE_LOOP('',(#1910,#1911,#1912,#1913));
#324=EDGE_LOOP('',(#1914,#1915,#1916,#1917));
#325=EDGE_LOOP('',(#1918,#1919,#1920,#1921));
#326=EDGE_LOOP('',(#1922,#1923,#1924));
#327=EDGE_LOOP('',(#1925,#1926,#1927,#1928));
#328=EDGE_LOOP('',(#1929,#1930,#1931,#1932));
#329=EDGE_LOOP('',(#1933,#1934,#1935,#1936));
#330=EDGE_LOOP('',(#1937,#1938,#1939,#1940));
#331=EDGE_LOOP('',(#1941,#1942,#1943,#1944));
#332=EDGE_LOOP('',(#1945,#1946,#1947,#1948));
#333=EDGE_LOOP('',(#1949,#1950,#1951,#1952));
#334=EDGE_LOOP('',(#1953,#1954,#1955,#1956,#1957,#1958));
#335=EDGE_LOOP('',(#1959,#1960,#1961,#1962,#1963,#1964,#1965,#1966,#1967,
#1968,#1969,#1970,#1971,#1972,#1973,#1974));
#336=EDGE_LOOP('',(#1975,#1976,#1977,#1978,#1979,#1980));
#337=EDGE_LOOP('',(#1981,#1982,#1983,#1984));
#338=EDGE_LOOP('',(#1985,#1986,#1987,#1988,#1989,#1990));
#339=EDGE_LOOP('',(#1991,#1992,#1993,#1994));
#340=EDGE_LOOP('',(#1995,#1996,#1997,#1998,#1999,#2000));
#341=EDGE_LOOP('',(#2001,#2002,#2003,#2004));
#342=EDGE_LOOP('',(#2005,#2006,#2007,#2008,#2009,#2010,#2011,#2012,#2013,
#2014,#2015,#2016,#2017,#2018,#2019,#2020,#2021));
#343=EDGE_LOOP('',(#2022,#2023,#2024,#2025));
#344=EDGE_LOOP('',(#2026));
#345=EDGE_LOOP('',(#2027));
#346=EDGE_LOOP('',(#2028,#2029,#2030,#2031));
#347=EDGE_LOOP('',(#2032,#2033,#2034,#2035));
#348=EDGE_LOOP('',(#2036,#2037,#2038,#2039,#2040,#2041,#2042,#2043,#2044,
#2045,#2046,#2047,#2048,#2049,#2050,#2051,#2052,#2053,#2054,#2055,#2056,
#2057,#2058,#2059));
#349=EDGE_LOOP('',(#2060));
#350=EDGE_LOOP('',(#2061));
#351=EDGE_LOOP('',(#2062));
#352=EDGE_LOOP('',(#2063));
#353=EDGE_LOOP('',(#2064,#2065,#2066,#2067));
#354=EDGE_LOOP('',(#2068,#2069,#2070,#2071));
#355=EDGE_LOOP('',(#2072));
#356=EDGE_LOOP('',(#2073));
#357=EDGE_LOOP('',(#2074,#2075,#2076,#2077));
#358=EDGE_LOOP('',(#2078,#2079,#2080,#2081));
#359=EDGE_LOOP('',(#2082,#2083,#2084,#2085));
#360=EDGE_LOOP('',(#2086,#2087,#2088,#2089));
#361=EDGE_LOOP('',(#2090));
#362=EDGE_LOOP('',(#2091));
#363=EDGE_LOOP('',(#2092,#2093,#2094,#2095));
#364=EDGE_LOOP('',(#2096,#2097,#2098,#2099));
#365=EDGE_LOOP('',(#2100,#2101,#2102,#2103));
#366=EDGE_LOOP('',(#2104,#2105,#2106,#2107));
#367=EDGE_LOOP('',(#2108));
#368=EDGE_LOOP('',(#2109));
#369=EDGE_LOOP('',(#2110,#2111,#2112,#2113));
#370=EDGE_LOOP('',(#2114,#2115,#2116,#2117));
#371=EDGE_LOOP('',(#2118,#2119,#2120,#2121));
#372=EDGE_LOOP('',(#2122,#2123,#2124));
#373=EDGE_LOOP('',(#2125,#2126,#2127));
#374=EDGE_LOOP('',(#2128,#2129,#2130,#2131));
#375=EDGE_LOOP('',(#2132,#2133,#2134,#2135));
#376=EDGE_LOOP('',(#2136,#2137,#2138,#2139));
#377=EDGE_LOOP('',(#2140,#2141,#2142,#2143));
#378=EDGE_LOOP('',(#2144,#2145,#2146,#2147));
#379=EDGE_LOOP('',(#2148,#2149,#2150,#2151));
#380=EDGE_LOOP('',(#2152,#2153,#2154,#2155));
#381=EDGE_LOOP('',(#2156,#2157,#2158,#2159));
#382=EDGE_LOOP('',(#2160,#2161,#2162,#2163,#2164,#2165,#2166));
#383=EDGE_LOOP('',(#2167,#2168,#2169,#2170));
#384=EDGE_LOOP('',(#2171,#2172,#2173,#2174,#2175,#2176,#2177));
#385=EDGE_LOOP('',(#2178,#2179,#2180,#2181,#2182,#2183));
#386=EDGE_LOOP('',(#2184));
#387=EDGE_LOOP('',(#2185,#2186,#2187,#2188));
#388=EDGE_LOOP('',(#2189,#2190,#2191));
#389=EDGE_LOOP('',(#2192,#2193,#2194));
#390=EDGE_LOOP('',(#2195,#2196,#2197,#2198));
#391=EDGE_LOOP('',(#2199,#2200,#2201,#2202));
#392=EDGE_LOOP('',(#2203,#2204,#2205,#2206));
#393=EDGE_LOOP('',(#2207,#2208,#2209,#2210));
#394=EDGE_LOOP('',(#2211,#2212,#2213,#2214));
#395=EDGE_LOOP('',(#2215,#2216,#2217,#2218));
#396=EDGE_LOOP('',(#2219,#2220,#2221,#2222));
#397=EDGE_LOOP('',(#2223,#2224,#2225,#2226));
#398=EDGE_LOOP('',(#2227,#2228,#2229,#2230,#2231,#2232,#2233));
#399=EDGE_LOOP('',(#2234,#2235,#2236,#2237));
#400=EDGE_LOOP('',(#2238,#2239,#2240,#2241,#2242,#2243,#2244));
#401=EDGE_LOOP('',(#2245,#2246,#2247,#2248,#2249,#2250));
#402=EDGE_LOOP('',(#2251));
#403=EDGE_LOOP('',(#2252,#2253,#2254,#2255));
#404=EDGE_LOOP('',(#2256,#2257,#2258));
#405=EDGE_LOOP('',(#2259,#2260,#2261));
#406=EDGE_LOOP('',(#2262,#2263,#2264,#2265));
#407=EDGE_LOOP('',(#2266,#2267,#2268,#2269));
#408=EDGE_LOOP('',(#2270,#2271,#2272,#2273));
#409=EDGE_LOOP('',(#2274,#2275,#2276,#2277));
#410=EDGE_LOOP('',(#2278,#2279,#2280,#2281));
#411=EDGE_LOOP('',(#2282,#2283,#2284,#2285));
#412=EDGE_LOOP('',(#2286,#2287,#2288,#2289));
#413=EDGE_LOOP('',(#2290,#2291,#2292,#2293));
#414=EDGE_LOOP('',(#2294,#2295,#2296,#2297,#2298,#2299,#2300));
#415=EDGE_LOOP('',(#2301,#2302,#2303,#2304));
#416=EDGE_LOOP('',(#2305,#2306,#2307,#2308,#2309,#2310,#2311));
#417=EDGE_LOOP('',(#2312,#2313,#2314,#2315,#2316,#2317));
#418=EDGE_LOOP('',(#2318));
#419=EDGE_LOOP('',(#2319,#2320,#2321,#2322));
#420=EDGE_LOOP('',(#2323,#2324,#2325));
#421=EDGE_LOOP('',(#2326,#2327,#2328));
#422=EDGE_LOOP('',(#2329,#2330,#2331,#2332));
#423=EDGE_LOOP('',(#2333,#2334,#2335,#2336));
#424=EDGE_LOOP('',(#2337,#2338,#2339));
#425=EDGE_LOOP('',(#2340,#2341,#2342,#2343));
#426=EDGE_LOOP('',(#2344,#2345,#2346,#2347));
#427=EDGE_LOOP('',(#2348,#2349,#2350,#2351));
#428=EDGE_LOOP('',(#2352,#2353,#2354,#2355));
#429=EDGE_LOOP('',(#2356,#2357,#2358,#2359));
#430=EDGE_LOOP('',(#2360,#2361,#2362,#2363));
#431=EDGE_LOOP('',(#2364,#2365,#2366,#2367,#2368,#2369));
#432=EDGE_LOOP('',(#2370,#2371,#2372,#2373,#2374,#2375,#2376));
#433=EDGE_LOOP('',(#2377));
#434=EDGE_LOOP('',(#2378,#2379,#2380,#2381));
#435=EDGE_LOOP('',(#2382,#2383,#2384,#2385,#2386,#2387,#2388));
#436=EDGE_LOOP('',(#2389,#2390,#2391,#2392,#2393,#2394,#2395,#2396,#2397,
#2398,#2399,#2400,#2401,#2402,#2403,#2404));
#437=EDGE_LOOP('',(#2405,#2406,#2407,#2408,#2409,#2410,#2411));
#438=EDGE_LOOP('',(#2412,#2413,#2414,#2415));
#439=EDGE_LOOP('',(#2416,#2417,#2418,#2419,#2420,#2421));
#440=EDGE_LOOP('',(#2422,#2423,#2424,#2425,#2426,#2427));
#441=EDGE_LOOP('',(#2428,#2429,#2430,#2431,#2432,#2433));
#442=EDGE_LOOP('',(#2434,#2435,#2436,#2437));
#443=EDGE_LOOP('',(#2438,#2439,#2440,#2441));
#444=EDGE_LOOP('',(#2442,#2443,#2444,#2445));
#445=EDGE_LOOP('',(#2446,#2447,#2448,#2449));
#446=EDGE_LOOP('',(#2450,#2451,#2452,#2453));
#447=EDGE_LOOP('',(#2454,#2455,#2456,#2457));
#448=EDGE_LOOP('',(#2458,#2459,#2460,#2461));
#449=EDGE_LOOP('',(#2462,#2463,#2464,#2465));
#450=EDGE_LOOP('',(#2466,#2467,#2468,#2469));
#451=EDGE_LOOP('',(#2470,#2471,#2472,#2473));
#452=EDGE_LOOP('',(#2474,#2475,#2476,#2477,#2478));
#453=EDGE_LOOP('',(#2479,#2480,#2481,#2482));
#454=EDGE_LOOP('',(#2483,#2484,#2485,#2486));
#455=EDGE_LOOP('',(#2487,#2488,#2489,#2490));
#456=EDGE_LOOP('',(#2491,#2492,#2493,#2494,#2495,#2496,#2497));
#457=EDGE_LOOP('',(#2498,#2499,#2500,#2501,#2502,#2503,#2504));
#458=EDGE_LOOP('',(#2505,#2506,#2507,#2508));
#459=EDGE_LOOP('',(#2509,#2510,#2511,#2512));
#460=EDGE_LOOP('',(#2513,#2514,#2515,#2516,#2517));
#461=EDGE_LOOP('',(#2518,#2519,#2520,#2521,#2522));
#462=EDGE_LOOP('',(#2523,#2524,#2525,#2526,#2527));
#463=EDGE_LOOP('',(#2528,#2529,#2530,#2531));
#464=EDGE_LOOP('',(#2532,#2533,#2534,#2535,#2536,#2537,#2538,#2539,#2540,
#2541));
#465=EDGE_LOOP('',(#2542,#2543,#2544,#2545));
#466=EDGE_LOOP('',(#2546,#2547,#2548,#2549));
#467=EDGE_LOOP('',(#2550,#2551,#2552,#2553));
#468=EDGE_LOOP('',(#2554,#2555,#2556,#2557));
#469=EDGE_LOOP('',(#2558,#2559,#2560,#2561));
#470=EDGE_LOOP('',(#2562,#2563,#2564,#2565));
#471=EDGE_LOOP('',(#2566,#2567,#2568,#2569));
#472=EDGE_LOOP('',(#2570,#2571,#2572,#2573));
#473=EDGE_LOOP('',(#2574,#2575,#2576,#2577));
#474=EDGE_LOOP('',(#2578,#2579,#2580,#2581,#2582,#2583,#2584));
#475=EDGE_LOOP('',(#2585,#2586,#2587,#2588));
#476=EDGE_LOOP('',(#2589,#2590,#2591,#2592,#2593,#2594,#2595));
#477=EDGE_LOOP('',(#2596,#2597,#2598,#2599));
#478=EDGE_LOOP('',(#2600,#2601,#2602,#2603,#2604,#2605,#2606,#2607,#2608,
#2609,#2610,#2611,#2612,#2613,#2614,#2615,#2616,#2617));
#479=EDGE_LOOP('',(#2618,#2619,#2620,#2621));
#480=EDGE_LOOP('',(#2622,#2623,#2624,#2625,#2626));
#481=EDGE_LOOP('',(#2627,#2628,#2629,#2630));
#482=EDGE_LOOP('',(#2631,#2632,#2633,#2634,#2635,#2636,#2637,#2638,#2639,
#2640,#2641,#2642,#2643,#2644,#2645,#2646,#2647,#2648));
#483=EDGE_LOOP('',(#2649,#2650,#2651,#2652));
#484=EDGE_LOOP('',(#2653,#2654,#2655,#2656));
#485=EDGE_LOOP('',(#2657,#2658,#2659,#2660));
#486=EDGE_LOOP('',(#2661,#2662,#2663,#2664,#2665));
#487=EDGE_LOOP('',(#2666,#2667,#2668,#2669,#2670,#2671,#2672,#2673,#2674,
#2675));
#488=EDGE_LOOP('',(#2676,#2677,#2678,#2679,#2680));
#489=EDGE_LOOP('',(#2681,#2682,#2683,#2684));
#490=EDGE_LOOP('',(#2685,#2686,#2687,#2688,#2689,#2690));
#491=EDGE_LOOP('',(#2691,#2692,#2693,#2694));
#492=EDGE_LOOP('',(#2695,#2696,#2697,#2698));
#493=EDGE_LOOP('',(#2699,#2700,#2701,#2702,#2703,#2704));
#494=EDGE_LOOP('',(#2705,#2706,#2707,#2708));
#495=EDGE_LOOP('',(#2709,#2710,#2711,#2712,#2713));
#496=ELLIPSE('',#2947,0.707106781186544,0.5);
#497=ELLIPSE('',#2949,0.707106781186565,0.5);
#498=ELLIPSE('',#2952,0.707106781186565,0.5);
#499=ELLIPSE('',#2954,0.707106781186522,0.5);
#500=ELLIPSE('',#2957,0.707106781186541,0.5);
#501=ELLIPSE('',#2959,0.707106781186568,0.5);
#502=ELLIPSE('',#2971,0.707106781186552,0.5);
#503=ELLIPSE('',#2973,0.707106781186543,0.5);
#504=ELLIPSE('',#2980,0.707106781186525,0.5);
#505=CIRCLE('',#2946,0.5);
#506=CIRCLE('',#2951,0.5);
#507=CIRCLE('',#2956,0.499999999999998);
#508=CIRCLE('',#2961,4.5);
#509=CIRCLE('',#2962,0.499999986111111);
#510=CIRCLE('',#2963,5.);
#511=CIRCLE('',#2966,0.500000000000007);
#512=CIRCLE('',#2967,4.99999999999999);
#513=CIRCLE('',#2968,4.49999999999999);
#514=CIRCLE('',#2975,0.499999999999989);
#515=CIRCLE('',#2976,4.99999999999999);
#516=CIRCLE('',#2977,4.49999999999999);
#517=CIRCLE('',#2982,0.5);
#518=CIRCLE('',#2983,5.);
#519=CIRCLE('',#2984,4.5);
#520=CIRCLE('',#2987,4.49999999999999);
#521=CIRCLE('',#2990,2.35);
#522=CIRCLE('',#2991,2.35);
#523=CIRCLE('',#2992,2.35);
#524=CIRCLE('',#2993,2.35);
#525=CIRCLE('',#2994,2.2);
#526=CIRCLE('',#2995,2.2);
#527=CIRCLE('',#2998,4.49999999999999);
#528=CIRCLE('',#3003,4.5);
#529=CIRCLE('',#3006,1.6);
#530=CIRCLE('',#3007,1.8);
#531=CIRCLE('',#3009,3.);
#532=CIRCLE('',#3011,1.6);
#533=CIRCLE('',#3013,3.2);
#534=CIRCLE('',#3014,3.);
#535=CIRCLE('',#3016,2.10000000000003);
#536=CIRCLE('',#3017,2.09999999999999);
#537=CIRCLE('',#3018,2.10000000000003);
#538=CIRCLE('',#3019,2.1);
#539=CIRCLE('',#3020,3.2);
#540=CIRCLE('',#3021,3.2);
#541=CIRCLE('',#3022,3.2);
#542=CIRCLE('',#3025,1.6);
#543=CIRCLE('',#3026,1.8);
#544=CIRCLE('',#3028,3.00000000000001);
#545=CIRCLE('',#3030,1.6);
#546=CIRCLE('',#3032,3.00000000000001);
#547=CIRCLE('',#3035,1.6);
#548=CIRCLE('',#3036,1.8);
#549=CIRCLE('',#3038,3.00000000000001);
#550=CIRCLE('',#3040,1.6);
#551=CIRCLE('',#3042,3.00000000000001);
#552=CIRCLE('',#3045,1.6);
#553=CIRCLE('',#3046,1.8);
#554=CIRCLE('',#3048,3.);
#555=CIRCLE('',#3050,1.6);
#556=CIRCLE('',#3052,3.);
#557=CIRCLE('',#3058,1.9);
#558=CIRCLE('',#3059,2.1);
#559=CIRCLE('',#3064,4.3);
#560=CIRCLE('',#3065,4.5);
#561=CIRCLE('',#3069,1.);
#562=CIRCLE('',#3072,1.);
#563=CIRCLE('',#3074,1.8);
#564=CIRCLE('',#3080,1.90000000000003);
#565=CIRCLE('',#3081,2.10000000000003);
#566=CIRCLE('',#3086,4.3);
#567=CIRCLE('',#3090,1.00000000000001);
#568=CIRCLE('',#3093,1.);
#569=CIRCLE('',#3095,1.8);
#570=CIRCLE('',#3101,1.9);
#571=CIRCLE('',#3102,2.09999999999999);
#572=CIRCLE('',#3107,4.3);
#573=CIRCLE('',#3111,0.999999999999978);
#574=CIRCLE('',#3114,1.00000000000001);
#575=CIRCLE('',#3116,1.8);
#576=CIRCLE('',#3125,1.90000000000003);
#577=CIRCLE('',#3126,2.10000000000003);
#578=CIRCLE('',#3131,4.29999999999999);
#579=CIRCLE('',#3134,1.8);
#580=CIRCLE('',#3137,1.);
#581=CIRCLE('',#3139,2.2);
#582=CIRCLE('',#3140,2.2);
#583=CIRCLE('',#3141,2.35);
#584=CIRCLE('',#3142,2.35);
#585=CIRCLE('',#3143,2.35);
#586=CIRCLE('',#3144,2.35);
#587=CIRCLE('',#3146,0.999999999999978);
#588=CIRCLE('',#3154,2.35);
#589=CIRCLE('',#3156,2.35);
#590=CIRCLE('',#3160,2.35);
#591=CIRCLE('',#3162,1.);
#592=CIRCLE('',#3164,2.2);
#593=CIRCLE('',#3169,2.35);
#594=CIRCLE('',#3171,2.2);
#595=CIRCLE('',#3175,0.999999999999978);
#596=CIRCLE('',#3177,1.);
#597=CIRCLE('',#3182,1.);
#598=CIRCLE('',#3185,2.2);
#599=CIRCLE('',#3187,2.2);
#600=CIRCLE('',#3190,2.35);
#601=CIRCLE('',#3192,2.35);
#602=CIRCLE('',#3195,2.35);
#603=CIRCLE('',#3197,2.35);
#604=CIRCLE('',#3204,0.999999999999978);
#605=CIRCLE('',#3208,1.);
#606=CIRCLE('',#3217,1.00000000000001);
#607=CIRCLE('',#3222,1.00000000000001);
#608=LINE('',#4093,#910);
#609=LINE('',#4097,#911);
#610=LINE('',#4101,#912);
#611=LINE('',#4104,#913);
#612=LINE('',#4108,#914);
#613=LINE('',#4112,#915);
#614=LINE('',#4116,#916);
#615=LINE('',#4119,#917);
#616=LINE('',#4123,#918);
#617=LINE('',#4127,#919);
#618=LINE('',#4131,#920);
#619=LINE('',#4134,#921);
#620=LINE('',#4160,#922);
#621=LINE('',#4161,#923);
#622=LINE('',#4169,#924);
#623=LINE('',#4170,#925);
#624=LINE('',#4173,#926);
#625=LINE('',#4177,#927);
#626=LINE('',#4179,#928);
#627=LINE('',#4188,#929);
#628=LINE('',#4189,#930);
#629=LINE('',#4192,#931);
#630=LINE('',#4194,#932);
#631=LINE('',#4203,#933);
#632=LINE('',#4204,#934);
#633=LINE('',#4207,#935);
#634=LINE('',#4210,#936);
#635=LINE('',#4213,#937);
#636=LINE('',#4215,#938);
#637=LINE('',#4217,#939);
#638=LINE('',#4218,#940);
#639=LINE('',#4221,#941);
#640=LINE('',#4223,#942);
#641=LINE('',#4227,#943);
#642=LINE('',#4231,#944);
#643=LINE('',#4235,#945);
#644=LINE('',#4239,#946);
#645=LINE('',#4243,#947);
#646=LINE('',#4246,#948);
#647=LINE('',#4249,#949);
#648=LINE('',#4251,#950);
#649=LINE('',#4253,#951);
#650=LINE('',#4254,#952);
#651=LINE('',#4257,#953);
#652=LINE('',#4261,#954);
#653=LINE('',#4263,#955);
#654=LINE('',#4265,#956);
#655=LINE('',#4266,#957);
#656=LINE('',#4269,#958);
#657=LINE('',#4270,#959);
#658=LINE('',#4273,#960);
#659=LINE('',#4275,#961);
#660=LINE('',#4277,#962);
#661=LINE('',#4278,#963);
#662=LINE('',#4281,#964);
#663=LINE('',#4288,#965);
#664=LINE('',#4295,#966);
#665=LINE('',#4301,#967);
#666=LINE('',#4306,#968);
#667=LINE('',#4308,#969);
#668=LINE('',#4310,#970);
#669=LINE('',#4312,#971);
#670=LINE('',#4314,#972);
#671=LINE('',#4318,#973);
#672=LINE('',#4320,#974);
#673=LINE('',#4322,#975);
#674=LINE('',#4324,#976);
#675=LINE('',#4326,#977);
#676=LINE('',#4330,#978);
#677=LINE('',#4332,#979);
#678=LINE('',#4334,#980);
#679=LINE('',#4336,#981);
#680=LINE('',#4338,#982);
#681=LINE('',#4342,#983);
#682=LINE('',#4344,#984);
#683=LINE('',#4346,#985);
#684=LINE('',#4348,#986);
#685=LINE('',#4350,#987);
#686=LINE('',#4359,#988);
#687=LINE('',#4364,#989);
#688=LINE('',#4371,#990);
#689=LINE('',#4375,#991);
#690=LINE('',#4378,#992);
#691=LINE('',#4383,#993);
#692=LINE('',#4390,#994);
#693=LINE('',#4394,#995);
#694=LINE('',#4397,#996);
#695=LINE('',#4402,#997);
#696=LINE('',#4409,#998);
#697=LINE('',#4413,#999);
#698=LINE('',#4416,#1000);
#699=LINE('',#4420,#1001);
#700=LINE('',#4422,#1002);
#701=LINE('',#4423,#1003);
#702=LINE('',#4427,#1004);
#703=LINE('',#4429,#1005);
#704=LINE('',#4430,#1006);
#705=LINE('',#4434,#1007);
#706=LINE('',#4435,#1008);
#707=LINE('',#4436,#1009);
#708=LINE('',#4441,#1010);
#709=LINE('',#4444,#1011);
#710=LINE('',#4445,#1012);
#711=LINE('',#4449,#1013);
#712=LINE('',#4450,#1014);
#713=LINE('',#4451,#1015);
#714=LINE('',#4455,#1016);
#715=LINE('',#4456,#1017);
#716=LINE('',#4457,#1018);
#717=LINE('',#4461,#1019);
#718=LINE('',#4465,#1020);
#719=LINE('',#4466,#1021);
#720=LINE('',#4470,#1022);
#721=LINE('',#4471,#1023);
#722=LINE('',#4472,#1024);
#723=LINE('',#4474,#1025);
#724=LINE('',#4476,#1026);
#725=LINE('',#4479,#1027);
#726=LINE('',#4481,#1028);
#727=LINE('',#4484,#1029);
#728=LINE('',#4487,#1030);
#729=LINE('',#4492,#1031);
#730=LINE('',#4496,#1032);
#731=LINE('',#4497,#1033);
#732=LINE('',#4498,#1034);
#733=LINE('',#4502,#1035);
#734=LINE('',#4504,#1036);
#735=LINE('',#4505,#1037);
#736=LINE('',#4509,#1038);
#737=LINE('',#4510,#1039);
#738=LINE('',#4511,#1040);
#739=LINE('',#4516,#1041);
#740=LINE('',#4519,#1042);
#741=LINE('',#4520,#1043);
#742=LINE('',#4524,#1044);
#743=LINE('',#4525,#1045);
#744=LINE('',#4526,#1046);
#745=LINE('',#4529,#1047);
#746=LINE('',#4530,#1048);
#747=LINE('',#4534,#1049);
#748=LINE('',#4536,#1050);
#749=LINE('',#4537,#1051);
#750=LINE('',#4540,#1052);
#751=LINE('',#4541,#1053);
#752=LINE('',#4543,#1054);
#753=LINE('',#4545,#1055);
#754=LINE('',#4548,#1056);
#755=LINE('',#4550,#1057);
#756=LINE('',#4553,#1058);
#757=LINE('',#4556,#1059);
#758=LINE('',#4561,#1060);
#759=LINE('',#4565,#1061);
#760=LINE('',#4566,#1062);
#761=LINE('',#4567,#1063);
#762=LINE('',#4570,#1064);
#763=LINE('',#4572,#1065);
#764=LINE('',#4573,#1066);
#765=LINE('',#4577,#1067);
#766=LINE('',#4578,#1068);
#767=LINE('',#4579,#1069);
#768=LINE('',#4584,#1070);
#769=LINE('',#4587,#1071);
#770=LINE('',#4588,#1072);
#771=LINE('',#4591,#1073);
#772=LINE('',#4592,#1074);
#773=LINE('',#4595,#1075);
#774=LINE('',#4596,#1076);
#775=LINE('',#4599,#1077);
#776=LINE('',#4602,#1078);
#777=LINE('',#4605,#1079);
#778=LINE('',#4606,#1080);
#779=LINE('',#4608,#1081);
#780=LINE('',#4610,#1082);
#781=LINE('',#4613,#1083);
#782=LINE('',#4615,#1084);
#783=LINE('',#4618,#1085);
#784=LINE('',#4621,#1086);
#785=LINE('',#4626,#1087);
#786=LINE('',#4629,#1088);
#787=LINE('',#4631,#1089);
#788=LINE('',#4639,#1090);
#789=LINE('',#4641,#1091);
#790=LINE('',#4642,#1092);
#791=LINE('',#4644,#1093);
#792=LINE('',#4645,#1094);
#793=LINE('',#4649,#1095);
#794=LINE('',#4650,#1096);
#795=LINE('',#4651,#1097);
#796=LINE('',#4654,#1098);
#797=LINE('',#4656,#1099);
#798=LINE('',#4657,#1100);
#799=LINE('',#4661,#1101);
#800=LINE('',#4662,#1102);
#801=LINE('',#4663,#1103);
#802=LINE('',#4668,#1104);
#803=LINE('',#4671,#1105);
#804=LINE('',#4672,#1106);
#805=LINE('',#4675,#1107);
#806=LINE('',#4676,#1108);
#807=LINE('',#4679,#1109);
#808=LINE('',#4680,#1110);
#809=LINE('',#4685,#1111);
#810=LINE('',#4686,#1112);
#811=LINE('',#4691,#1113);
#812=LINE('',#4693,#1114);
#813=LINE('',#4695,#1115);
#814=LINE('',#4698,#1116);
#815=LINE('',#4701,#1117);
#816=LINE('',#4703,#1118);
#817=LINE('',#4707,#1119);
#818=LINE('',#4711,#1120);
#819=LINE('',#4715,#1121);
#820=LINE('',#4719,#1122);
#821=LINE('',#4723,#1123);
#822=LINE('',#4726,#1124);
#823=LINE('',#4729,#1125);
#824=LINE('',#4732,#1126);
#825=LINE('',#4733,#1127);
#826=LINE('',#4736,#1128);
#827=LINE('',#4738,#1129);
#828=LINE('',#4739,#1130);
#829=LINE('',#4741,#1131);
#830=LINE('',#4743,#1132);
#831=LINE('',#4744,#1133);
#832=LINE('',#4746,#1134);
#833=LINE('',#4747,#1135);
#834=LINE('',#4751,#1136);
#835=LINE('',#4753,#1137);
#836=LINE('',#4754,#1138);
#837=LINE('',#4757,#1139);
#838=LINE('',#4760,#1140);
#839=LINE('',#4763,#1141);
#840=LINE('',#4767,#1142);
#841=LINE('',#4768,#1143);
#842=LINE('',#4771,#1144);
#843=LINE('',#4772,#1145);
#844=LINE('',#4775,#1146);
#845=LINE('',#4779,#1147);
#846=LINE('',#4782,#1148);
#847=LINE('',#4785,#1149);
#848=LINE('',#4789,#1150);
#849=LINE('',#4790,#1151);
#850=LINE('',#4793,#1152);
#851=LINE('',#4794,#1153);
#852=LINE('',#4797,#1154);
#853=LINE('',#4798,#1155);
#854=LINE('',#4801,#1156);
#855=LINE('',#4805,#1157);
#856=LINE('',#4809,#1158);
#857=LINE('',#4810,#1159);
#858=LINE('',#4813,#1160);
#859=LINE('',#4814,#1161);
#860=LINE('',#4817,#1162);
#861=LINE('',#4821,#1163);
#862=LINE('',#4825,#1164);
#863=LINE('',#4826,#1165);
#864=LINE('',#4829,#1166);
#865=LINE('',#4830,#1167);
#866=LINE('',#4833,#1168);
#867=LINE('',#4835,#1169);
#868=LINE('',#4836,#1170);
#869=LINE('',#4839,#1171);
#870=LINE('',#4843,#1172);
#871=LINE('',#4844,#1173);
#872=LINE('',#4847,#1174);
#873=LINE('',#4850,#1175);
#874=LINE('',#4853,#1176);
#875=LINE('',#4856,#1177);
#876=LINE('',#4858,#1178);
#877=LINE('',#4862,#1179);
#878=LINE('',#4865,#1180);
#879=LINE('',#4868,#1181);
#880=LINE('',#4870,#1182);
#881=LINE('',#4873,#1183);
#882=LINE('',#4876,#1184);
#883=LINE('',#4879,#1185);
#884=LINE('',#4882,#1186);
#885=LINE('',#4884,#1187);
#886=LINE('',#4887,#1188);
#887=LINE('',#4888,#1189);
#888=LINE('',#4890,#1190);
#889=LINE('',#4893,#1191);
#890=LINE('',#4894,#1192);
#891=LINE('',#4896,#1193);
#892=LINE('',#4899,#1194);
#893=LINE('',#4901,#1195);
#894=LINE('',#4906,#1196);
#895=LINE('',#4908,#1197);
#896=LINE('',#4909,#1198);
#897=LINE('',#4913,#1199);
#898=LINE('',#4916,#1200);
#899=LINE('',#4918,#1201);
#900=LINE('',#4922,#1202);
#901=LINE('',#4923,#1203);
#902=LINE('',#4926,#1204);
#903=LINE('',#4928,#1205);
#904=LINE('',#4929,#1206);
#905=LINE('',#4933,#1207);
#906=LINE('',#4937,#1208);
#907=LINE('',#4938,#1209);
#908=LINE('',#4942,#1210);
#909=LINE('',#4944,#1211);
#910=VECTOR('',#3229,10.);
#911=VECTOR('',#3232,10.);
#912=VECTOR('',#3237,10.);
#913=VECTOR('',#3240,10.);
#914=VECTOR('',#3243,10.);
#915=VECTOR('',#3246,10.);
#916=VECTOR('',#3251,10.);
#917=VECTOR('',#3254,10.);
#918=VECTOR('',#3257,10.);
#919=VECTOR('',#3260,10.);
#920=VECTOR('',#3265,10.);
#921=VECTOR('',#3268,10.);
#922=VECTOR('',#3279,10.);
#923=VECTOR('',#3280,10.);
#924=VECTOR('',#3291,10.);
#925=VECTOR('',#3292,10.);
#926=VECTOR('',#3295,10.);
#927=VECTOR('',#3300,10.);
#928=VECTOR('',#3301,10.);
#929=VECTOR('',#3314,10.);
#930=VECTOR('',#3315,10.);
#931=VECTOR('',#3318,10.);
#932=VECTOR('',#3319,10.);
#933=VECTOR('',#3332,10.);
#934=VECTOR('',#3333,10.);
#935=VECTOR('',#3336,10.);
#936=VECTOR('',#3339,10.);
#937=VECTOR('',#3342,10.);
#938=VECTOR('',#3343,10.);
#939=VECTOR('',#3344,10.);
#940=VECTOR('',#3345,10.);
#941=VECTOR('',#3348,10.);
#942=VECTOR('',#3349,10.);
#943=VECTOR('',#3352,10.);
#944=VECTOR('',#3355,10.);
#945=VECTOR('',#3358,10.);
#946=VECTOR('',#3361,10.);
#947=VECTOR('',#3364,10.);
#948=VECTOR('',#3367,10.);
#949=VECTOR('',#3370,10.);
#950=VECTOR('',#3371,10.);
#951=VECTOR('',#3372,10.);
#952=VECTOR('',#3373,10.);
#953=VECTOR('',#3376,10.);
#954=VECTOR('',#3381,10.);
#955=VECTOR('',#3382,10.);
#956=VECTOR('',#3383,10.);
#957=VECTOR('',#3384,10.);
#958=VECTOR('',#3387,10.);
#959=VECTOR('',#3388,10.);
#960=VECTOR('',#3391,10.);
#961=VECTOR('',#3392,10.);
#962=VECTOR('',#3393,10.);
#963=VECTOR('',#3394,10.);
#964=VECTOR('',#3397,10.);
#965=VECTOR('',#3406,1.7);
#966=VECTOR('',#3415,1.6);
#967=VECTOR('',#3422,3.1);
#968=VECTOR('',#3427,10.);
#969=VECTOR('',#3428,10.);
#970=VECTOR('',#3429,10.);
#971=VECTOR('',#3430,10.);
#972=VECTOR('',#3431,10.);
#973=VECTOR('',#3434,10.);
#974=VECTOR('',#3435,10.);
#975=VECTOR('',#3436,10.);
#976=VECTOR('',#3437,10.);
#977=VECTOR('',#3438,10.);
#978=VECTOR('',#3441,10.);
#979=VECTOR('',#3442,10.);
#980=VECTOR('',#3443,10.);
#981=VECTOR('',#3444,10.);
#982=VECTOR('',#3445,10.);
#983=VECTOR('',#3448,10.);
#984=VECTOR('',#3449,10.);
#985=VECTOR('',#3450,10.);
#986=VECTOR('',#3451,10.);
#987=VECTOR('',#3452,10.);
#988=VECTOR('',#3463,3.);
#989=VECTOR('',#3468,1.7);
#990=VECTOR('',#3477,1.6);
#991=VECTOR('',#3482,3.1);
#992=VECTOR('',#3487,3.00000000000001);
#993=VECTOR('',#3492,1.7);
#994=VECTOR('',#3501,1.6);
#995=VECTOR('',#3506,3.1);
#996=VECTOR('',#3511,3.00000000000001);
#997=VECTOR('',#3516,1.7);
#998=VECTOR('',#3525,1.6);
#999=VECTOR('',#3530,3.1);
#1000=VECTOR('',#3535,3.);
#1001=VECTOR('',#3538,10.);
#1002=VECTOR('',#3539,10.);
#1003=VECTOR('',#3540,10.);
#1004=VECTOR('',#3543,10.);
#1005=VECTOR('',#3544,10.);
#1006=VECTOR('',#3545,10.);
#1007=VECTOR('',#3548,10.);
#1008=VECTOR('',#3549,10.);
#1009=VECTOR('',#3550,10.);
#1010=VECTOR('',#3555,10.);
#1011=VECTOR('',#3560,10.);
#1012=VECTOR('',#3561,10.);
#1013=VECTOR('',#3564,10.);
#1014=VECTOR('',#3565,10.);
#1015=VECTOR('',#3566,10.);
#1016=VECTOR('',#3569,10.);
#1017=VECTOR('',#3570,10.);
#1018=VECTOR('',#3571,10.);
#1019=VECTOR('',#3574,10.);
#1020=VECTOR('',#3581,10.);
#1021=VECTOR('',#3582,10.);
#1022=VECTOR('',#3585,10.);
#1023=VECTOR('',#3586,10.);
#1024=VECTOR('',#3587,10.);
#1025=VECTOR('',#3590,10.);
#1026=VECTOR('',#3591,10.);
#1027=VECTOR('',#3594,10.);
#1028=VECTOR('',#3597,10.);
#1029=VECTOR('',#3600,10.);
#1030=VECTOR('',#3603,10.);
#1031=VECTOR('',#3610,1.7);
#1032=VECTOR('',#3613,10.);
#1033=VECTOR('',#3614,10.);
#1034=VECTOR('',#3615,10.);
#1035=VECTOR('',#3618,10.);
#1036=VECTOR('',#3619,10.);
#1037=VECTOR('',#3620,10.);
#1038=VECTOR('',#3623,10.);
#1039=VECTOR('',#3624,10.);
#1040=VECTOR('',#3625,10.);
#1041=VECTOR('',#3630,10.);
#1042=VECTOR('',#3635,10.);
#1043=VECTOR('',#3636,10.);
#1044=VECTOR('',#3639,10.);
#1045=VECTOR('',#3640,10.);
#1046=VECTOR('',#3641,10.);
#1047=VECTOR('',#3644,10.);
#1048=VECTOR('',#3645,10.);
#1049=VECTOR('',#3650,10.);
#1050=VECTOR('',#3653,10.);
#1051=VECTOR('',#3654,10.);
#1052=VECTOR('',#3657,10.);
#1053=VECTOR('',#3658,10.);
#1054=VECTOR('',#3661,10.);
#1055=VECTOR('',#3662,10.);
#1056=VECTOR('',#3665,10.);
#1057=VECTOR('',#3668,10.);
#1058=VECTOR('',#3671,10.);
#1059=VECTOR('',#3674,10.);
#1060=VECTOR('',#3681,1.7);
#1061=VECTOR('',#3684,10.);
#1062=VECTOR('',#3685,10.);
#1063=VECTOR('',#3686,10.);
#1064=VECTOR('',#3689,10.);
#1065=VECTOR('',#3690,10.);
#1066=VECTOR('',#3691,10.);
#1067=VECTOR('',#3694,10.);
#1068=VECTOR('',#3695,10.);
#1069=VECTOR('',#3696,10.);
#1070=VECTOR('',#3701,10.);
#1071=VECTOR('',#3706,10.);
#1072=VECTOR('',#3707,10.);
#1073=VECTOR('',#3710,10.);
#1074=VECTOR('',#3711,10.);
#1075=VECTOR('',#3714,10.);
#1076=VECTOR('',#3715,10.);
#1077=VECTOR('',#3718,10.);
#1078=VECTOR('',#3723,10.);
#1079=VECTOR('',#3726,10.);
#1080=VECTOR('',#3727,10.);
#1081=VECTOR('',#3730,10.);
#1082=VECTOR('',#3731,10.);
#1083=VECTOR('',#3734,10.);
#1084=VECTOR('',#3737,10.);
#1085=VECTOR('',#3740,10.);
#1086=VECTOR('',#3743,10.);
#1087=VECTOR('',#3750,1.7);
#1088=VECTOR('',#3753,10.);
#1089=VECTOR('',#3754,10.);
#1090=VECTOR('',#3757,10.);
#1091=VECTOR('',#3758,10.);
#1092=VECTOR('',#3759,10.);
#1093=VECTOR('',#3762,10.);
#1094=VECTOR('',#3763,10.);
#1095=VECTOR('',#3766,10.);
#1096=VECTOR('',#3767,10.);
#1097=VECTOR('',#3768,10.);
#1098=VECTOR('',#3771,10.);
#1099=VECTOR('',#3772,10.);
#1100=VECTOR('',#3773,10.);
#1101=VECTOR('',#3776,10.);
#1102=VECTOR('',#3777,10.);
#1103=VECTOR('',#3778,10.);
#1104=VECTOR('',#3783,10.);
#1105=VECTOR('',#3788,10.);
#1106=VECTOR('',#3789,10.);
#1107=VECTOR('',#3792,10.);
#1108=VECTOR('',#3793,10.);
#1109=VECTOR('',#3796,10.);
#1110=VECTOR('',#3797,10.);
#1111=VECTOR('',#3804,10.);
#1112=VECTOR('',#3805,10.);
#1113=VECTOR('',#3812,1.7);
#1114=VECTOR('',#3815,10.);
#1115=VECTOR('',#3816,10.);
#1116=VECTOR('',#3819,10.);
#1117=VECTOR('',#3822,10.);
#1118=VECTOR('',#3823,10.);
#1119=VECTOR('',#3826,10.);
#1120=VECTOR('',#3829,10.);
#1121=VECTOR('',#3832,10.);
#1122=VECTOR('',#3835,10.);
#1123=VECTOR('',#3838,10.);
#1124=VECTOR('',#3841,10.);
#1125=VECTOR('',#3844,10.);
#1126=VECTOR('',#3847,10.);
#1127=VECTOR('',#3848,10.);
#1128=VECTOR('',#3851,10.);
#1129=VECTOR('',#3852,10.);
#1130=VECTOR('',#3853,10.);
#1131=VECTOR('',#3856,10.);
#1132=VECTOR('',#3859,10.);
#1133=VECTOR('',#3860,10.);
#1134=VECTOR('',#3863,10.);
#1135=VECTOR('',#3864,10.);
#1136=VECTOR('',#3869,10.);
#1137=VECTOR('',#3870,10.);
#1138=VECTOR('',#3871,10.);
#1139=VECTOR('',#3874,10.);
#1140=VECTOR('',#3877,10.);
#1141=VECTOR('',#3880,10.);
#1142=VECTOR('',#3885,10.);
#1143=VECTOR('',#3886,10.);
#1144=VECTOR('',#3889,10.);
#1145=VECTOR('',#3890,10.);
#1146=VECTOR('',#3893,10.);
#1147=VECTOR('',#3898,10.);
#1148=VECTOR('',#3901,10.);
#1149=VECTOR('',#3904,10.);
#1150=VECTOR('',#3909,10.);
#1151=VECTOR('',#3910,10.);
#1152=VECTOR('',#3913,10.);
#1153=VECTOR('',#3914,10.);
#1154=VECTOR('',#3917,10.);
#1155=VECTOR('',#3918,10.);
#1156=VECTOR('',#3921,10.);
#1157=VECTOR('',#3926,10.);
#1158=VECTOR('',#3931,10.);
#1159=VECTOR('',#3932,10.);
#1160=VECTOR('',#3935,10.);
#1161=VECTOR('',#3936,10.);
#1162=VECTOR('',#3939,10.);
#1163=VECTOR('',#3944,10.);
#1164=VECTOR('',#3949,10.);
#1165=VECTOR('',#3950,10.);
#1166=VECTOR('',#3953,10.);
#1167=VECTOR('',#3954,10.);
#1168=VECTOR('',#3957,10.);
#1169=VECTOR('',#3958,10.);
#1170=VECTOR('',#3959,10.);
#1171=VECTOR('',#3962,10.);
#1172=VECTOR('',#3967,10.);
#1173=VECTOR('',#3968,10.);
#1174=VECTOR('',#3971,10.);
#1175=VECTOR('',#3974,10.);
#1176=VECTOR('',#3977,10.);
#1177=VECTOR('',#3980,10.);
#1178=VECTOR('',#3983,10.);
#1179=VECTOR('',#3988,10.);
#1180=VECTOR('',#3991,10.);
#1181=VECTOR('',#3994,10.);
#1182=VECTOR('',#3997,10.);
#1183=VECTOR('',#4000,10.);
#1184=VECTOR('',#4003,10.);
#1185=VECTOR('',#4006,10.);
#1186=VECTOR('',#4009,10.);
#1187=VECTOR('',#4012,10.);
#1188=VECTOR('',#4015,10.);
#1189=VECTOR('',#4016,10.);
#1190=VECTOR('',#4019,10.);
#1191=VECTOR('',#4022,10.);
#1192=VECTOR('',#4023,10.);
#1193=VECTOR('',#4026,10.);
#1194=VECTOR('',#4029,10.);
#1195=VECTOR('',#4030,10.);
#1196=VECTOR('',#4037,10.);
#1197=VECTOR('',#4038,10.);
#1198=VECTOR('',#4039,10.);
#1199=VECTOR('',#4046,10.);
#1200=VECTOR('',#4051,10.);
#1201=VECTOR('',#4054,10.);
#1202=VECTOR('',#4059,10.);
#1203=VECTOR('',#4060,10.);
#1204=VECTOR('',#4063,10.);
#1205=VECTOR('',#4064,10.);
#1206=VECTOR('',#4065,10.);
#1207=VECTOR('',#4072,10.);
#1208=VECTOR('',#4077,10.);
#1209=VECTOR('',#4078,10.);
#1210=VECTOR('',#4083,10.);
#1211=VECTOR('',#4086,10.);
#1212=VERTEX_POINT('',#4091);
#1213=VERTEX_POINT('',#4092);
#1214=VERTEX_POINT('',#4094);
#1215=VERTEX_POINT('',#4096);
#1216=VERTEX_POINT('',#4100);
#1217=VERTEX_POINT('',#4102);
#1218=VERTEX_POINT('',#4106);
#1219=VERTEX_POINT('',#4107);
#1220=VERTEX_POINT('',#4109);
#1221=VERTEX_POINT('',#4111);
#1222=VERTEX_POINT('',#4115);
#1223=VERTEX_POINT('',#4117);
#1224=VERTEX_POINT('',#4121);
#1225=VERTEX_POINT('',#4122);
#1226=VERTEX_POINT('',#4124);
#1227=VERTEX_POINT('',#4126);
#1228=VERTEX_POINT('',#4130);
#1229=VERTEX_POINT('',#4132);
#1230=VERTEX_POINT('',#4136);
#1231=VERTEX_POINT('',#4137);
#1232=VERTEX_POINT('',#4139);
#1233=VERTEX_POINT('',#4141);
#1234=VERTEX_POINT('',#4163);
#1235=VERTEX_POINT('',#4164);
#1236=VERTEX_POINT('',#4172);
#1237=VERTEX_POINT('',#4176);
#1238=VERTEX_POINT('',#4178);
#1239=VERTEX_POINT('',#4182);
#1240=VERTEX_POINT('',#4183);
#1241=VERTEX_POINT('',#4191);
#1242=VERTEX_POINT('',#4193);
#1243=VERTEX_POINT('',#4197);
#1244=VERTEX_POINT('',#4198);
#1245=VERTEX_POINT('',#4206);
#1246=VERTEX_POINT('',#4208);
#1247=VERTEX_POINT('',#4212);
#1248=VERTEX_POINT('',#4214);
#1249=VERTEX_POINT('',#4216);
#1250=VERTEX_POINT('',#4220);
#1251=VERTEX_POINT('',#4222);
#1252=VERTEX_POINT('',#4224);
#1253=VERTEX_POINT('',#4226);
#1254=VERTEX_POINT('',#4228);
#1255=VERTEX_POINT('',#4230);
#1256=VERTEX_POINT('',#4232);
#1257=VERTEX_POINT('',#4234);
#1258=VERTEX_POINT('',#4236);
#1259=VERTEX_POINT('',#4238);
#1260=VERTEX_POINT('',#4240);
#1261=VERTEX_POINT('',#4242);
#1262=VERTEX_POINT('',#4244);
#1263=VERTEX_POINT('',#4248);
#1264=VERTEX_POINT('',#4250);
#1265=VERTEX_POINT('',#4252);
#1266=VERTEX_POINT('',#4256);
#1267=VERTEX_POINT('',#4260);
#1268=VERTEX_POINT('',#4262);
#1269=VERTEX_POINT('',#4264);
#1270=VERTEX_POINT('',#4268);
#1271=VERTEX_POINT('',#4272);
#1272=VERTEX_POINT('',#4274);
#1273=VERTEX_POINT('',#4276);
#1274=VERTEX_POINT('',#4280);
#1275=VERTEX_POINT('',#4285);
#1276=VERTEX_POINT('',#4287);
#1277=VERTEX_POINT('',#4291);
#1278=VERTEX_POINT('',#4294);
#1279=VERTEX_POINT('',#4298);
#1280=VERTEX_POINT('',#4300);
#1281=VERTEX_POINT('',#4304);
#1282=VERTEX_POINT('',#4305);
#1283=VERTEX_POINT('',#4307);
#1284=VERTEX_POINT('',#4309);
#1285=VERTEX_POINT('',#4311);
#1286=VERTEX_POINT('',#4313);
#1287=VERTEX_POINT('',#4315);
#1288=VERTEX_POINT('',#4317);
#1289=VERTEX_POINT('',#4319);
#1290=VERTEX_POINT('',#4321);
#1291=VERTEX_POINT('',#4323);
#1292=VERTEX_POINT('',#4325);
#1293=VERTEX_POINT('',#4327);
#1294=VERTEX_POINT('',#4329);
#1295=VERTEX_POINT('',#4331);
#1296=VERTEX_POINT('',#4333);
#1297=VERTEX_POINT('',#4335);
#1298=VERTEX_POINT('',#4337);
#1299=VERTEX_POINT('',#4339);
#1300=VERTEX_POINT('',#4341);
#1301=VERTEX_POINT('',#4343);
#1302=VERTEX_POINT('',#4345);
#1303=VERTEX_POINT('',#4347);
#1304=VERTEX_POINT('',#4349);
#1305=VERTEX_POINT('',#4352);
#1306=VERTEX_POINT('',#4354);
#1307=VERTEX_POINT('',#4356);
#1308=VERTEX_POINT('',#4361);
#1309=VERTEX_POINT('',#4363);
#1310=VERTEX_POINT('',#4367);
#1311=VERTEX_POINT('',#4370);
#1312=VERTEX_POINT('',#4374);
#1313=VERTEX_POINT('',#4380);
#1314=VERTEX_POINT('',#4382);
#1315=VERTEX_POINT('',#4386);
#1316=VERTEX_POINT('',#4389);
#1317=VERTEX_POINT('',#4393);
#1318=VERTEX_POINT('',#4399);
#1319=VERTEX_POINT('',#4401);
#1320=VERTEX_POINT('',#4405);
#1321=VERTEX_POINT('',#4408);
#1322=VERTEX_POINT('',#4412);
#1323=VERTEX_POINT('',#4418);
#1324=VERTEX_POINT('',#4419);
#1325=VERTEX_POINT('',#4421);
#1326=VERTEX_POINT('',#4425);
#1327=VERTEX_POINT('',#4426);
#1328=VERTEX_POINT('',#4428);
#1329=VERTEX_POINT('',#4432);
#1330=VERTEX_POINT('',#4433);
#1331=VERTEX_POINT('',#4438);
#1332=VERTEX_POINT('',#4440);
#1333=VERTEX_POINT('',#4447);
#1334=VERTEX_POINT('',#4448);
#1335=VERTEX_POINT('',#4453);
#1336=VERTEX_POINT('',#4454);
#1337=VERTEX_POINT('',#4459);
#1338=VERTEX_POINT('',#4460);
#1339=VERTEX_POINT('',#4468);
#1340=VERTEX_POINT('',#4469);
#1341=VERTEX_POINT('',#4475);
#1342=VERTEX_POINT('',#4477);
#1343=VERTEX_POINT('',#4483);
#1344=VERTEX_POINT('',#4485);
#1345=VERTEX_POINT('',#4489);
#1346=VERTEX_POINT('',#4494);
#1347=VERTEX_POINT('',#4495);
#1348=VERTEX_POINT('',#4500);
#1349=VERTEX_POINT('',#4501);
#1350=VERTEX_POINT('',#4503);
#1351=VERTEX_POINT('',#4507);
#1352=VERTEX_POINT('',#4508);
#1353=VERTEX_POINT('',#4513);
#1354=VERTEX_POINT('',#4515);
#1355=VERTEX_POINT('',#4522);
#1356=VERTEX_POINT('',#4523);
#1357=VERTEX_POINT('',#4528);
#1358=VERTEX_POINT('',#4532);
#1359=VERTEX_POINT('',#4539);
#1360=VERTEX_POINT('',#4544);
#1361=VERTEX_POINT('',#4546);
#1362=VERTEX_POINT('',#4552);
#1363=VERTEX_POINT('',#4554);
#1364=VERTEX_POINT('',#4558);
#1365=VERTEX_POINT('',#4563);
#1366=VERTEX_POINT('',#4564);
#1367=VERTEX_POINT('',#4569);
#1368=VERTEX_POINT('',#4571);
#1369=VERTEX_POINT('',#4575);
#1370=VERTEX_POINT('',#4576);
#1371=VERTEX_POINT('',#4581);
#1372=VERTEX_POINT('',#4583);
#1373=VERTEX_POINT('',#4590);
#1374=VERTEX_POINT('',#4594);
#1375=VERTEX_POINT('',#4598);
#1376=VERTEX_POINT('',#4604);
#1377=VERTEX_POINT('',#4609);
#1378=VERTEX_POINT('',#4611);
#1379=VERTEX_POINT('',#4617);
#1380=VERTEX_POINT('',#4619);
#1381=VERTEX_POINT('',#4623);
#1382=VERTEX_POINT('',#4628);
#1383=VERTEX_POINT('',#4630);
#1384=VERTEX_POINT('',#4637);
#1385=VERTEX_POINT('',#4638);
#1386=VERTEX_POINT('',#4640);
#1387=VERTEX_POINT('',#4647);
#1388=VERTEX_POINT('',#4648);
#1389=VERTEX_POINT('',#4653);
#1390=VERTEX_POINT('',#4655);
#1391=VERTEX_POINT('',#4659);
#1392=VERTEX_POINT('',#4660);
#1393=VERTEX_POINT('',#4665);
#1394=VERTEX_POINT('',#4667);
#1395=VERTEX_POINT('',#4674);
#1396=VERTEX_POINT('',#4678);
#1397=VERTEX_POINT('',#4684);
#1398=VERTEX_POINT('',#4688);
#1399=VERTEX_POINT('',#4694);
#1400=VERTEX_POINT('',#4696);
#1401=VERTEX_POINT('',#4700);
#1402=VERTEX_POINT('',#4702);
#1403=VERTEX_POINT('',#4704);
#1404=VERTEX_POINT('',#4706);
#1405=VERTEX_POINT('',#4708);
#1406=VERTEX_POINT('',#4710);
#1407=VERTEX_POINT('',#4712);
#1408=VERTEX_POINT('',#4714);
#1409=VERTEX_POINT('',#4716);
#1410=VERTEX_POINT('',#4718);
#1411=VERTEX_POINT('',#4720);
#1412=VERTEX_POINT('',#4722);
#1413=VERTEX_POINT('',#4724);
#1414=VERTEX_POINT('',#4728);
#1415=VERTEX_POINT('',#4730);
#1416=VERTEX_POINT('',#4735);
#1417=VERTEX_POINT('',#4737);
#1418=VERTEX_POINT('',#4750);
#1419=VERTEX_POINT('',#4752);
#1420=VERTEX_POINT('',#4756);
#1421=VERTEX_POINT('',#4758);
#1422=VERTEX_POINT('',#4762);
#1423=VERTEX_POINT('',#4766);
#1424=VERTEX_POINT('',#4770);
#1425=VERTEX_POINT('',#4774);
#1426=VERTEX_POINT('',#4778);
#1427=VERTEX_POINT('',#4780);
#1428=VERTEX_POINT('',#4784);
#1429=VERTEX_POINT('',#4788);
#1430=VERTEX_POINT('',#4792);
#1431=VERTEX_POINT('',#4796);
#1432=VERTEX_POINT('',#4800);
#1433=VERTEX_POINT('',#4804);
#1434=VERTEX_POINT('',#4808);
#1435=VERTEX_POINT('',#4812);
#1436=VERTEX_POINT('',#4816);
#1437=VERTEX_POINT('',#4820);
#1438=VERTEX_POINT('',#4824);
#1439=VERTEX_POINT('',#4828);
#1440=VERTEX_POINT('',#4832);
#1441=VERTEX_POINT('',#4834);
#1442=VERTEX_POINT('',#4838);
#1443=VERTEX_POINT('',#4842);
#1444=VERTEX_POINT('',#4846);
#1445=VERTEX_POINT('',#4848);
#1446=VERTEX_POINT('',#4852);
#1447=VERTEX_POINT('',#4854);
#1448=VERTEX_POINT('',#4860);
#1449=VERTEX_POINT('',#4864);
#1450=VERTEX_POINT('',#4866);
#1451=VERTEX_POINT('',#4872);
#1452=VERTEX_POINT('',#4874);
#1453=VERTEX_POINT('',#4878);
#1454=VERTEX_POINT('',#4880);
#1455=VERTEX_POINT('',#4886);
#1456=VERTEX_POINT('',#4892);
#1457=VERTEX_POINT('',#4898);
#1458=VERTEX_POINT('',#4900);
#1459=VERTEX_POINT('',#4905);
#1460=VERTEX_POINT('',#4907);
#1461=VERTEX_POINT('',#4921);
#1462=VERTEX_POINT('',#4925);
#1463=VERTEX_POINT('',#4927);
#1464=VERTEX_POINT('',#4936);
#1465=VERTEX_POINT('',#4940);
#1466=EDGE_CURVE('',#1212,#1213,#608,.T.);
#1467=EDGE_CURVE('',#1213,#1214,#505,.T.);
#1468=EDGE_CURVE('',#1214,#1215,#609,.T.);
#1469=EDGE_CURVE('',#1215,#1212,#496,.T.);
#1470=EDGE_CURVE('',#1215,#1216,#610,.T.);
#1471=EDGE_CURVE('',#1216,#1217,#497,.T.);
#1472=EDGE_CURVE('',#1217,#1212,#611,.T.);
#1473=EDGE_CURVE('',#1218,#1219,#612,.T.);
#1474=EDGE_CURVE('',#1219,#1220,#506,.T.);
#1475=EDGE_CURVE('',#1220,#1221,#613,.T.);
#1476=EDGE_CURVE('',#1221,#1218,#498,.T.);
#1477=EDGE_CURVE('',#1221,#1222,#614,.T.);
#1478=EDGE_CURVE('',#1222,#1223,#499,.T.);
#1479=EDGE_CURVE('',#1223,#1218,#615,.T.);
#1480=EDGE_CURVE('',#1224,#1225,#616,.T.);
#1481=EDGE_CURVE('',#1225,#1226,#507,.T.);
#1482=EDGE_CURVE('',#1226,#1227,#617,.T.);
#1483=EDGE_CURVE('',#1227,#1224,#500,.T.);
#1484=EDGE_CURVE('',#1227,#1228,#618,.T.);
#1485=EDGE_CURVE('',#1228,#1229,#501,.T.);
#1486=EDGE_CURVE('',#1229,#1224,#619,.T.);
#1487=EDGE_CURVE('',#1230,#1231,#508,.T.);
#1488=EDGE_CURVE('',#1231,#1232,#509,.T.);
#1489=EDGE_CURVE('',#1232,#1233,#510,.T.);
#1490=EDGE_CURVE('',#1233,#1230,#142,.T.);
#1491=EDGE_CURVE('',#1228,#1232,#620,.T.);
#1492=EDGE_CURVE('',#1231,#1229,#621,.T.);
#1493=EDGE_CURVE('',#1234,#1235,#511,.T.);
#1494=EDGE_CURVE('',#1235,#1226,#512,.T.);
#1495=EDGE_CURVE('',#1225,#1234,#513,.T.);
#1496=EDGE_CURVE('',#1222,#1235,#622,.T.);
#1497=EDGE_CURVE('',#1234,#1223,#623,.T.);
#1498=EDGE_CURVE('',#1233,#1236,#624,.T.);
#1499=EDGE_CURVE('',#1236,#1230,#502,.T.);
#1500=EDGE_CURVE('',#1237,#1230,#625,.T.);
#1501=EDGE_CURVE('',#1236,#1238,#626,.T.);
#1502=EDGE_CURVE('',#1238,#1237,#503,.T.);
#1503=EDGE_CURVE('',#1239,#1240,#514,.T.);
#1504=EDGE_CURVE('',#1240,#1220,#515,.T.);
#1505=EDGE_CURVE('',#1219,#1239,#516,.T.);
#1506=EDGE_CURVE('',#1216,#1240,#627,.T.);
#1507=EDGE_CURVE('',#1239,#1217,#628,.T.);
#1508=EDGE_CURVE('',#1241,#1237,#629,.T.);
#1509=EDGE_CURVE('',#1238,#1242,#630,.T.);
#1510=EDGE_CURVE('',#1242,#1241,#504,.T.);
#1511=EDGE_CURVE('',#1243,#1244,#517,.T.);
#1512=EDGE_CURVE('',#1244,#1214,#518,.T.);
#1513=EDGE_CURVE('',#1213,#1243,#519,.T.);
#1514=EDGE_CURVE('',#1242,#1244,#631,.T.);
#1515=EDGE_CURVE('',#1243,#1241,#632,.T.);
#1516=EDGE_CURVE('',#1245,#1219,#633,.T.);
#1517=EDGE_CURVE('',#1246,#1245,#520,.T.);
#1518=EDGE_CURVE('',#1246,#1239,#634,.T.);
#1519=EDGE_CURVE('',#1247,#1218,#635,.T.);
#1520=EDGE_CURVE('',#1248,#1247,#636,.T.);
#1521=EDGE_CURVE('',#1249,#1248,#637,.T.);
#1522=EDGE_CURVE('',#1245,#1249,#638,.T.);
#1523=EDGE_CURVE('',#1250,#1223,#639,.T.);
#1524=EDGE_CURVE('',#1250,#1251,#640,.T.);
#1525=EDGE_CURVE('',#1251,#1252,#521,.T.);
#1526=EDGE_CURVE('',#1252,#1253,#641,.T.);
#1527=EDGE_CURVE('',#1253,#1254,#522,.T.);
#1528=EDGE_CURVE('',#1254,#1255,#642,.T.);
#1529=EDGE_CURVE('',#1255,#1256,#523,.T.);
#1530=EDGE_CURVE('',#1256,#1257,#643,.T.);
#1531=EDGE_CURVE('',#1257,#1258,#524,.T.);
#1532=EDGE_CURVE('',#1258,#1259,#644,.T.);
#1533=EDGE_CURVE('',#1259,#1260,#525,.T.);
#1534=EDGE_CURVE('',#1260,#1261,#645,.T.);
#1535=EDGE_CURVE('',#1261,#1262,#526,.T.);
#1536=EDGE_CURVE('',#1262,#1247,#646,.T.);
#1537=EDGE_CURVE('',#1263,#1234,#647,.T.);
#1538=EDGE_CURVE('',#1264,#1263,#648,.T.);
#1539=EDGE_CURVE('',#1265,#1264,#649,.T.);
#1540=EDGE_CURVE('',#1250,#1265,#650,.T.);
#1541=EDGE_CURVE('',#1266,#1225,#651,.T.);
#1542=EDGE_CURVE('',#1263,#1266,#527,.T.);
#1543=EDGE_CURVE('',#1267,#1224,#652,.T.);
#1544=EDGE_CURVE('',#1268,#1267,#653,.T.);
#1545=EDGE_CURVE('',#1269,#1268,#654,.T.);
#1546=EDGE_CURVE('',#1266,#1269,#655,.T.);
#1547=EDGE_CURVE('',#1270,#1229,#656,.T.);
#1548=EDGE_CURVE('',#1270,#1267,#657,.T.);
#1549=EDGE_CURVE('',#1271,#1231,#658,.T.);
#1550=EDGE_CURVE('',#1272,#1271,#659,.T.);
#1551=EDGE_CURVE('',#1273,#1272,#660,.T.);
#1552=EDGE_CURVE('',#1270,#1273,#661,.T.);
#1553=EDGE_CURVE('',#1274,#1230,#662,.T.);
#1554=EDGE_CURVE('',#1271,#1274,#528,.T.);
#1555=EDGE_CURVE('',#1275,#1275,#529,.T.);
#1556=EDGE_CURVE('',#1275,#1276,#663,.T.);
#1557=EDGE_CURVE('',#1276,#1276,#530,.T.);
#1558=EDGE_CURVE('',#1277,#1277,#531,.T.);
#1559=EDGE_CURVE('',#1275,#1278,#664,.T.);
#1560=EDGE_CURVE('',#1278,#1278,#532,.T.);
#1561=EDGE_CURVE('',#1279,#1279,#533,.T.);
#1562=EDGE_CURVE('',#1279,#1280,#665,.T.);
#1563=EDGE_CURVE('',#1280,#1280,#534,.T.);
#1564=EDGE_CURVE('',#1281,#1282,#666,.T.);
#1565=EDGE_CURVE('',#1283,#1282,#667,.T.);
#1566=EDGE_CURVE('',#1284,#1283,#668,.T.);
#1567=EDGE_CURVE('',#1285,#1284,#669,.T.);
#1568=EDGE_CURVE('',#1285,#1286,#670,.T.);
#1569=EDGE_CURVE('',#1286,#1287,#535,.T.);
#1570=EDGE_CURVE('',#1287,#1288,#671,.T.);
#1571=EDGE_CURVE('',#1289,#1288,#672,.T.);
#1572=EDGE_CURVE('',#1290,#1289,#673,.T.);
#1573=EDGE_CURVE('',#1291,#1290,#674,.T.);
#1574=EDGE_CURVE('',#1291,#1292,#675,.T.);
#1575=EDGE_CURVE('',#1292,#1293,#536,.T.);
#1576=EDGE_CURVE('',#1293,#1294,#676,.T.);
#1577=EDGE_CURVE('',#1295,#1294,#677,.T.);
#1578=EDGE_CURVE('',#1296,#1295,#678,.T.);
#1579=EDGE_CURVE('',#1297,#1296,#679,.T.);
#1580=EDGE_CURVE('',#1297,#1298,#680,.T.);
#1581=EDGE_CURVE('',#1298,#1299,#537,.T.);
#1582=EDGE_CURVE('',#1299,#1300,#681,.T.);
#1583=EDGE_CURVE('',#1301,#1300,#682,.T.);
#1584=EDGE_CURVE('',#1302,#1301,#683,.T.);
#1585=EDGE_CURVE('',#1303,#1302,#684,.T.);
#1586=EDGE_CURVE('',#1303,#1304,#685,.T.);
#1587=EDGE_CURVE('',#1304,#1281,#538,.T.);
#1588=EDGE_CURVE('',#1305,#1305,#539,.T.);
#1589=EDGE_CURVE('',#1306,#1306,#540,.T.);
#1590=EDGE_CURVE('',#1307,#1307,#541,.T.);
#1591=EDGE_CURVE('',#1280,#1277,#686,.T.);
#1592=EDGE_CURVE('',#1308,#1308,#542,.T.);
#1593=EDGE_CURVE('',#1308,#1309,#687,.T.);
#1594=EDGE_CURVE('',#1309,#1309,#543,.T.);
#1595=EDGE_CURVE('',#1310,#1310,#544,.T.);
#1596=EDGE_CURVE('',#1308,#1311,#688,.T.);
#1597=EDGE_CURVE('',#1311,#1311,#545,.T.);
#1598=EDGE_CURVE('',#1305,#1312,#689,.T.);
#1599=EDGE_CURVE('',#1312,#1312,#546,.T.);
#1600=EDGE_CURVE('',#1312,#1310,#690,.T.);
#1601=EDGE_CURVE('',#1313,#1313,#547,.T.);
#1602=EDGE_CURVE('',#1313,#1314,#691,.T.);
#1603=EDGE_CURVE('',#1314,#1314,#548,.T.);
#1604=EDGE_CURVE('',#1315,#1315,#549,.T.);
#1605=EDGE_CURVE('',#1313,#1316,#692,.T.);
#1606=EDGE_CURVE('',#1316,#1316,#550,.T.);
#1607=EDGE_CURVE('',#1307,#1317,#693,.T.);
#1608=EDGE_CURVE('',#1317,#1317,#551,.T.);
#1609=EDGE_CURVE('',#1317,#1315,#694,.T.);
#1610=EDGE_CURVE('',#1318,#1318,#552,.T.);
#1611=EDGE_CURVE('',#1318,#1319,#695,.T.);
#1612=EDGE_CURVE('',#1319,#1319,#553,.T.);
#1613=EDGE_CURVE('',#1320,#1320,#554,.T.);
#1614=EDGE_CURVE('',#1318,#1321,#696,.T.);
#1615=EDGE_CURVE('',#1321,#1321,#555,.T.);
#1616=EDGE_CURVE('',#1306,#1322,#697,.T.);
#1617=EDGE_CURVE('',#1322,#1322,#556,.T.);
#1618=EDGE_CURVE('',#1322,#1320,#698,.T.);
#1619=EDGE_CURVE('',#1323,#1324,#699,.T.);
#1620=EDGE_CURVE('',#1325,#1323,#700,.T.);
#1621=EDGE_CURVE('',#1324,#1325,#701,.T.);
#1622=EDGE_CURVE('',#1326,#1327,#702,.T.);
#1623=EDGE_CURVE('',#1328,#1326,#703,.T.);
#1624=EDGE_CURVE('',#1327,#1328,#704,.T.);
#1625=EDGE_CURVE('',#1329,#1330,#705,.T.);
#1626=EDGE_CURVE('',#1330,#1328,#706,.T.);
#1627=EDGE_CURVE('',#1326,#1329,#707,.T.);
#1628=EDGE_CURVE('',#1329,#1331,#557,.T.);
#1629=EDGE_CURVE('',#1331,#1332,#708,.T.);
#1630=EDGE_CURVE('',#1332,#1330,#558,.T.);
#1631=EDGE_CURVE('',#1331,#1323,#709,.T.);
#1632=EDGE_CURVE('',#1324,#1332,#710,.T.);
#1633=EDGE_CURVE('',#1333,#1334,#711,.T.);
#1634=EDGE_CURVE('',#1333,#1327,#712,.T.);
#1635=EDGE_CURVE('',#1328,#1334,#713,.T.);
#1636=EDGE_CURVE('',#1335,#1336,#714,.T.);
#1637=EDGE_CURVE('',#1336,#1326,#715,.T.);
#1638=EDGE_CURVE('',#1327,#1335,#716,.T.);
#1639=EDGE_CURVE('',#1337,#1338,#717,.T.);
#1640=EDGE_CURVE('',#1338,#1336,#559,.T.);
#1641=EDGE_CURVE('',#1335,#1337,#560,.T.);
#1642=EDGE_CURVE('',#1337,#1325,#718,.T.);
#1643=EDGE_CURVE('',#1323,#1338,#719,.T.);
#1644=EDGE_CURVE('',#1339,#1340,#720,.F.);
#1645=EDGE_CURVE('',#1340,#1324,#721,.T.);
#1646=EDGE_CURVE('',#1325,#1339,#722,.T.);
#1647=EDGE_CURVE('',#1330,#1304,#723,.T.);
#1648=EDGE_CURVE('',#1303,#1341,#724,.T.);
#1649=EDGE_CURVE('',#1341,#1342,#561,.T.);
#1650=EDGE_CURVE('',#1342,#1334,#725,.T.);
#1651=EDGE_CURVE('',#1332,#1281,#726,.T.);
#1652=EDGE_CURVE('',#1340,#1343,#727,.T.);
#1653=EDGE_CURVE('',#1343,#1344,#562,.T.);
#1654=EDGE_CURVE('',#1344,#1282,#728,.T.);
#1655=EDGE_CURVE('',#1345,#1345,#563,.T.);
#1656=EDGE_CURVE('',#1345,#1321,#729,.T.);
#1657=EDGE_CURVE('',#1346,#1347,#730,.T.);
#1658=EDGE_CURVE('',#1249,#1346,#731,.T.);
#1659=EDGE_CURVE('',#1347,#1249,#732,.T.);
#1660=EDGE_CURVE('',#1348,#1349,#733,.T.);
#1661=EDGE_CURVE('',#1350,#1348,#734,.T.);
#1662=EDGE_CURVE('',#1349,#1350,#735,.T.);
#1663=EDGE_CURVE('',#1351,#1352,#736,.T.);
#1664=EDGE_CURVE('',#1352,#1350,#737,.T.);
#1665=EDGE_CURVE('',#1348,#1351,#738,.T.);
#1666=EDGE_CURVE('',#1351,#1353,#564,.T.);
#1667=EDGE_CURVE('',#1353,#1354,#739,.T.);
#1668=EDGE_CURVE('',#1354,#1352,#565,.T.);
#1669=EDGE_CURVE('',#1353,#1346,#740,.T.);
#1670=EDGE_CURVE('',#1347,#1354,#741,.T.);
#1671=EDGE_CURVE('',#1355,#1356,#742,.T.);
#1672=EDGE_CURVE('',#1355,#1349,#743,.T.);
#1673=EDGE_CURVE('',#1350,#1356,#744,.T.);
#1674=EDGE_CURVE('',#1357,#1245,#745,.T.);
#1675=EDGE_CURVE('',#1346,#1357,#746,.T.);
#1676=EDGE_CURVE('',#1357,#1358,#566,.T.);
#1677=EDGE_CURVE('',#1358,#1246,#747,.T.);
#1678=EDGE_CURVE('',#1358,#1348,#748,.T.);
#1679=EDGE_CURVE('',#1349,#1246,#749,.T.);
#1680=EDGE_CURVE('',#1248,#1359,#750,.F.);
#1681=EDGE_CURVE('',#1359,#1347,#751,.T.);
#1682=EDGE_CURVE('',#1352,#1286,#752,.T.);
#1683=EDGE_CURVE('',#1285,#1360,#753,.T.);
#1684=EDGE_CURVE('',#1360,#1361,#567,.T.);
#1685=EDGE_CURVE('',#1361,#1356,#754,.T.);
#1686=EDGE_CURVE('',#1354,#1287,#755,.T.);
#1687=EDGE_CURVE('',#1359,#1362,#756,.T.);
#1688=EDGE_CURVE('',#1362,#1363,#568,.T.);
#1689=EDGE_CURVE('',#1363,#1288,#757,.T.);
#1690=EDGE_CURVE('',#1364,#1364,#569,.T.);
#1691=EDGE_CURVE('',#1364,#1316,#758,.T.);
#1692=EDGE_CURVE('',#1365,#1366,#759,.T.);
#1693=EDGE_CURVE('',#1269,#1365,#760,.T.);
#1694=EDGE_CURVE('',#1366,#1269,#761,.T.);
#1695=EDGE_CURVE('',#1367,#1264,#762,.T.);
#1696=EDGE_CURVE('',#1368,#1367,#763,.T.);
#1697=EDGE_CURVE('',#1264,#1368,#764,.T.);
#1698=EDGE_CURVE('',#1369,#1370,#765,.T.);
#1699=EDGE_CURVE('',#1370,#1368,#766,.T.);
#1700=EDGE_CURVE('',#1367,#1369,#767,.T.);
#1701=EDGE_CURVE('',#1369,#1371,#570,.T.);
#1702=EDGE_CURVE('',#1371,#1372,#768,.T.);
#1703=EDGE_CURVE('',#1372,#1370,#571,.T.);
#1704=EDGE_CURVE('',#1371,#1365,#769,.T.);
#1705=EDGE_CURVE('',#1366,#1372,#770,.T.);
#1706=EDGE_CURVE('',#1265,#1373,#771,.T.);
#1707=EDGE_CURVE('',#1368,#1373,#772,.T.);
#1708=EDGE_CURVE('',#1263,#1374,#773,.T.);
#1709=EDGE_CURVE('',#1374,#1367,#774,.T.);
#1710=EDGE_CURVE('',#1266,#1375,#775,.T.);
#1711=EDGE_CURVE('',#1375,#1374,#572,.T.);
#1712=EDGE_CURVE('',#1365,#1375,#776,.T.);
#1713=EDGE_CURVE('',#1268,#1376,#777,.F.);
#1714=EDGE_CURVE('',#1376,#1366,#778,.T.);
#1715=EDGE_CURVE('',#1370,#1292,#779,.T.);
#1716=EDGE_CURVE('',#1291,#1377,#780,.T.);
#1717=EDGE_CURVE('',#1377,#1378,#573,.T.);
#1718=EDGE_CURVE('',#1378,#1373,#781,.T.);
#1719=EDGE_CURVE('',#1372,#1293,#782,.T.);
#1720=EDGE_CURVE('',#1376,#1379,#783,.T.);
#1721=EDGE_CURVE('',#1379,#1380,#574,.T.);
#1722=EDGE_CURVE('',#1380,#1294,#784,.T.);
#1723=EDGE_CURVE('',#1381,#1381,#575,.T.);
#1724=EDGE_CURVE('',#1381,#1311,#785,.T.);
#1725=EDGE_CURVE('',#1274,#1382,#786,.T.);
#1726=EDGE_CURVE('',#1382,#1383,#787,.T.);
#1727=EDGE_CURVE('',#1274,#1383,#143,.T.);
#1728=EDGE_CURVE('',#1384,#1385,#788,.T.);
#1729=EDGE_CURVE('',#1386,#1384,#789,.T.);
#1730=EDGE_CURVE('',#1385,#1386,#790,.T.);
#1731=EDGE_CURVE('',#1274,#1386,#791,.T.);
#1732=EDGE_CURVE('',#1384,#1382,#792,.T.);
#1733=EDGE_CURVE('',#1387,#1388,#793,.F.);
#1734=EDGE_CURVE('',#1388,#1385,#794,.T.);
#1735=EDGE_CURVE('',#1386,#1387,#795,.T.);
#1736=EDGE_CURVE('',#1389,#1272,#796,.T.);
#1737=EDGE_CURVE('',#1390,#1389,#797,.T.);
#1738=EDGE_CURVE('',#1272,#1390,#798,.T.);
#1739=EDGE_CURVE('',#1391,#1392,#799,.T.);
#1740=EDGE_CURVE('',#1392,#1390,#800,.T.);
#1741=EDGE_CURVE('',#1389,#1391,#801,.T.);
#1742=EDGE_CURVE('',#1391,#1393,#576,.T.);
#1743=EDGE_CURVE('',#1393,#1394,#802,.T.);
#1744=EDGE_CURVE('',#1394,#1392,#577,.T.);
#1745=EDGE_CURVE('',#1393,#1384,#803,.T.);
#1746=EDGE_CURVE('',#1385,#1394,#804,.T.);
#1747=EDGE_CURVE('',#1273,#1395,#805,.T.);
#1748=EDGE_CURVE('',#1390,#1395,#806,.T.);
#1749=EDGE_CURVE('',#1271,#1396,#807,.T.);
#1750=EDGE_CURVE('',#1396,#1389,#808,.T.);
#1751=EDGE_CURVE('',#1383,#1396,#578,.T.);
#1752=EDGE_CURVE('',#1397,#1237,#809,.T.);
#1753=EDGE_CURVE('',#1387,#1397,#810,.T.);
#1754=EDGE_CURVE('',#1398,#1398,#579,.T.);
#1755=EDGE_CURVE('',#1398,#1278,#811,.T.);
#1756=EDGE_CURVE('',#1392,#1298,#812,.T.);
#1757=EDGE_CURVE('',#1297,#1399,#813,.T.);
#1758=EDGE_CURVE('',#1399,#1400,#580,.T.);
#1759=EDGE_CURVE('',#1400,#1395,#814,.T.);
#1760=EDGE_CURVE('',#1401,#1241,#815,.T.);
#1761=EDGE_CURVE('',#1401,#1402,#816,.T.);
#1762=EDGE_CURVE('',#1402,#1403,#581,.T.);
#1763=EDGE_CURVE('',#1403,#1404,#817,.T.);
#1764=EDGE_CURVE('',#1404,#1405,#582,.T.);
#1765=EDGE_CURVE('',#1405,#1406,#818,.T.);
#1766=EDGE_CURVE('',#1406,#1407,#583,.T.);
#1767=EDGE_CURVE('',#1407,#1408,#819,.T.);
#1768=EDGE_CURVE('',#1408,#1409,#584,.T.);
#1769=EDGE_CURVE('',#1409,#1410,#820,.T.);
#1770=EDGE_CURVE('',#1410,#1411,#585,.T.);
#1771=EDGE_CURVE('',#1411,#1412,#821,.T.);
#1772=EDGE_CURVE('',#1412,#1413,#586,.T.);
#1773=EDGE_CURVE('',#1413,#1397,#822,.T.);
#1774=EDGE_CURVE('',#1388,#1414,#823,.T.);
#1775=EDGE_CURVE('',#1414,#1415,#587,.T.);
#1776=EDGE_CURVE('',#1415,#1300,#824,.T.);
#1777=EDGE_CURVE('',#1394,#1299,#825,.T.);
#1778=EDGE_CURVE('',#1416,#1217,#826,.T.);
#1779=EDGE_CURVE('',#1416,#1417,#827,.T.);
#1780=EDGE_CURVE('',#1417,#1212,#828,.T.);
#1781=EDGE_CURVE('',#1416,#1355,#829,.T.);
#1782=EDGE_CURVE('',#1339,#1417,#830,.T.);
#1783=EDGE_CURVE('',#1337,#1213,#831,.T.);
#1784=EDGE_CURVE('',#1335,#1243,#832,.T.);
#1785=EDGE_CURVE('',#1401,#1333,#833,.T.);
#1786=EDGE_CURVE('',#1418,#1407,#834,.T.);
#1787=EDGE_CURVE('',#1419,#1418,#835,.T.);
#1788=EDGE_CURVE('',#1419,#1408,#836,.T.);
#1789=EDGE_CURVE('',#1420,#1255,#837,.T.);
#1790=EDGE_CURVE('',#1421,#1420,#588,.T.);
#1791=EDGE_CURVE('',#1256,#1421,#838,.T.);
#1792=EDGE_CURVE('',#1422,#1406,#839,.T.);
#1793=EDGE_CURVE('',#1418,#1422,#589,.T.);
#1794=EDGE_CURVE('',#1254,#1423,#840,.T.);
#1795=EDGE_CURVE('',#1423,#1420,#841,.T.);
#1796=EDGE_CURVE('',#1405,#1424,#842,.T.);
#1797=EDGE_CURVE('',#1424,#1422,#843,.T.);
#1798=EDGE_CURVE('',#1425,#1253,#844,.T.);
#1799=EDGE_CURVE('',#1423,#1425,#590,.T.);
#1800=EDGE_CURVE('',#1426,#1399,#845,.T.);
#1801=EDGE_CURVE('',#1426,#1427,#591,.T.);
#1802=EDGE_CURVE('',#1427,#1400,#846,.T.);
#1803=EDGE_CURVE('',#1404,#1428,#847,.T.);
#1804=EDGE_CURVE('',#1424,#1428,#592,.T.);
#1805=EDGE_CURVE('',#1252,#1429,#848,.T.);
#1806=EDGE_CURVE('',#1425,#1429,#849,.T.);
#1807=EDGE_CURVE('',#1296,#1430,#850,.T.);
#1808=EDGE_CURVE('',#1430,#1426,#851,.T.);
#1809=EDGE_CURVE('',#1431,#1403,#852,.T.);
#1810=EDGE_CURVE('',#1428,#1431,#853,.T.);
#1811=EDGE_CURVE('',#1432,#1251,#854,.T.);
#1812=EDGE_CURVE('',#1429,#1432,#593,.T.);
#1813=EDGE_CURVE('',#1433,#1402,#855,.T.);
#1814=EDGE_CURVE('',#1431,#1433,#594,.T.);
#1815=EDGE_CURVE('',#1434,#1378,#856,.T.);
#1816=EDGE_CURVE('',#1434,#1432,#857,.T.);
#1817=EDGE_CURVE('',#1342,#1435,#858,.T.);
#1818=EDGE_CURVE('',#1435,#1433,#859,.T.);
#1819=EDGE_CURVE('',#1436,#1377,#860,.T.);
#1820=EDGE_CURVE('',#1436,#1434,#595,.T.);
#1821=EDGE_CURVE('',#1437,#1341,#861,.T.);
#1822=EDGE_CURVE('',#1437,#1435,#596,.T.);
#1823=EDGE_CURVE('',#1290,#1438,#862,.T.);
#1824=EDGE_CURVE('',#1438,#1436,#863,.T.);
#1825=EDGE_CURVE('',#1302,#1439,#864,.T.);
#1826=EDGE_CURVE('',#1439,#1437,#865,.T.);
#1827=EDGE_CURVE('',#1344,#1440,#866,.T.);
#1828=EDGE_CURVE('',#1440,#1441,#867,.T.);
#1829=EDGE_CURVE('',#1441,#1283,#868,.T.);
#1830=EDGE_CURVE('',#1343,#1442,#869,.T.);
#1831=EDGE_CURVE('',#1442,#1440,#597,.T.);
#1832=EDGE_CURVE('',#1361,#1443,#870,.T.);
#1833=EDGE_CURVE('',#1443,#1442,#871,.T.);
#1834=EDGE_CURVE('',#1444,#1259,#872,.T.);
#1835=EDGE_CURVE('',#1445,#1444,#598,.T.);
#1836=EDGE_CURVE('',#1445,#1260,#873,.T.);
#1837=EDGE_CURVE('',#1261,#1446,#874,.T.);
#1838=EDGE_CURVE('',#1447,#1446,#599,.T.);
#1839=EDGE_CURVE('',#1262,#1447,#875,.T.);
#1840=EDGE_CURVE('',#1446,#1445,#876,.T.);
#1841=EDGE_CURVE('',#1448,#1419,#600,.T.);
#1842=EDGE_CURVE('',#1409,#1448,#877,.T.);
#1843=EDGE_CURVE('',#1257,#1449,#878,.T.);
#1844=EDGE_CURVE('',#1450,#1449,#601,.T.);
#1845=EDGE_CURVE('',#1258,#1450,#879,.T.);
#1846=EDGE_CURVE('',#1449,#1421,#880,.T.);
#1847=EDGE_CURVE('',#1451,#1410,#881,.T.);
#1848=EDGE_CURVE('',#1452,#1451,#602,.T.);
#1849=EDGE_CURVE('',#1411,#1452,#882,.T.);
#1850=EDGE_CURVE('',#1453,#1412,#883,.T.);
#1851=EDGE_CURVE('',#1454,#1453,#603,.T.);
#1852=EDGE_CURVE('',#1413,#1454,#884,.T.);
#1853=EDGE_CURVE('',#1453,#1452,#885,.T.);
#1854=EDGE_CURVE('',#1447,#1455,#886,.T.);
#1855=EDGE_CURVE('',#1455,#1362,#887,.T.);
#1856=EDGE_CURVE('',#1450,#1444,#888,.T.);
#1857=EDGE_CURVE('',#1454,#1456,#889,.T.);
#1858=EDGE_CURVE('',#1414,#1456,#890,.T.);
#1859=EDGE_CURVE('',#1448,#1451,#891,.T.);
#1860=EDGE_CURVE('',#1457,#1439,#892,.T.);
#1861=EDGE_CURVE('',#1458,#1457,#893,.T.);
#1862=EDGE_CURVE('',#1456,#1458,#604,.T.);
#1863=EDGE_CURVE('',#1459,#1363,#894,.T.);
#1864=EDGE_CURVE('',#1459,#1460,#895,.T.);
#1865=EDGE_CURVE('',#1460,#1289,#896,.T.);
#1866=EDGE_CURVE('',#1455,#1459,#605,.T.);
#1867=EDGE_CURVE('',#1460,#1438,#897,.T.);
#1868=EDGE_CURVE('',#1457,#1301,#898,.T.);
#1869=EDGE_CURVE('',#1415,#1458,#899,.T.);
#1870=EDGE_CURVE('',#1427,#1461,#900,.T.);
#1871=EDGE_CURVE('',#1461,#1379,#901,.T.);
#1872=EDGE_CURVE('',#1462,#1380,#902,.T.);
#1873=EDGE_CURVE('',#1462,#1463,#903,.T.);
#1874=EDGE_CURVE('',#1463,#1295,#904,.T.);
#1875=EDGE_CURVE('',#1461,#1462,#606,.T.);
#1876=EDGE_CURVE('',#1463,#1430,#905,.T.);
#1877=EDGE_CURVE('',#1441,#1464,#906,.T.);
#1878=EDGE_CURVE('',#1284,#1464,#907,.T.);
#1879=EDGE_CURVE('',#1465,#1443,#607,.T.);
#1880=EDGE_CURVE('',#1464,#1465,#908,.T.);
#1881=EDGE_CURVE('',#1360,#1465,#909,.T.);
#1882=ORIENTED_EDGE('',*,*,#1466,.T.);
#1883=ORIENTED_EDGE('',*,*,#1467,.T.);
#1884=ORIENTED_EDGE('',*,*,#1468,.T.);
#1885=ORIENTED_EDGE('',*,*,#1469,.T.);
#1886=ORIENTED_EDGE('',*,*,#1470,.T.);
#1887=ORIENTED_EDGE('',*,*,#1471,.T.);
#1888=ORIENTED_EDGE('',*,*,#1472,.T.);
#1889=ORIENTED_EDGE('',*,*,#1469,.F.);
#1890=ORIENTED_EDGE('',*,*,#1473,.T.);
#1891=ORIENTED_EDGE('',*,*,#1474,.T.);
#1892=ORIENTED_EDGE('',*,*,#1475,.T.);
#1893=ORIENTED_EDGE('',*,*,#1476,.T.);
#1894=ORIENTED_EDGE('',*,*,#1477,.T.);
#1895=ORIENTED_EDGE('',*,*,#1478,.T.);
#1896=ORIENTED_EDGE('',*,*,#1479,.T.);
#1897=ORIENTED_EDGE('',*,*,#1476,.F.);
#1898=ORIENTED_EDGE('',*,*,#1480,.T.);
#1899=ORIENTED_EDGE('',*,*,#1481,.T.);
#1900=ORIENTED_EDGE('',*,*,#1482,.T.);
#1901=ORIENTED_EDGE('',*,*,#1483,.T.);
#1902=ORIENTED_EDGE('',*,*,#1484,.T.);
#1903=ORIENTED_EDGE('',*,*,#1485,.T.);
#1904=ORIENTED_EDGE('',*,*,#1486,.T.);
#1905=ORIENTED_EDGE('',*,*,#1483,.F.);
#1906=ORIENTED_EDGE('',*,*,#1487,.T.);
#1907=ORIENTED_EDGE('',*,*,#1488,.T.);
#1908=ORIENTED_EDGE('',*,*,#1489,.T.);
#1909=ORIENTED_EDGE('',*,*,#1490,.T.);
#1910=ORIENTED_EDGE('',*,*,#1491,.T.);
#1911=ORIENTED_EDGE('',*,*,#1488,.F.);
#1912=ORIENTED_EDGE('',*,*,#1492,.T.);
#1913=ORIENTED_EDGE('',*,*,#1485,.F.);
#1914=ORIENTED_EDGE('',*,*,#1493,.T.);
#1915=ORIENTED_EDGE('',*,*,#1494,.T.);
#1916=ORIENTED_EDGE('',*,*,#1481,.F.);
#1917=ORIENTED_EDGE('',*,*,#1495,.T.);
#1918=ORIENTED_EDGE('',*,*,#1496,.T.);
#1919=ORIENTED_EDGE('',*,*,#1493,.F.);
#1920=ORIENTED_EDGE('',*,*,#1497,.T.);
#1921=ORIENTED_EDGE('',*,*,#1478,.F.);
#1922=ORIENTED_EDGE('',*,*,#1490,.F.);
#1923=ORIENTED_EDGE('',*,*,#1498,.T.);
#1924=ORIENTED_EDGE('',*,*,#1499,.T.);
#1925=ORIENTED_EDGE('',*,*,#1500,.T.);
#1926=ORIENTED_EDGE('',*,*,#1499,.F.);
#1927=ORIENTED_EDGE('',*,*,#1501,.T.);
#1928=ORIENTED_EDGE('',*,*,#1502,.T.);
#1929=ORIENTED_EDGE('',*,*,#1503,.T.);
#1930=ORIENTED_EDGE('',*,*,#1504,.T.);
#1931=ORIENTED_EDGE('',*,*,#1474,.F.);
#1932=ORIENTED_EDGE('',*,*,#1505,.T.);
#1933=ORIENTED_EDGE('',*,*,#1506,.T.);
#1934=ORIENTED_EDGE('',*,*,#1503,.F.);
#1935=ORIENTED_EDGE('',*,*,#1507,.T.);
#1936=ORIENTED_EDGE('',*,*,#1471,.F.);
#1937=ORIENTED_EDGE('',*,*,#1508,.T.);
#1938=ORIENTED_EDGE('',*,*,#1502,.F.);
#1939=ORIENTED_EDGE('',*,*,#1509,.T.);
#1940=ORIENTED_EDGE('',*,*,#1510,.T.);
#1941=ORIENTED_EDGE('',*,*,#1511,.T.);
#1942=ORIENTED_EDGE('',*,*,#1512,.T.);
#1943=ORIENTED_EDGE('',*,*,#1467,.F.);
#1944=ORIENTED_EDGE('',*,*,#1513,.T.);
#1945=ORIENTED_EDGE('',*,*,#1514,.T.);
#1946=ORIENTED_EDGE('',*,*,#1511,.F.);
#1947=ORIENTED_EDGE('',*,*,#1515,.T.);
#1948=ORIENTED_EDGE('',*,*,#1510,.F.);
#1949=ORIENTED_EDGE('',*,*,#1505,.F.);
#1950=ORIENTED_EDGE('',*,*,#1516,.F.);
#1951=ORIENTED_EDGE('',*,*,#1517,.F.);
#1952=ORIENTED_EDGE('',*,*,#1518,.T.);
#1953=ORIENTED_EDGE('',*,*,#1473,.F.);
#1954=ORIENTED_EDGE('',*,*,#1519,.F.);
#1955=ORIENTED_EDGE('',*,*,#1520,.F.);
#1956=ORIENTED_EDGE('',*,*,#1521,.F.);
#1957=ORIENTED_EDGE('',*,*,#1522,.F.);
#1958=ORIENTED_EDGE('',*,*,#1516,.T.);
#1959=ORIENTED_EDGE('',*,*,#1479,.F.);
#1960=ORIENTED_EDGE('',*,*,#1523,.F.);
#1961=ORIENTED_EDGE('',*,*,#1524,.T.);
#1962=ORIENTED_EDGE('',*,*,#1525,.T.);
#1963=ORIENTED_EDGE('',*,*,#1526,.T.);
#1964=ORIENTED_EDGE('',*,*,#1527,.T.);
#1965=ORIENTED_EDGE('',*,*,#1528,.T.);
#1966=ORIENTED_EDGE('',*,*,#1529,.T.);
#1967=ORIENTED_EDGE('',*,*,#1530,.T.);
#1968=ORIENTED_EDGE('',*,*,#1531,.T.);
#1969=ORIENTED_EDGE('',*,*,#1532,.T.);
#1970=ORIENTED_EDGE('',*,*,#1533,.T.);
#1971=ORIENTED_EDGE('',*,*,#1534,.T.);
#1972=ORIENTED_EDGE('',*,*,#1535,.T.);
#1973=ORIENTED_EDGE('',*,*,#1536,.T.);
#1974=ORIENTED_EDGE('',*,*,#1519,.T.);
#1975=ORIENTED_EDGE('',*,*,#1497,.F.);
#1976=ORIENTED_EDGE('',*,*,#1537,.F.);
#1977=ORIENTED_EDGE('',*,*,#1538,.F.);
#1978=ORIENTED_EDGE('',*,*,#1539,.F.);
#1979=ORIENTED_EDGE('',*,*,#1540,.F.);
#1980=ORIENTED_EDGE('',*,*,#1523,.T.);
#1981=ORIENTED_EDGE('',*,*,#1495,.F.);
#1982=ORIENTED_EDGE('',*,*,#1541,.F.);
#1983=ORIENTED_EDGE('',*,*,#1542,.F.);
#1984=ORIENTED_EDGE('',*,*,#1537,.T.);
#1985=ORIENTED_EDGE('',*,*,#1480,.F.);
#1986=ORIENTED_EDGE('',*,*,#1543,.F.);
#1987=ORIENTED_EDGE('',*,*,#1544,.F.);
#1988=ORIENTED_EDGE('',*,*,#1545,.F.);
#1989=ORIENTED_EDGE('',*,*,#1546,.F.);
#1990=ORIENTED_EDGE('',*,*,#1541,.T.);
#1991=ORIENTED_EDGE('',*,*,#1486,.F.);
#1992=ORIENTED_EDGE('',*,*,#1547,.F.);
#1993=ORIENTED_EDGE('',*,*,#1548,.T.);
#1994=ORIENTED_EDGE('',*,*,#1543,.T.);
#1995=ORIENTED_EDGE('',*,*,#1492,.F.);
#1996=ORIENTED_EDGE('',*,*,#1549,.F.);
#1997=ORIENTED_EDGE('',*,*,#1550,.F.);
#1998=ORIENTED_EDGE('',*,*,#1551,.F.);
#1999=ORIENTED_EDGE('',*,*,#1552,.F.);
#2000=ORIENTED_EDGE('',*,*,#1547,.T.);
#2001=ORIENTED_EDGE('',*,*,#1487,.F.);
#2002=ORIENTED_EDGE('',*,*,#1553,.F.);
#2003=ORIENTED_EDGE('',*,*,#1554,.F.);
#2004=ORIENTED_EDGE('',*,*,#1549,.T.);
#2005=ORIENTED_EDGE('',*,*,#1489,.F.);
#2006=ORIENTED_EDGE('',*,*,#1491,.F.);
#2007=ORIENTED_EDGE('',*,*,#1484,.F.);
#2008=ORIENTED_EDGE('',*,*,#1482,.F.);
#2009=ORIENTED_EDGE('',*,*,#1494,.F.);
#2010=ORIENTED_EDGE('',*,*,#1496,.F.);
#2011=ORIENTED_EDGE('',*,*,#1477,.F.);
#2012=ORIENTED_EDGE('',*,*,#1475,.F.);
#2013=ORIENTED_EDGE('',*,*,#1504,.F.);
#2014=ORIENTED_EDGE('',*,*,#1506,.F.);
#2015=ORIENTED_EDGE('',*,*,#1470,.F.);
#2016=ORIENTED_EDGE('',*,*,#1468,.F.);
#2017=ORIENTED_EDGE('',*,*,#1512,.F.);
#2018=ORIENTED_EDGE('',*,*,#1514,.F.);
#2019=ORIENTED_EDGE('',*,*,#1509,.F.);
#2020=ORIENTED_EDGE('',*,*,#1501,.F.);
#2021=ORIENTED_EDGE('',*,*,#1498,.F.);
#2022=ORIENTED_EDGE('',*,*,#1555,.T.);
#2023=ORIENTED_EDGE('',*,*,#1556,.T.);
#2024=ORIENTED_EDGE('',*,*,#1557,.T.);
#2025=ORIENTED_EDGE('',*,*,#1556,.F.);
#2026=ORIENTED_EDGE('',*,*,#1558,.F.);
#2027=ORIENTED_EDGE('',*,*,#1557,.F.);
#2028=ORIENTED_EDGE('',*,*,#1555,.F.);
#2029=ORIENTED_EDGE('',*,*,#1559,.T.);
#2030=ORIENTED_EDGE('',*,*,#1560,.F.);
#2031=ORIENTED_EDGE('',*,*,#1559,.F.);
#2032=ORIENTED_EDGE('',*,*,#1561,.T.);
#2033=ORIENTED_EDGE('',*,*,#1562,.T.);
#2034=ORIENTED_EDGE('',*,*,#1563,.T.);
#2035=ORIENTED_EDGE('',*,*,#1562,.F.);
#2036=ORIENTED_EDGE('',*,*,#1564,.T.);
#2037=ORIENTED_EDGE('',*,*,#1565,.F.);
#2038=ORIENTED_EDGE('',*,*,#1566,.F.);
#2039=ORIENTED_EDGE('',*,*,#1567,.F.);
#2040=ORIENTED_EDGE('',*,*,#1568,.T.);
#2041=ORIENTED_EDGE('',*,*,#1569,.T.);
#2042=ORIENTED_EDGE('',*,*,#1570,.T.);
#2043=ORIENTED_EDGE('',*,*,#1571,.F.);
#2044=ORIENTED_EDGE('',*,*,#1572,.F.);
#2045=ORIENTED_EDGE('',*,*,#1573,.F.);
#2046=ORIENTED_EDGE('',*,*,#1574,.T.);
#2047=ORIENTED_EDGE('',*,*,#1575,.T.);
#2048=ORIENTED_EDGE('',*,*,#1576,.T.);
#2049=ORIENTED_EDGE('',*,*,#1577,.F.);
#2050=ORIENTED_EDGE('',*,*,#1578,.F.);
#2051=ORIENTED_EDGE('',*,*,#1579,.F.);
#2052=ORIENTED_EDGE('',*,*,#1580,.T.);
#2053=ORIENTED_EDGE('',*,*,#1581,.T.);
#2054=ORIENTED_EDGE('',*,*,#1582,.T.);
#2055=ORIENTED_EDGE('',*,*,#1583,.F.);
#2056=ORIENTED_EDGE('',*,*,#1584,.F.);
#2057=ORIENTED_EDGE('',*,*,#1585,.F.);
#2058=ORIENTED_EDGE('',*,*,#1586,.T.);
#2059=ORIENTED_EDGE('',*,*,#1587,.T.);
#2060=ORIENTED_EDGE('',*,*,#1588,.F.);
#2061=ORIENTED_EDGE('',*,*,#1589,.F.);
#2062=ORIENTED_EDGE('',*,*,#1590,.F.);
#2063=ORIENTED_EDGE('',*,*,#1561,.F.);
#2064=ORIENTED_EDGE('',*,*,#1563,.F.);
#2065=ORIENTED_EDGE('',*,*,#1591,.T.);
#2066=ORIENTED_EDGE('',*,*,#1558,.T.);
#2067=ORIENTED_EDGE('',*,*,#1591,.F.);
#2068=ORIENTED_EDGE('',*,*,#1592,.T.);
#2069=ORIENTED_EDGE('',*,*,#1593,.T.);
#2070=ORIENTED_EDGE('',*,*,#1594,.T.);
#2071=ORIENTED_EDGE('',*,*,#1593,.F.);
#2072=ORIENTED_EDGE('',*,*,#1595,.F.);
#2073=ORIENTED_EDGE('',*,*,#1594,.F.);
#2074=ORIENTED_EDGE('',*,*,#1592,.F.);
#2075=ORIENTED_EDGE('',*,*,#1596,.T.);
#2076=ORIENTED_EDGE('',*,*,#1597,.F.);
#2077=ORIENTED_EDGE('',*,*,#1596,.F.);
#2078=ORIENTED_EDGE('',*,*,#1588,.T.);
#2079=ORIENTED_EDGE('',*,*,#1598,.T.);
#2080=ORIENTED_EDGE('',*,*,#1599,.T.);
#2081=ORIENTED_EDGE('',*,*,#1598,.F.);
#2082=ORIENTED_EDGE('',*,*,#1599,.F.);
#2083=ORIENTED_EDGE('',*,*,#1600,.T.);
#2084=ORIENTED_EDGE('',*,*,#1595,.T.);
#2085=ORIENTED_EDGE('',*,*,#1600,.F.);
#2086=ORIENTED_EDGE('',*,*,#1601,.T.);
#2087=ORIENTED_EDGE('',*,*,#1602,.T.);
#2088=ORIENTED_EDGE('',*,*,#1603,.T.);
#2089=ORIENTED_EDGE('',*,*,#1602,.F.);
#2090=ORIENTED_EDGE('',*,*,#1604,.F.);
#2091=ORIENTED_EDGE('',*,*,#1603,.F.);
#2092=ORIENTED_EDGE('',*,*,#1601,.F.);
#2093=ORIENTED_EDGE('',*,*,#1605,.T.);
#2094=ORIENTED_EDGE('',*,*,#1606,.F.);
#2095=ORIENTED_EDGE('',*,*,#1605,.F.);
#2096=ORIENTED_EDGE('',*,*,#1590,.T.);
#2097=ORIENTED_EDGE('',*,*,#1607,.T.);
#2098=ORIENTED_EDGE('',*,*,#1608,.T.);
#2099=ORIENTED_EDGE('',*,*,#1607,.F.);
#2100=ORIENTED_EDGE('',*,*,#1608,.F.);
#2101=ORIENTED_EDGE('',*,*,#1609,.T.);
#2102=ORIENTED_EDGE('',*,*,#1604,.T.);
#2103=ORIENTED_EDGE('',*,*,#1609,.F.);
#2104=ORIENTED_EDGE('',*,*,#1610,.T.);
#2105=ORIENTED_EDGE('',*,*,#1611,.T.);
#2106=ORIENTED_EDGE('',*,*,#1612,.T.);
#2107=ORIENTED_EDGE('',*,*,#1611,.F.);
#2108=ORIENTED_EDGE('',*,*,#1613,.F.);
#2109=ORIENTED_EDGE('',*,*,#1612,.F.);
#2110=ORIENTED_EDGE('',*,*,#1610,.F.);
#2111=ORIENTED_EDGE('',*,*,#1614,.T.);
#2112=ORIENTED_EDGE('',*,*,#1615,.F.);
#2113=ORIENTED_EDGE('',*,*,#1614,.F.);
#2114=ORIENTED_EDGE('',*,*,#1589,.T.);
#2115=ORIENTED_EDGE('',*,*,#1616,.T.);
#2116=ORIENTED_EDGE('',*,*,#1617,.T.);
#2117=ORIENTED_EDGE('',*,*,#1616,.F.);
#2118=ORIENTED_EDGE('',*,*,#1617,.F.);
#2119=ORIENTED_EDGE('',*,*,#1618,.T.);
#2120=ORIENTED_EDGE('',*,*,#1613,.T.);
#2121=ORIENTED_EDGE('',*,*,#1618,.F.);
#2122=ORIENTED_EDGE('',*,*,#1619,.F.);
#2123=ORIENTED_EDGE('',*,*,#1620,.F.);
#2124=ORIENTED_EDGE('',*,*,#1621,.F.);
#2125=ORIENTED_EDGE('',*,*,#1622,.F.);
#2126=ORIENTED_EDGE('',*,*,#1623,.F.);
#2127=ORIENTED_EDGE('',*,*,#1624,.F.);
#2128=ORIENTED_EDGE('',*,*,#1625,.T.);
#2129=ORIENTED_EDGE('',*,*,#1626,.T.);
#2130=ORIENTED_EDGE('',*,*,#1623,.T.);
#2131=ORIENTED_EDGE('',*,*,#1627,.T.);
#2132=ORIENTED_EDGE('',*,*,#1625,.F.);
#2133=ORIENTED_EDGE('',*,*,#1628,.T.);
#2134=ORIENTED_EDGE('',*,*,#1629,.T.);
#2135=ORIENTED_EDGE('',*,*,#1630,.T.);
#2136=ORIENTED_EDGE('',*,*,#1629,.F.);
#2137=ORIENTED_EDGE('',*,*,#1631,.T.);
#2138=ORIENTED_EDGE('',*,*,#1619,.T.);
#2139=ORIENTED_EDGE('',*,*,#1632,.T.);
#2140=ORIENTED_EDGE('',*,*,#1633,.F.);
#2141=ORIENTED_EDGE('',*,*,#1634,.T.);
#2142=ORIENTED_EDGE('',*,*,#1624,.T.);
#2143=ORIENTED_EDGE('',*,*,#1635,.T.);
#2144=ORIENTED_EDGE('',*,*,#1636,.T.);
#2145=ORIENTED_EDGE('',*,*,#1637,.T.);
#2146=ORIENTED_EDGE('',*,*,#1622,.T.);
#2147=ORIENTED_EDGE('',*,*,#1638,.T.);
#2148=ORIENTED_EDGE('',*,*,#1639,.T.);
#2149=ORIENTED_EDGE('',*,*,#1640,.T.);
#2150=ORIENTED_EDGE('',*,*,#1636,.F.);
#2151=ORIENTED_EDGE('',*,*,#1641,.T.);
#2152=ORIENTED_EDGE('',*,*,#1639,.F.);
#2153=ORIENTED_EDGE('',*,*,#1642,.T.);
#2154=ORIENTED_EDGE('',*,*,#1620,.T.);
#2155=ORIENTED_EDGE('',*,*,#1643,.T.);
#2156=ORIENTED_EDGE('',*,*,#1644,.T.);
#2157=ORIENTED_EDGE('',*,*,#1645,.T.);
#2158=ORIENTED_EDGE('',*,*,#1621,.T.);
#2159=ORIENTED_EDGE('',*,*,#1646,.T.);
#2160=ORIENTED_EDGE('',*,*,#1635,.F.);
#2161=ORIENTED_EDGE('',*,*,#1626,.F.);
#2162=ORIENTED_EDGE('',*,*,#1647,.T.);
#2163=ORIENTED_EDGE('',*,*,#1586,.F.);
#2164=ORIENTED_EDGE('',*,*,#1648,.T.);
#2165=ORIENTED_EDGE('',*,*,#1649,.T.);
#2166=ORIENTED_EDGE('',*,*,#1650,.T.);
#2167=ORIENTED_EDGE('',*,*,#1630,.F.);
#2168=ORIENTED_EDGE('',*,*,#1651,.T.);
#2169=ORIENTED_EDGE('',*,*,#1587,.F.);
#2170=ORIENTED_EDGE('',*,*,#1647,.F.);
#2171=ORIENTED_EDGE('',*,*,#1632,.F.);
#2172=ORIENTED_EDGE('',*,*,#1645,.F.);
#2173=ORIENTED_EDGE('',*,*,#1652,.T.);
#2174=ORIENTED_EDGE('',*,*,#1653,.T.);
#2175=ORIENTED_EDGE('',*,*,#1654,.T.);
#2176=ORIENTED_EDGE('',*,*,#1564,.F.);
#2177=ORIENTED_EDGE('',*,*,#1651,.F.);
#2178=ORIENTED_EDGE('',*,*,#1627,.F.);
#2179=ORIENTED_EDGE('',*,*,#1637,.F.);
#2180=ORIENTED_EDGE('',*,*,#1640,.F.);
#2181=ORIENTED_EDGE('',*,*,#1643,.F.);
#2182=ORIENTED_EDGE('',*,*,#1631,.F.);
#2183=ORIENTED_EDGE('',*,*,#1628,.F.);
#2184=ORIENTED_EDGE('',*,*,#1655,.F.);
#2185=ORIENTED_EDGE('',*,*,#1655,.T.);
#2186=ORIENTED_EDGE('',*,*,#1656,.T.);
#2187=ORIENTED_EDGE('',*,*,#1615,.T.);
#2188=ORIENTED_EDGE('',*,*,#1656,.F.);
#2189=ORIENTED_EDGE('',*,*,#1657,.F.);
#2190=ORIENTED_EDGE('',*,*,#1658,.F.);
#2191=ORIENTED_EDGE('',*,*,#1659,.F.);
#2192=ORIENTED_EDGE('',*,*,#1660,.F.);
#2193=ORIENTED_EDGE('',*,*,#1661,.F.);
#2194=ORIENTED_EDGE('',*,*,#1662,.F.);
#2195=ORIENTED_EDGE('',*,*,#1663,.T.);
#2196=ORIENTED_EDGE('',*,*,#1664,.T.);
#2197=ORIENTED_EDGE('',*,*,#1661,.T.);
#2198=ORIENTED_EDGE('',*,*,#1665,.T.);
#2199=ORIENTED_EDGE('',*,*,#1663,.F.);
#2200=ORIENTED_EDGE('',*,*,#1666,.T.);
#2201=ORIENTED_EDGE('',*,*,#1667,.T.);
#2202=ORIENTED_EDGE('',*,*,#1668,.T.);
#2203=ORIENTED_EDGE('',*,*,#1667,.F.);
#2204=ORIENTED_EDGE('',*,*,#1669,.T.);
#2205=ORIENTED_EDGE('',*,*,#1657,.T.);
#2206=ORIENTED_EDGE('',*,*,#1670,.T.);
#2207=ORIENTED_EDGE('',*,*,#1671,.F.);
#2208=ORIENTED_EDGE('',*,*,#1672,.T.);
#2209=ORIENTED_EDGE('',*,*,#1662,.T.);
#2210=ORIENTED_EDGE('',*,*,#1673,.T.);
#2211=ORIENTED_EDGE('',*,*,#1674,.T.);
#2212=ORIENTED_EDGE('',*,*,#1522,.T.);
#2213=ORIENTED_EDGE('',*,*,#1658,.T.);
#2214=ORIENTED_EDGE('',*,*,#1675,.T.);
#2215=ORIENTED_EDGE('',*,*,#1674,.F.);
#2216=ORIENTED_EDGE('',*,*,#1676,.T.);
#2217=ORIENTED_EDGE('',*,*,#1677,.T.);
#2218=ORIENTED_EDGE('',*,*,#1517,.T.);
#2219=ORIENTED_EDGE('',*,*,#1677,.F.);
#2220=ORIENTED_EDGE('',*,*,#1678,.T.);
#2221=ORIENTED_EDGE('',*,*,#1660,.T.);
#2222=ORIENTED_EDGE('',*,*,#1679,.T.);
#2223=ORIENTED_EDGE('',*,*,#1680,.T.);
#2224=ORIENTED_EDGE('',*,*,#1681,.T.);
#2225=ORIENTED_EDGE('',*,*,#1659,.T.);
#2226=ORIENTED_EDGE('',*,*,#1521,.T.);
#2227=ORIENTED_EDGE('',*,*,#1673,.F.);
#2228=ORIENTED_EDGE('',*,*,#1664,.F.);
#2229=ORIENTED_EDGE('',*,*,#1682,.T.);
#2230=ORIENTED_EDGE('',*,*,#1568,.F.);
#2231=ORIENTED_EDGE('',*,*,#1683,.T.);
#2232=ORIENTED_EDGE('',*,*,#1684,.T.);
#2233=ORIENTED_EDGE('',*,*,#1685,.T.);
#2234=ORIENTED_EDGE('',*,*,#1668,.F.);
#2235=ORIENTED_EDGE('',*,*,#1686,.T.);
#2236=ORIENTED_EDGE('',*,*,#1569,.F.);
#2237=ORIENTED_EDGE('',*,*,#1682,.F.);
#2238=ORIENTED_EDGE('',*,*,#1670,.F.);
#2239=ORIENTED_EDGE('',*,*,#1681,.F.);
#2240=ORIENTED_EDGE('',*,*,#1687,.T.);
#2241=ORIENTED_EDGE('',*,*,#1688,.T.);
#2242=ORIENTED_EDGE('',*,*,#1689,.T.);
#2243=ORIENTED_EDGE('',*,*,#1570,.F.);
#2244=ORIENTED_EDGE('',*,*,#1686,.F.);
#2245=ORIENTED_EDGE('',*,*,#1665,.F.);
#2246=ORIENTED_EDGE('',*,*,#1678,.F.);
#2247=ORIENTED_EDGE('',*,*,#1676,.F.);
#2248=ORIENTED_EDGE('',*,*,#1675,.F.);
#2249=ORIENTED_EDGE('',*,*,#1669,.F.);
#2250=ORIENTED_EDGE('',*,*,#1666,.F.);
#2251=ORIENTED_EDGE('',*,*,#1690,.F.);
#2252=ORIENTED_EDGE('',*,*,#1690,.T.);
#2253=ORIENTED_EDGE('',*,*,#1691,.T.);
#2254=ORIENTED_EDGE('',*,*,#1606,.T.);
#2255=ORIENTED_EDGE('',*,*,#1691,.F.);
#2256=ORIENTED_EDGE('',*,*,#1692,.F.);
#2257=ORIENTED_EDGE('',*,*,#1693,.F.);
#2258=ORIENTED_EDGE('',*,*,#1694,.F.);
#2259=ORIENTED_EDGE('',*,*,#1695,.F.);
#2260=ORIENTED_EDGE('',*,*,#1696,.F.);
#2261=ORIENTED_EDGE('',*,*,#1697,.F.);
#2262=ORIENTED_EDGE('',*,*,#1698,.T.);
#2263=ORIENTED_EDGE('',*,*,#1699,.T.);
#2264=ORIENTED_EDGE('',*,*,#1696,.T.);
#2265=ORIENTED_EDGE('',*,*,#1700,.T.);
#2266=ORIENTED_EDGE('',*,*,#1698,.F.);
#2267=ORIENTED_EDGE('',*,*,#1701,.T.);
#2268=ORIENTED_EDGE('',*,*,#1702,.T.);
#2269=ORIENTED_EDGE('',*,*,#1703,.T.);
#2270=ORIENTED_EDGE('',*,*,#1702,.F.);
#2271=ORIENTED_EDGE('',*,*,#1704,.T.);
#2272=ORIENTED_EDGE('',*,*,#1692,.T.);
#2273=ORIENTED_EDGE('',*,*,#1705,.T.);
#2274=ORIENTED_EDGE('',*,*,#1706,.F.);
#2275=ORIENTED_EDGE('',*,*,#1539,.T.);
#2276=ORIENTED_EDGE('',*,*,#1697,.T.);
#2277=ORIENTED_EDGE('',*,*,#1707,.T.);
#2278=ORIENTED_EDGE('',*,*,#1708,.T.);
#2279=ORIENTED_EDGE('',*,*,#1709,.T.);
#2280=ORIENTED_EDGE('',*,*,#1695,.T.);
#2281=ORIENTED_EDGE('',*,*,#1538,.T.);
#2282=ORIENTED_EDGE('',*,*,#1710,.T.);
#2283=ORIENTED_EDGE('',*,*,#1711,.T.);
#2284=ORIENTED_EDGE('',*,*,#1708,.F.);
#2285=ORIENTED_EDGE('',*,*,#1542,.T.);
#2286=ORIENTED_EDGE('',*,*,#1710,.F.);
#2287=ORIENTED_EDGE('',*,*,#1546,.T.);
#2288=ORIENTED_EDGE('',*,*,#1693,.T.);
#2289=ORIENTED_EDGE('',*,*,#1712,.T.);
#2290=ORIENTED_EDGE('',*,*,#1713,.T.);
#2291=ORIENTED_EDGE('',*,*,#1714,.T.);
#2292=ORIENTED_EDGE('',*,*,#1694,.T.);
#2293=ORIENTED_EDGE('',*,*,#1545,.T.);
#2294=ORIENTED_EDGE('',*,*,#1707,.F.);
#2295=ORIENTED_EDGE('',*,*,#1699,.F.);
#2296=ORIENTED_EDGE('',*,*,#1715,.T.);
#2297=ORIENTED_EDGE('',*,*,#1574,.F.);
#2298=ORIENTED_EDGE('',*,*,#1716,.T.);
#2299=ORIENTED_EDGE('',*,*,#1717,.T.);
#2300=ORIENTED_EDGE('',*,*,#1718,.T.);
#2301=ORIENTED_EDGE('',*,*,#1703,.F.);
#2302=ORIENTED_EDGE('',*,*,#1719,.T.);
#2303=ORIENTED_EDGE('',*,*,#1575,.F.);
#2304=ORIENTED_EDGE('',*,*,#1715,.F.);
#2305=ORIENTED_EDGE('',*,*,#1705,.F.);
#2306=ORIENTED_EDGE('',*,*,#1714,.F.);
#2307=ORIENTED_EDGE('',*,*,#1720,.T.);
#2308=ORIENTED_EDGE('',*,*,#1721,.T.);
#2309=ORIENTED_EDGE('',*,*,#1722,.T.);
#2310=ORIENTED_EDGE('',*,*,#1576,.F.);
#2311=ORIENTED_EDGE('',*,*,#1719,.F.);
#2312=ORIENTED_EDGE('',*,*,#1700,.F.);
#2313=ORIENTED_EDGE('',*,*,#1709,.F.);
#2314=ORIENTED_EDGE('',*,*,#1711,.F.);
#2315=ORIENTED_EDGE('',*,*,#1712,.F.);
#2316=ORIENTED_EDGE('',*,*,#1704,.F.);
#2317=ORIENTED_EDGE('',*,*,#1701,.F.);
#2318=ORIENTED_EDGE('',*,*,#1723,.F.);
#2319=ORIENTED_EDGE('',*,*,#1723,.T.);
#2320=ORIENTED_EDGE('',*,*,#1724,.T.);
#2321=ORIENTED_EDGE('',*,*,#1597,.T.);
#2322=ORIENTED_EDGE('',*,*,#1724,.F.);
#2323=ORIENTED_EDGE('',*,*,#1725,.T.);
#2324=ORIENTED_EDGE('',*,*,#1726,.T.);
#2325=ORIENTED_EDGE('',*,*,#1727,.F.);
#2326=ORIENTED_EDGE('',*,*,#1728,.F.);
#2327=ORIENTED_EDGE('',*,*,#1729,.F.);
#2328=ORIENTED_EDGE('',*,*,#1730,.F.);
#2329=ORIENTED_EDGE('',*,*,#1731,.T.);
#2330=ORIENTED_EDGE('',*,*,#1729,.T.);
#2331=ORIENTED_EDGE('',*,*,#1732,.T.);
#2332=ORIENTED_EDGE('',*,*,#1725,.F.);
#2333=ORIENTED_EDGE('',*,*,#1733,.T.);
#2334=ORIENTED_EDGE('',*,*,#1734,.T.);
#2335=ORIENTED_EDGE('',*,*,#1730,.T.);
#2336=ORIENTED_EDGE('',*,*,#1735,.T.);
#2337=ORIENTED_EDGE('',*,*,#1736,.F.);
#2338=ORIENTED_EDGE('',*,*,#1737,.F.);
#2339=ORIENTED_EDGE('',*,*,#1738,.F.);
#2340=ORIENTED_EDGE('',*,*,#1739,.T.);
#2341=ORIENTED_EDGE('',*,*,#1740,.T.);
#2342=ORIENTED_EDGE('',*,*,#1737,.T.);
#2343=ORIENTED_EDGE('',*,*,#1741,.T.);
#2344=ORIENTED_EDGE('',*,*,#1739,.F.);
#2345=ORIENTED_EDGE('',*,*,#1742,.T.);
#2346=ORIENTED_EDGE('',*,*,#1743,.T.);
#2347=ORIENTED_EDGE('',*,*,#1744,.T.);
#2348=ORIENTED_EDGE('',*,*,#1743,.F.);
#2349=ORIENTED_EDGE('',*,*,#1745,.T.);
#2350=ORIENTED_EDGE('',*,*,#1728,.T.);
#2351=ORIENTED_EDGE('',*,*,#1746,.T.);
#2352=ORIENTED_EDGE('',*,*,#1747,.F.);
#2353=ORIENTED_EDGE('',*,*,#1551,.T.);
#2354=ORIENTED_EDGE('',*,*,#1738,.T.);
#2355=ORIENTED_EDGE('',*,*,#1748,.T.);
#2356=ORIENTED_EDGE('',*,*,#1749,.T.);
#2357=ORIENTED_EDGE('',*,*,#1750,.T.);
#2358=ORIENTED_EDGE('',*,*,#1736,.T.);
#2359=ORIENTED_EDGE('',*,*,#1550,.T.);
#2360=ORIENTED_EDGE('',*,*,#1751,.T.);
#2361=ORIENTED_EDGE('',*,*,#1749,.F.);
#2362=ORIENTED_EDGE('',*,*,#1554,.T.);
#2363=ORIENTED_EDGE('',*,*,#1727,.T.);
#2364=ORIENTED_EDGE('',*,*,#1500,.F.);
#2365=ORIENTED_EDGE('',*,*,#1752,.F.);
#2366=ORIENTED_EDGE('',*,*,#1753,.F.);
#2367=ORIENTED_EDGE('',*,*,#1735,.F.);
#2368=ORIENTED_EDGE('',*,*,#1731,.F.);
#2369=ORIENTED_EDGE('',*,*,#1553,.T.);
#2370=ORIENTED_EDGE('',*,*,#1741,.F.);
#2371=ORIENTED_EDGE('',*,*,#1750,.F.);
#2372=ORIENTED_EDGE('',*,*,#1751,.F.);
#2373=ORIENTED_EDGE('',*,*,#1726,.F.);
#2374=ORIENTED_EDGE('',*,*,#1732,.F.);
#2375=ORIENTED_EDGE('',*,*,#1745,.F.);
#2376=ORIENTED_EDGE('',*,*,#1742,.F.);
#2377=ORIENTED_EDGE('',*,*,#1754,.F.);
#2378=ORIENTED_EDGE('',*,*,#1754,.T.);
#2379=ORIENTED_EDGE('',*,*,#1755,.T.);
#2380=ORIENTED_EDGE('',*,*,#1560,.T.);
#2381=ORIENTED_EDGE('',*,*,#1755,.F.);
#2382=ORIENTED_EDGE('',*,*,#1740,.F.);
#2383=ORIENTED_EDGE('',*,*,#1756,.T.);
#2384=ORIENTED_EDGE('',*,*,#1580,.F.);
#2385=ORIENTED_EDGE('',*,*,#1757,.T.);
#2386=ORIENTED_EDGE('',*,*,#1758,.T.);
#2387=ORIENTED_EDGE('',*,*,#1759,.T.);
#2388=ORIENTED_EDGE('',*,*,#1748,.F.);
#2389=ORIENTED_EDGE('',*,*,#1508,.F.);
#2390=ORIENTED_EDGE('',*,*,#1760,.F.);
#2391=ORIENTED_EDGE('',*,*,#1761,.T.);
#2392=ORIENTED_EDGE('',*,*,#1762,.T.);
#2393=ORIENTED_EDGE('',*,*,#1763,.T.);
#2394=ORIENTED_EDGE('',*,*,#1764,.T.);
#2395=ORIENTED_EDGE('',*,*,#1765,.T.);
#2396=ORIENTED_EDGE('',*,*,#1766,.T.);
#2397=ORIENTED_EDGE('',*,*,#1767,.T.);
#2398=ORIENTED_EDGE('',*,*,#1768,.T.);
#2399=ORIENTED_EDGE('',*,*,#1769,.T.);
#2400=ORIENTED_EDGE('',*,*,#1770,.T.);
#2401=ORIENTED_EDGE('',*,*,#1771,.T.);
#2402=ORIENTED_EDGE('',*,*,#1772,.T.);
#2403=ORIENTED_EDGE('',*,*,#1773,.T.);
#2404=ORIENTED_EDGE('',*,*,#1752,.T.);
#2405=ORIENTED_EDGE('',*,*,#1734,.F.);
#2406=ORIENTED_EDGE('',*,*,#1774,.T.);
#2407=ORIENTED_EDGE('',*,*,#1775,.T.);
#2408=ORIENTED_EDGE('',*,*,#1776,.T.);
#2409=ORIENTED_EDGE('',*,*,#1582,.F.);
#2410=ORIENTED_EDGE('',*,*,#1777,.F.);
#2411=ORIENTED_EDGE('',*,*,#1746,.F.);
#2412=ORIENTED_EDGE('',*,*,#1472,.F.);
#2413=ORIENTED_EDGE('',*,*,#1778,.F.);
#2414=ORIENTED_EDGE('',*,*,#1779,.T.);
#2415=ORIENTED_EDGE('',*,*,#1780,.T.);
#2416=ORIENTED_EDGE('',*,*,#1507,.F.);
#2417=ORIENTED_EDGE('',*,*,#1518,.F.);
#2418=ORIENTED_EDGE('',*,*,#1679,.F.);
#2419=ORIENTED_EDGE('',*,*,#1672,.F.);
#2420=ORIENTED_EDGE('',*,*,#1781,.F.);
#2421=ORIENTED_EDGE('',*,*,#1778,.T.);
#2422=ORIENTED_EDGE('',*,*,#1466,.F.);
#2423=ORIENTED_EDGE('',*,*,#1780,.F.);
#2424=ORIENTED_EDGE('',*,*,#1782,.F.);
#2425=ORIENTED_EDGE('',*,*,#1646,.F.);
#2426=ORIENTED_EDGE('',*,*,#1642,.F.);
#2427=ORIENTED_EDGE('',*,*,#1783,.T.);
#2428=ORIENTED_EDGE('',*,*,#1515,.F.);
#2429=ORIENTED_EDGE('',*,*,#1784,.F.);
#2430=ORIENTED_EDGE('',*,*,#1638,.F.);
#2431=ORIENTED_EDGE('',*,*,#1634,.F.);
#2432=ORIENTED_EDGE('',*,*,#1785,.F.);
#2433=ORIENTED_EDGE('',*,*,#1760,.T.);
#2434=ORIENTED_EDGE('',*,*,#1513,.F.);
#2435=ORIENTED_EDGE('',*,*,#1783,.F.);
#2436=ORIENTED_EDGE('',*,*,#1641,.F.);
#2437=ORIENTED_EDGE('',*,*,#1784,.T.);
#2438=ORIENTED_EDGE('',*,*,#1786,.F.);
#2439=ORIENTED_EDGE('',*,*,#1787,.F.);
#2440=ORIENTED_EDGE('',*,*,#1788,.T.);
#2441=ORIENTED_EDGE('',*,*,#1767,.F.);
#2442=ORIENTED_EDGE('',*,*,#1789,.F.);
#2443=ORIENTED_EDGE('',*,*,#1790,.F.);
#2444=ORIENTED_EDGE('',*,*,#1791,.F.);
#2445=ORIENTED_EDGE('',*,*,#1529,.F.);
#2446=ORIENTED_EDGE('',*,*,#1792,.F.);
#2447=ORIENTED_EDGE('',*,*,#1793,.F.);
#2448=ORIENTED_EDGE('',*,*,#1786,.T.);
#2449=ORIENTED_EDGE('',*,*,#1766,.F.);
#2450=ORIENTED_EDGE('',*,*,#1794,.T.);
#2451=ORIENTED_EDGE('',*,*,#1795,.T.);
#2452=ORIENTED_EDGE('',*,*,#1789,.T.);
#2453=ORIENTED_EDGE('',*,*,#1528,.F.);
#2454=ORIENTED_EDGE('',*,*,#1796,.T.);
#2455=ORIENTED_EDGE('',*,*,#1797,.T.);
#2456=ORIENTED_EDGE('',*,*,#1792,.T.);
#2457=ORIENTED_EDGE('',*,*,#1765,.F.);
#2458=ORIENTED_EDGE('',*,*,#1798,.F.);
#2459=ORIENTED_EDGE('',*,*,#1799,.F.);
#2460=ORIENTED_EDGE('',*,*,#1794,.F.);
#2461=ORIENTED_EDGE('',*,*,#1527,.F.);
#2462=ORIENTED_EDGE('',*,*,#1800,.F.);
#2463=ORIENTED_EDGE('',*,*,#1801,.T.);
#2464=ORIENTED_EDGE('',*,*,#1802,.T.);
#2465=ORIENTED_EDGE('',*,*,#1758,.F.);
#2466=ORIENTED_EDGE('',*,*,#1803,.T.);
#2467=ORIENTED_EDGE('',*,*,#1804,.F.);
#2468=ORIENTED_EDGE('',*,*,#1796,.F.);
#2469=ORIENTED_EDGE('',*,*,#1764,.F.);
#2470=ORIENTED_EDGE('',*,*,#1805,.T.);
#2471=ORIENTED_EDGE('',*,*,#1806,.F.);
#2472=ORIENTED_EDGE('',*,*,#1798,.T.);
#2473=ORIENTED_EDGE('',*,*,#1526,.F.);
#2474=ORIENTED_EDGE('',*,*,#1800,.T.);
#2475=ORIENTED_EDGE('',*,*,#1757,.F.);
#2476=ORIENTED_EDGE('',*,*,#1579,.T.);
#2477=ORIENTED_EDGE('',*,*,#1807,.T.);
#2478=ORIENTED_EDGE('',*,*,#1808,.T.);
#2479=ORIENTED_EDGE('',*,*,#1809,.F.);
#2480=ORIENTED_EDGE('',*,*,#1810,.F.);
#2481=ORIENTED_EDGE('',*,*,#1803,.F.);
#2482=ORIENTED_EDGE('',*,*,#1763,.F.);
#2483=ORIENTED_EDGE('',*,*,#1811,.F.);
#2484=ORIENTED_EDGE('',*,*,#1812,.F.);
#2485=ORIENTED_EDGE('',*,*,#1805,.F.);
#2486=ORIENTED_EDGE('',*,*,#1525,.F.);
#2487=ORIENTED_EDGE('',*,*,#1813,.F.);
#2488=ORIENTED_EDGE('',*,*,#1814,.F.);
#2489=ORIENTED_EDGE('',*,*,#1809,.T.);
#2490=ORIENTED_EDGE('',*,*,#1762,.F.);
#2491=ORIENTED_EDGE('',*,*,#1815,.F.);
#2492=ORIENTED_EDGE('',*,*,#1816,.T.);
#2493=ORIENTED_EDGE('',*,*,#1811,.T.);
#2494=ORIENTED_EDGE('',*,*,#1524,.F.);
#2495=ORIENTED_EDGE('',*,*,#1540,.T.);
#2496=ORIENTED_EDGE('',*,*,#1706,.T.);
#2497=ORIENTED_EDGE('',*,*,#1718,.F.);
#2498=ORIENTED_EDGE('',*,*,#1817,.T.);
#2499=ORIENTED_EDGE('',*,*,#1818,.T.);
#2500=ORIENTED_EDGE('',*,*,#1813,.T.);
#2501=ORIENTED_EDGE('',*,*,#1761,.F.);
#2502=ORIENTED_EDGE('',*,*,#1785,.T.);
#2503=ORIENTED_EDGE('',*,*,#1633,.T.);
#2504=ORIENTED_EDGE('',*,*,#1650,.F.);
#2505=ORIENTED_EDGE('',*,*,#1819,.F.);
#2506=ORIENTED_EDGE('',*,*,#1820,.T.);
#2507=ORIENTED_EDGE('',*,*,#1815,.T.);
#2508=ORIENTED_EDGE('',*,*,#1717,.F.);
#2509=ORIENTED_EDGE('',*,*,#1821,.F.);
#2510=ORIENTED_EDGE('',*,*,#1822,.T.);
#2511=ORIENTED_EDGE('',*,*,#1817,.F.);
#2512=ORIENTED_EDGE('',*,*,#1649,.F.);
#2513=ORIENTED_EDGE('',*,*,#1819,.T.);
#2514=ORIENTED_EDGE('',*,*,#1716,.F.);
#2515=ORIENTED_EDGE('',*,*,#1573,.T.);
#2516=ORIENTED_EDGE('',*,*,#1823,.T.);
#2517=ORIENTED_EDGE('',*,*,#1824,.T.);
#2518=ORIENTED_EDGE('',*,*,#1821,.T.);
#2519=ORIENTED_EDGE('',*,*,#1648,.F.);
#2520=ORIENTED_EDGE('',*,*,#1585,.T.);
#2521=ORIENTED_EDGE('',*,*,#1825,.T.);
#2522=ORIENTED_EDGE('',*,*,#1826,.T.);
#2523=ORIENTED_EDGE('',*,*,#1654,.F.);
#2524=ORIENTED_EDGE('',*,*,#1827,.T.);
#2525=ORIENTED_EDGE('',*,*,#1828,.T.);
#2526=ORIENTED_EDGE('',*,*,#1829,.T.);
#2527=ORIENTED_EDGE('',*,*,#1565,.T.);
#2528=ORIENTED_EDGE('',*,*,#1830,.T.);
#2529=ORIENTED_EDGE('',*,*,#1831,.T.);
#2530=ORIENTED_EDGE('',*,*,#1827,.F.);
#2531=ORIENTED_EDGE('',*,*,#1653,.F.);
#2532=ORIENTED_EDGE('',*,*,#1832,.T.);
#2533=ORIENTED_EDGE('',*,*,#1833,.T.);
#2534=ORIENTED_EDGE('',*,*,#1830,.F.);
#2535=ORIENTED_EDGE('',*,*,#1652,.F.);
#2536=ORIENTED_EDGE('',*,*,#1644,.F.);
#2537=ORIENTED_EDGE('',*,*,#1782,.T.);
#2538=ORIENTED_EDGE('',*,*,#1779,.F.);
#2539=ORIENTED_EDGE('',*,*,#1781,.T.);
#2540=ORIENTED_EDGE('',*,*,#1671,.T.);
#2541=ORIENTED_EDGE('',*,*,#1685,.F.);
#2542=ORIENTED_EDGE('',*,*,#1834,.F.);
#2543=ORIENTED_EDGE('',*,*,#1835,.F.);
#2544=ORIENTED_EDGE('',*,*,#1836,.T.);
#2545=ORIENTED_EDGE('',*,*,#1533,.F.);
#2546=ORIENTED_EDGE('',*,*,#1837,.T.);
#2547=ORIENTED_EDGE('',*,*,#1838,.F.);
#2548=ORIENTED_EDGE('',*,*,#1839,.F.);
#2549=ORIENTED_EDGE('',*,*,#1535,.F.);
#2550=ORIENTED_EDGE('',*,*,#1836,.F.);
#2551=ORIENTED_EDGE('',*,*,#1840,.F.);
#2552=ORIENTED_EDGE('',*,*,#1837,.F.);
#2553=ORIENTED_EDGE('',*,*,#1534,.F.);
#2554=ORIENTED_EDGE('',*,*,#1788,.F.);
#2555=ORIENTED_EDGE('',*,*,#1841,.F.);
#2556=ORIENTED_EDGE('',*,*,#1842,.F.);
#2557=ORIENTED_EDGE('',*,*,#1768,.F.);
#2558=ORIENTED_EDGE('',*,*,#1843,.T.);
#2559=ORIENTED_EDGE('',*,*,#1844,.F.);
#2560=ORIENTED_EDGE('',*,*,#1845,.F.);
#2561=ORIENTED_EDGE('',*,*,#1531,.F.);
#2562=ORIENTED_EDGE('',*,*,#1791,.T.);
#2563=ORIENTED_EDGE('',*,*,#1846,.F.);
#2564=ORIENTED_EDGE('',*,*,#1843,.F.);
#2565=ORIENTED_EDGE('',*,*,#1530,.F.);
#2566=ORIENTED_EDGE('',*,*,#1847,.F.);
#2567=ORIENTED_EDGE('',*,*,#1848,.F.);
#2568=ORIENTED_EDGE('',*,*,#1849,.F.);
#2569=ORIENTED_EDGE('',*,*,#1770,.F.);
#2570=ORIENTED_EDGE('',*,*,#1850,.F.);
#2571=ORIENTED_EDGE('',*,*,#1851,.F.);
#2572=ORIENTED_EDGE('',*,*,#1852,.F.);
#2573=ORIENTED_EDGE('',*,*,#1772,.F.);
#2574=ORIENTED_EDGE('',*,*,#1849,.T.);
#2575=ORIENTED_EDGE('',*,*,#1853,.F.);
#2576=ORIENTED_EDGE('',*,*,#1850,.T.);
#2577=ORIENTED_EDGE('',*,*,#1771,.F.);
#2578=ORIENTED_EDGE('',*,*,#1839,.T.);
#2579=ORIENTED_EDGE('',*,*,#1854,.T.);
#2580=ORIENTED_EDGE('',*,*,#1855,.T.);
#2581=ORIENTED_EDGE('',*,*,#1687,.F.);
#2582=ORIENTED_EDGE('',*,*,#1680,.F.);
#2583=ORIENTED_EDGE('',*,*,#1520,.T.);
#2584=ORIENTED_EDGE('',*,*,#1536,.F.);
#2585=ORIENTED_EDGE('',*,*,#1845,.T.);
#2586=ORIENTED_EDGE('',*,*,#1856,.T.);
#2587=ORIENTED_EDGE('',*,*,#1834,.T.);
#2588=ORIENTED_EDGE('',*,*,#1532,.F.);
#2589=ORIENTED_EDGE('',*,*,#1852,.T.);
#2590=ORIENTED_EDGE('',*,*,#1857,.T.);
#2591=ORIENTED_EDGE('',*,*,#1858,.F.);
#2592=ORIENTED_EDGE('',*,*,#1774,.F.);
#2593=ORIENTED_EDGE('',*,*,#1733,.F.);
#2594=ORIENTED_EDGE('',*,*,#1753,.T.);
#2595=ORIENTED_EDGE('',*,*,#1773,.F.);
#2596=ORIENTED_EDGE('',*,*,#1842,.T.);
#2597=ORIENTED_EDGE('',*,*,#1859,.T.);
#2598=ORIENTED_EDGE('',*,*,#1847,.T.);
#2599=ORIENTED_EDGE('',*,*,#1769,.F.);
#2600=ORIENTED_EDGE('',*,*,#1804,.T.);
#2601=ORIENTED_EDGE('',*,*,#1810,.T.);
#2602=ORIENTED_EDGE('',*,*,#1814,.T.);
#2603=ORIENTED_EDGE('',*,*,#1818,.F.);
#2604=ORIENTED_EDGE('',*,*,#1822,.F.);
#2605=ORIENTED_EDGE('',*,*,#1826,.F.);
#2606=ORIENTED_EDGE('',*,*,#1860,.F.);
#2607=ORIENTED_EDGE('',*,*,#1861,.F.);
#2608=ORIENTED_EDGE('',*,*,#1862,.F.);
#2609=ORIENTED_EDGE('',*,*,#1857,.F.);
#2610=ORIENTED_EDGE('',*,*,#1851,.T.);
#2611=ORIENTED_EDGE('',*,*,#1853,.T.);
#2612=ORIENTED_EDGE('',*,*,#1848,.T.);
#2613=ORIENTED_EDGE('',*,*,#1859,.F.);
#2614=ORIENTED_EDGE('',*,*,#1841,.T.);
#2615=ORIENTED_EDGE('',*,*,#1787,.T.);
#2616=ORIENTED_EDGE('',*,*,#1793,.T.);
#2617=ORIENTED_EDGE('',*,*,#1797,.F.);
#2618=ORIENTED_EDGE('',*,*,#1744,.F.);
#2619=ORIENTED_EDGE('',*,*,#1777,.T.);
#2620=ORIENTED_EDGE('',*,*,#1581,.F.);
#2621=ORIENTED_EDGE('',*,*,#1756,.F.);
#2622=ORIENTED_EDGE('',*,*,#1863,.F.);
#2623=ORIENTED_EDGE('',*,*,#1864,.T.);
#2624=ORIENTED_EDGE('',*,*,#1865,.T.);
#2625=ORIENTED_EDGE('',*,*,#1571,.T.);
#2626=ORIENTED_EDGE('',*,*,#1689,.F.);
#2627=ORIENTED_EDGE('',*,*,#1855,.F.);
#2628=ORIENTED_EDGE('',*,*,#1866,.T.);
#2629=ORIENTED_EDGE('',*,*,#1863,.T.);
#2630=ORIENTED_EDGE('',*,*,#1688,.F.);
#2631=ORIENTED_EDGE('',*,*,#1835,.T.);
#2632=ORIENTED_EDGE('',*,*,#1856,.F.);
#2633=ORIENTED_EDGE('',*,*,#1844,.T.);
#2634=ORIENTED_EDGE('',*,*,#1846,.T.);
#2635=ORIENTED_EDGE('',*,*,#1790,.T.);
#2636=ORIENTED_EDGE('',*,*,#1795,.F.);
#2637=ORIENTED_EDGE('',*,*,#1799,.T.);
#2638=ORIENTED_EDGE('',*,*,#1806,.T.);
#2639=ORIENTED_EDGE('',*,*,#1812,.T.);
#2640=ORIENTED_EDGE('',*,*,#1816,.F.);
#2641=ORIENTED_EDGE('',*,*,#1820,.F.);
#2642=ORIENTED_EDGE('',*,*,#1824,.F.);
#2643=ORIENTED_EDGE('',*,*,#1867,.F.);
#2644=ORIENTED_EDGE('',*,*,#1864,.F.);
#2645=ORIENTED_EDGE('',*,*,#1866,.F.);
#2646=ORIENTED_EDGE('',*,*,#1854,.F.);
#2647=ORIENTED_EDGE('',*,*,#1838,.T.);
#2648=ORIENTED_EDGE('',*,*,#1840,.T.);
#2649=ORIENTED_EDGE('',*,*,#1865,.F.);
#2650=ORIENTED_EDGE('',*,*,#1867,.T.);
#2651=ORIENTED_EDGE('',*,*,#1823,.F.);
#2652=ORIENTED_EDGE('',*,*,#1572,.T.);
#2653=ORIENTED_EDGE('',*,*,#1825,.F.);
#2654=ORIENTED_EDGE('',*,*,#1584,.T.);
#2655=ORIENTED_EDGE('',*,*,#1868,.F.);
#2656=ORIENTED_EDGE('',*,*,#1860,.T.);
#2657=ORIENTED_EDGE('',*,*,#1858,.T.);
#2658=ORIENTED_EDGE('',*,*,#1862,.T.);
#2659=ORIENTED_EDGE('',*,*,#1869,.F.);
#2660=ORIENTED_EDGE('',*,*,#1775,.F.);
#2661=ORIENTED_EDGE('',*,*,#1869,.T.);
#2662=ORIENTED_EDGE('',*,*,#1861,.T.);
#2663=ORIENTED_EDGE('',*,*,#1868,.T.);
#2664=ORIENTED_EDGE('',*,*,#1583,.T.);
#2665=ORIENTED_EDGE('',*,*,#1776,.F.);
#2666=ORIENTED_EDGE('',*,*,#1802,.F.);
#2667=ORIENTED_EDGE('',*,*,#1870,.T.);
#2668=ORIENTED_EDGE('',*,*,#1871,.T.);
#2669=ORIENTED_EDGE('',*,*,#1720,.F.);
#2670=ORIENTED_EDGE('',*,*,#1713,.F.);
#2671=ORIENTED_EDGE('',*,*,#1544,.T.);
#2672=ORIENTED_EDGE('',*,*,#1548,.F.);
#2673=ORIENTED_EDGE('',*,*,#1552,.T.);
#2674=ORIENTED_EDGE('',*,*,#1747,.T.);
#2675=ORIENTED_EDGE('',*,*,#1759,.F.);
#2676=ORIENTED_EDGE('',*,*,#1872,.F.);
#2677=ORIENTED_EDGE('',*,*,#1873,.T.);
#2678=ORIENTED_EDGE('',*,*,#1874,.T.);
#2679=ORIENTED_EDGE('',*,*,#1577,.T.);
#2680=ORIENTED_EDGE('',*,*,#1722,.F.);
#2681=ORIENTED_EDGE('',*,*,#1871,.F.);
#2682=ORIENTED_EDGE('',*,*,#1875,.T.);
#2683=ORIENTED_EDGE('',*,*,#1872,.T.);
#2684=ORIENTED_EDGE('',*,*,#1721,.F.);
#2685=ORIENTED_EDGE('',*,*,#1808,.F.);
#2686=ORIENTED_EDGE('',*,*,#1876,.F.);
#2687=ORIENTED_EDGE('',*,*,#1873,.F.);
#2688=ORIENTED_EDGE('',*,*,#1875,.F.);
#2689=ORIENTED_EDGE('',*,*,#1870,.F.);
#2690=ORIENTED_EDGE('',*,*,#1801,.F.);
#2691=ORIENTED_EDGE('',*,*,#1807,.F.);
#2692=ORIENTED_EDGE('',*,*,#1578,.T.);
#2693=ORIENTED_EDGE('',*,*,#1874,.F.);
#2694=ORIENTED_EDGE('',*,*,#1876,.T.);
#2695=ORIENTED_EDGE('',*,*,#1829,.F.);
#2696=ORIENTED_EDGE('',*,*,#1877,.T.);
#2697=ORIENTED_EDGE('',*,*,#1878,.F.);
#2698=ORIENTED_EDGE('',*,*,#1566,.T.);
#2699=ORIENTED_EDGE('',*,*,#1828,.F.);
#2700=ORIENTED_EDGE('',*,*,#1831,.F.);
#2701=ORIENTED_EDGE('',*,*,#1833,.F.);
#2702=ORIENTED_EDGE('',*,*,#1879,.F.);
#2703=ORIENTED_EDGE('',*,*,#1880,.F.);
#2704=ORIENTED_EDGE('',*,*,#1877,.F.);
#2705=ORIENTED_EDGE('',*,*,#1881,.T.);
#2706=ORIENTED_EDGE('',*,*,#1879,.T.);
#2707=ORIENTED_EDGE('',*,*,#1832,.F.);
#2708=ORIENTED_EDGE('',*,*,#1684,.F.);
#2709=ORIENTED_EDGE('',*,*,#1683,.F.);
#2710=ORIENTED_EDGE('',*,*,#1567,.T.);
#2711=ORIENTED_EDGE('',*,*,#1878,.T.);
#2712=ORIENTED_EDGE('',*,*,#1880,.T.);
#2713=ORIENTED_EDGE('',*,*,#1881,.F.);
#2714=CYLINDRICAL_SURFACE('',#2945,0.5);
#2715=CYLINDRICAL_SURFACE('',#2948,0.5);
#2716=CYLINDRICAL_SURFACE('',#2950,0.5);
#2717=CYLINDRICAL_SURFACE('',#2953,0.5);
#2718=CYLINDRICAL_SURFACE('',#2955,0.5);
#2719=CYLINDRICAL_SURFACE('',#2958,0.5);
#2720=CYLINDRICAL_SURFACE('',#2964,0.5);
#2721=CYLINDRICAL_SURFACE('',#2969,0.5);
#2722=CYLINDRICAL_SURFACE('',#2970,0.5);
#2723=CYLINDRICAL_SURFACE('',#2972,0.5);
#2724=CYLINDRICAL_SURFACE('',#2978,0.5);
#2725=CYLINDRICAL_SURFACE('',#2979,0.5);
#2726=CYLINDRICAL_SURFACE('',#2985,0.5);
#2727=CYLINDRICAL_SURFACE('',#2986,4.49999999999999);
#2728=CYLINDRICAL_SURFACE('',#2997,4.49999999999999);
#2729=CYLINDRICAL_SURFACE('',#3002,4.5);
#2730=CYLINDRICAL_SURFACE('',#3010,1.6);
#2731=CYLINDRICAL_SURFACE('',#3023,3.);
#2732=CYLINDRICAL_SURFACE('',#3029,1.6);
#2733=CYLINDRICAL_SURFACE('',#3033,3.00000000000001);
#2734=CYLINDRICAL_SURFACE('',#3039,1.6);
#2735=CYLINDRICAL_SURFACE('',#3043,3.00000000000001);
#2736=CYLINDRICAL_SURFACE('',#3049,1.6);
#2737=CYLINDRICAL_SURFACE('',#3053,3.);
#2738=CYLINDRICAL_SURFACE('',#3070,2.1);
#2739=CYLINDRICAL_SURFACE('',#3091,2.10000000000003);
#2740=CYLINDRICAL_SURFACE('',#3112,2.09999999999999);
#2741=CYLINDRICAL_SURFACE('',#3151,4.5);
#2742=CYLINDRICAL_SURFACE('',#3153,2.35);
#2743=CYLINDRICAL_SURFACE('',#3155,2.35);
#2744=CYLINDRICAL_SURFACE('',#3159,2.35);
#2745=CYLINDRICAL_SURFACE('',#3161,1.);
#2746=CYLINDRICAL_SURFACE('',#3163,2.2);
#2747=CYLINDRICAL_SURFACE('',#3168,2.35);
#2748=CYLINDRICAL_SURFACE('',#3170,2.2);
#2749=CYLINDRICAL_SURFACE('',#3174,0.999999999999978);
#2750=CYLINDRICAL_SURFACE('',#3176,1.);
#2751=CYLINDRICAL_SURFACE('',#3181,1.);
#2752=CYLINDRICAL_SURFACE('',#3184,2.2);
#2753=CYLINDRICAL_SURFACE('',#3186,2.2);
#2754=CYLINDRICAL_SURFACE('',#3189,2.35);
#2755=CYLINDRICAL_SURFACE('',#3191,2.35);
#2756=CYLINDRICAL_SURFACE('',#3194,2.35);
#2757=CYLINDRICAL_SURFACE('',#3196,2.35);
#2758=CYLINDRICAL_SURFACE('',#3205,2.10000000000003);
#2759=CYLINDRICAL_SURFACE('',#3207,1.);
#2760=CYLINDRICAL_SURFACE('',#3212,0.999999999999978);
#2761=CYLINDRICAL_SURFACE('',#3216,1.00000000000001);
#2762=CYLINDRICAL_SURFACE('',#3223,1.00000000000001);
#2763=ADVANCED_FACE('',(#148),#2714,.F.);
#2764=ADVANCED_FACE('',(#149),#2715,.F.);
#2765=ADVANCED_FACE('',(#150),#2716,.F.);
#2766=ADVANCED_FACE('',(#151),#2717,.F.);
#2767=ADVANCED_FACE('',(#152),#2718,.F.);
#2768=ADVANCED_FACE('',(#153),#2719,.F.);
#2769=ADVANCED_FACE('',(#154),#144,.F.);
#2770=ADVANCED_FACE('',(#155),#2720,.F.);
#2771=ADVANCED_FACE('',(#156),#145,.F.);
#2772=ADVANCED_FACE('',(#157),#2721,.F.);
#2773=ADVANCED_FACE('',(#158),#2722,.F.);
#2774=ADVANCED_FACE('',(#159),#2723,.F.);
#2775=ADVANCED_FACE('',(#160),#146,.F.);
#2776=ADVANCED_FACE('',(#161),#2724,.F.);
#2777=ADVANCED_FACE('',(#162),#2725,.F.);
#2778=ADVANCED_FACE('',(#163),#147,.F.);
#2779=ADVANCED_FACE('',(#164),#2726,.F.);
#2780=ADVANCED_FACE('',(#165),#2727,.T.);
#2781=ADVANCED_FACE('',(#166),#47,.T.);
#2782=ADVANCED_FACE('',(#167),#48,.F.);
#2783=ADVANCED_FACE('',(#168),#49,.T.);
#2784=ADVANCED_FACE('',(#169),#2728,.T.);
#2785=ADVANCED_FACE('',(#170),#50,.T.);
#2786=ADVANCED_FACE('',(#171),#51,.F.);
#2787=ADVANCED_FACE('',(#172),#52,.T.);
#2788=ADVANCED_FACE('',(#173),#2729,.T.);
#2789=ADVANCED_FACE('',(#174),#53,.T.);
#2790=ADVANCED_FACE('',(#175),#27,.F.);
#2791=ADVANCED_FACE('',(#176,#15),#54,.F.);
#2792=ADVANCED_FACE('',(#177),#2730,.F.);
#2793=ADVANCED_FACE('',(#178),#28,.F.);
#2794=ADVANCED_FACE('',(#179,#16,#17,#18,#19),#55,.F.);
#2795=ADVANCED_FACE('',(#180),#2731,.F.);
#2796=ADVANCED_FACE('',(#181),#29,.F.);
#2797=ADVANCED_FACE('',(#182,#20),#56,.F.);
#2798=ADVANCED_FACE('',(#183),#2732,.F.);
#2799=ADVANCED_FACE('',(#184),#30,.F.);
#2800=ADVANCED_FACE('',(#185),#2733,.F.);
#2801=ADVANCED_FACE('',(#186),#31,.F.);
#2802=ADVANCED_FACE('',(#187,#21),#57,.F.);
#2803=ADVANCED_FACE('',(#188),#2734,.F.);
#2804=ADVANCED_FACE('',(#189),#32,.F.);
#2805=ADVANCED_FACE('',(#190),#2735,.F.);
#2806=ADVANCED_FACE('',(#191),#33,.F.);
#2807=ADVANCED_FACE('',(#192,#22),#58,.F.);
#2808=ADVANCED_FACE('',(#193),#2736,.F.);
#2809=ADVANCED_FACE('',(#194),#34,.F.);
#2810=ADVANCED_FACE('',(#195),#2737,.F.);
#2811=ADVANCED_FACE('',(#196),#59,.T.);
#2812=ADVANCED_FACE('',(#197),#60,.T.);
#2813=ADVANCED_FACE('',(#198),#61,.T.);
#2814=ADVANCED_FACE('',(#199),#35,.T.);
#2815=ADVANCED_FACE('',(#200),#62,.T.);
#2816=ADVANCED_FACE('',(#201),#63,.T.);
#2817=ADVANCED_FACE('',(#202),#64,.T.);
#2818=ADVANCED_FACE('',(#203),#36,.T.);
#2819=ADVANCED_FACE('',(#204),#65,.T.);
#2820=ADVANCED_FACE('',(#205),#66,.T.);
#2821=ADVANCED_FACE('',(#206),#67,.F.);
#2822=ADVANCED_FACE('',(#207),#2738,.T.);
#2823=ADVANCED_FACE('',(#208),#68,.F.);
#2824=ADVANCED_FACE('',(#209,#23),#69,.T.);
#2825=ADVANCED_FACE('',(#210),#37,.F.);
#2826=ADVANCED_FACE('',(#211),#70,.T.);
#2827=ADVANCED_FACE('',(#212),#71,.T.);
#2828=ADVANCED_FACE('',(#213),#72,.T.);
#2829=ADVANCED_FACE('',(#214),#38,.T.);
#2830=ADVANCED_FACE('',(#215),#73,.T.);
#2831=ADVANCED_FACE('',(#216),#74,.T.);
#2832=ADVANCED_FACE('',(#217),#75,.T.);
#2833=ADVANCED_FACE('',(#218),#39,.T.);
#2834=ADVANCED_FACE('',(#219),#76,.T.);
#2835=ADVANCED_FACE('',(#220),#77,.T.);
#2836=ADVANCED_FACE('',(#221),#78,.F.);
#2837=ADVANCED_FACE('',(#222),#2739,.T.);
#2838=ADVANCED_FACE('',(#223),#79,.F.);
#2839=ADVANCED_FACE('',(#224,#24),#80,.T.);
#2840=ADVANCED_FACE('',(#225),#40,.F.);
#2841=ADVANCED_FACE('',(#226),#81,.T.);
#2842=ADVANCED_FACE('',(#227),#82,.T.);
#2843=ADVANCED_FACE('',(#228),#83,.T.);
#2844=ADVANCED_FACE('',(#229),#41,.T.);
#2845=ADVANCED_FACE('',(#230),#84,.T.);
#2846=ADVANCED_FACE('',(#231),#85,.T.);
#2847=ADVANCED_FACE('',(#232),#86,.T.);
#2848=ADVANCED_FACE('',(#233),#42,.T.);
#2849=ADVANCED_FACE('',(#234),#87,.T.);
#2850=ADVANCED_FACE('',(#235),#88,.T.);
#2851=ADVANCED_FACE('',(#236),#89,.F.);
#2852=ADVANCED_FACE('',(#237),#2740,.T.);
#2853=ADVANCED_FACE('',(#238),#90,.F.);
#2854=ADVANCED_FACE('',(#239,#25),#91,.T.);
#2855=ADVANCED_FACE('',(#240),#43,.F.);
#2856=ADVANCED_FACE('',(#241),#92,.T.);
#2857=ADVANCED_FACE('',(#242),#93,.T.);
#2858=ADVANCED_FACE('',(#243),#94,.T.);
#2859=ADVANCED_FACE('',(#244),#95,.T.);
#2860=ADVANCED_FACE('',(#245),#96,.T.);
#2861=ADVANCED_FACE('',(#246),#97,.T.);
#2862=ADVANCED_FACE('',(#247),#44,.T.);
#2863=ADVANCED_FACE('',(#248),#98,.T.);
#2864=ADVANCED_FACE('',(#249),#99,.T.);
#2865=ADVANCED_FACE('',(#250),#100,.T.);
#2866=ADVANCED_FACE('',(#251),#45,.T.);
#2867=ADVANCED_FACE('',(#252),#101,.T.);
#2868=ADVANCED_FACE('',(#253,#26),#102,.T.);
#2869=ADVANCED_FACE('',(#254),#46,.F.);
#2870=ADVANCED_FACE('',(#255),#103,.F.);
#2871=ADVANCED_FACE('',(#256),#104,.F.);
#2872=ADVANCED_FACE('',(#257),#105,.F.);
#2873=ADVANCED_FACE('',(#258),#106,.F.);
#2874=ADVANCED_FACE('',(#259),#107,.T.);
#2875=ADVANCED_FACE('',(#260),#108,.T.);
#2876=ADVANCED_FACE('',(#261),#109,.T.);
#2877=ADVANCED_FACE('',(#262),#2741,.T.);
#2878=ADVANCED_FACE('',(#263),#110,.F.);
#2879=ADVANCED_FACE('',(#264),#2742,.F.);
#2880=ADVANCED_FACE('',(#265),#2743,.F.);
#2881=ADVANCED_FACE('',(#266),#111,.T.);
#2882=ADVANCED_FACE('',(#267),#112,.T.);
#2883=ADVANCED_FACE('',(#268),#2744,.F.);
#2884=ADVANCED_FACE('',(#269),#2745,.T.);
#2885=ADVANCED_FACE('',(#270),#2746,.F.);
#2886=ADVANCED_FACE('',(#271),#113,.F.);
#2887=ADVANCED_FACE('',(#272),#114,.T.);
#2888=ADVANCED_FACE('',(#273),#115,.F.);
#2889=ADVANCED_FACE('',(#274),#2747,.F.);
#2890=ADVANCED_FACE('',(#275),#2748,.F.);
#2891=ADVANCED_FACE('',(#276),#116,.T.);
#2892=ADVANCED_FACE('',(#277),#117,.T.);
#2893=ADVANCED_FACE('',(#278),#2749,.T.);
#2894=ADVANCED_FACE('',(#279),#2750,.T.);
#2895=ADVANCED_FACE('',(#280),#118,.T.);
#2896=ADVANCED_FACE('',(#281),#119,.T.);
#2897=ADVANCED_FACE('',(#282),#120,.T.);
#2898=ADVANCED_FACE('',(#283),#2751,.T.);
#2899=ADVANCED_FACE('',(#284),#121,.T.);
#2900=ADVANCED_FACE('',(#285),#2752,.F.);
#2901=ADVANCED_FACE('',(#286),#2753,.F.);
#2902=ADVANCED_FACE('',(#287),#122,.F.);
#2903=ADVANCED_FACE('',(#288),#2754,.F.);
#2904=ADVANCED_FACE('',(#289),#2755,.F.);
#2905=ADVANCED_FACE('',(#290),#123,.F.);
#2906=ADVANCED_FACE('',(#291),#2756,.F.);
#2907=ADVANCED_FACE('',(#292),#2757,.F.);
#2908=ADVANCED_FACE('',(#293),#124,.F.);
#2909=ADVANCED_FACE('',(#294),#125,.T.);
#2910=ADVANCED_FACE('',(#295),#126,.T.);
#2911=ADVANCED_FACE('',(#296),#127,.T.);
#2912=ADVANCED_FACE('',(#297),#128,.T.);
#2913=ADVANCED_FACE('',(#298),#129,.T.);
#2914=ADVANCED_FACE('',(#299),#2758,.T.);
#2915=ADVANCED_FACE('',(#300),#130,.T.);
#2916=ADVANCED_FACE('',(#301),#2759,.T.);
#2917=ADVANCED_FACE('',(#302),#131,.T.);
#2918=ADVANCED_FACE('',(#303),#132,.T.);
#2919=ADVANCED_FACE('',(#304),#133,.T.);
#2920=ADVANCED_FACE('',(#305),#2760,.T.);
#2921=ADVANCED_FACE('',(#306),#134,.T.);
#2922=ADVANCED_FACE('',(#307),#135,.T.);
#2923=ADVANCED_FACE('',(#308),#136,.T.);
#2924=ADVANCED_FACE('',(#309),#2761,.T.);
#2925=ADVANCED_FACE('',(#310),#137,.T.);
#2926=ADVANCED_FACE('',(#311),#138,.T.);
#2927=ADVANCED_FACE('',(#312),#139,.T.);
#2928=ADVANCED_FACE('',(#313),#140,.T.);
#2929=ADVANCED_FACE('',(#314),#2762,.T.);
#2930=ADVANCED_FACE('',(#315),#141,.T.);
#2931=CLOSED_SHELL('',(#2763,#2764,#2765,#2766,#2767,#2768,#2769,#2770,
#2771,#2772,#2773,#2774,#2775,#2776,#2777,#2778,#2779,#2780,#2781,#2782,
#2783,#2784,#2785,#2786,#2787,#2788,#2789,#2790,#2791,#2792,#2793,#2794,
#2795,#2796,#2797,#2798,#2799,#2800,#2801,#2802,#2803,#2804,#2805,#2806,
#2807,#2808,#2809,#2810,#2811,#2812,#2813,#2814,#2815,#2816,#2817,#2818,
#2819,#2820,#2821,#2822,#2823,#2824,#2825,#2826,#2827,#2828,#2829,#2830,
#2831,#2832,#2833,#2834,#2835,#2836,#2837,#2838,#2839,#2840,#2841,#2842,
#2843,#2844,#2845,#2846,#2847,#2848,#2849,#2850,#2851,#2852,#2853,#2854,
#2855,#2856,#2857,#2858,#2859,#2860,#2861,#2862,#2863,#2864,#2865,#2866,
#2867,#2868,#2869,#2870,#2871,#2872,#2873,#2874,#2875,#2876,#2877,#2878,
#2879,#2880,#2881,#2882,#2883,#2884,#2885,#2886,#2887,#2888,#2889,#2890,
#2891,#2892,#2893,#2894,#2895,#2896,#2897,#2898,#2899,#2900,#2901,#2902,
#2903,#2904,#2905,#2906,#2907,#2908,#2909,#2910,#2911,#2912,#2913,#2914,
#2915,#2916,#2917,#2918,#2919,#2920,#2921,#2922,#2923,#2924,#2925,#2926,
#2927,#2928,#2929,#2930));
#2932=DERIVED_UNIT_ELEMENT(#2934,1.);
#2933=DERIVED_UNIT_ELEMENT(#4951,-3.);
#2934=(
MASS_UNIT()
NAMED_UNIT(*)
SI_UNIT(.KILO.,.GRAM.)
);
#2935=DERIVED_UNIT((#2932,#2933));
#2936=MEASURE_REPRESENTATION_ITEM('density measure',
POSITIVE_RATIO_MEASURE(7850.),#2935);
#2937=PROPERTY_DEFINITION_REPRESENTATION(#2942,#2939);
#2938=PROPERTY_DEFINITION_REPRESENTATION(#2943,#2940);
#2939=REPRESENTATION('material name',(#2941),#4948);
#2940=REPRESENTATION('density',(#2936),#4948);
#2941=DESCRIPTIVE_REPRESENTATION_ITEM('Steel','Steel');
#2942=PROPERTY_DEFINITION('material property','material name',#4958);
#2943=PROPERTY_DEFINITION('material property','density of part',#4958);
#2944=AXIS2_PLACEMENT_3D('',#4089,#3225,#3226);
#2945=AXIS2_PLACEMENT_3D('',#4090,#3227,#3228);
#2946=AXIS2_PLACEMENT_3D('',#4095,#3230,#3231);
#2947=AXIS2_PLACEMENT_3D('',#4098,#3233,#3234);
#2948=AXIS2_PLACEMENT_3D('',#4099,#3235,#3236);
#2949=AXIS2_PLACEMENT_3D('',#4103,#3238,#3239);
#2950=AXIS2_PLACEMENT_3D('',#4105,#3241,#3242);
#2951=AXIS2_PLACEMENT_3D('',#4110,#3244,#3245);
#2952=AXIS2_PLACEMENT_3D('',#4113,#3247,#3248);
#2953=AXIS2_PLACEMENT_3D('',#4114,#3249,#3250);
#2954=AXIS2_PLACEMENT_3D('',#4118,#3252,#3253);
#2955=AXIS2_PLACEMENT_3D('',#4120,#3255,#3256);
#2956=AXIS2_PLACEMENT_3D('',#4125,#3258,#3259);
#2957=AXIS2_PLACEMENT_3D('',#4128,#3261,#3262);
#2958=AXIS2_PLACEMENT_3D('',#4129,#3263,#3264);
#2959=AXIS2_PLACEMENT_3D('',#4133,#3266,#3267);
#2960=AXIS2_PLACEMENT_3D('',#4135,#3269,#3270);
#2961=AXIS2_PLACEMENT_3D('',#4138,#3271,#3272);
#2962=AXIS2_PLACEMENT_3D('',#4140,#3273,#3274);
#2963=AXIS2_PLACEMENT_3D('',#4142,#3275,#3276);
#2964=AXIS2_PLACEMENT_3D('',#4159,#3277,#3278);
#2965=AXIS2_PLACEMENT_3D('',#4162,#3281,#3282);
#2966=AXIS2_PLACEMENT_3D('',#4165,#3283,#3284);
#2967=AXIS2_PLACEMENT_3D('',#4166,#3285,#3286);
#2968=AXIS2_PLACEMENT_3D('',#4167,#3287,#3288);
#2969=AXIS2_PLACEMENT_3D('',#4168,#3289,#3290);
#2970=AXIS2_PLACEMENT_3D('',#4171,#3293,#3294);
#2971=AXIS2_PLACEMENT_3D('',#4174,#3296,#3297);
#2972=AXIS2_PLACEMENT_3D('',#4175,#3298,#3299);
#2973=AXIS2_PLACEMENT_3D('',#4180,#3302,#3303);
#2974=AXIS2_PLACEMENT_3D('',#4181,#3304,#3305);
#2975=AXIS2_PLACEMENT_3D('',#4184,#3306,#3307);
#2976=AXIS2_PLACEMENT_3D('',#4185,#3308,#3309);
#2977=AXIS2_PLACEMENT_3D('',#4186,#3310,#3311);
#2978=AXIS2_PLACEMENT_3D('',#4187,#3312,#3313);
#2979=AXIS2_PLACEMENT_3D('',#4190,#3316,#3317);
#2980=AXIS2_PLACEMENT_3D('',#4195,#3320,#3321);
#2981=AXIS2_PLACEMENT_3D('',#4196,#3322,#3323);
#2982=AXIS2_PLACEMENT_3D('',#4199,#3324,#3325);
#2983=AXIS2_PLACEMENT_3D('',#4200,#3326,#3327);
#2984=AXIS2_PLACEMENT_3D('',#4201,#3328,#3329);
#2985=AXIS2_PLACEMENT_3D('',#4202,#3330,#3331);
#2986=AXIS2_PLACEMENT_3D('',#4205,#3334,#3335);
#2987=AXIS2_PLACEMENT_3D('',#4209,#3337,#3338);
#2988=AXIS2_PLACEMENT_3D('',#4211,#3340,#3341);
#2989=AXIS2_PLACEMENT_3D('',#4219,#3346,#3347);
#2990=AXIS2_PLACEMENT_3D('',#4225,#3350,#3351);
#2991=AXIS2_PLACEMENT_3D('',#4229,#3353,#3354);
#2992=AXIS2_PLACEMENT_3D('',#4233,#3356,#3357);
#2993=AXIS2_PLACEMENT_3D('',#4237,#3359,#3360);
#2994=AXIS2_PLACEMENT_3D('',#4241,#3362,#3363);
#2995=AXIS2_PLACEMENT_3D('',#4245,#3365,#3366);
#2996=AXIS2_PLACEMENT_3D('',#4247,#3368,#3369);
#2997=AXIS2_PLACEMENT_3D('',#4255,#3374,#3375);
#2998=AXIS2_PLACEMENT_3D('',#4258,#3377,#3378);
#2999=AXIS2_PLACEMENT_3D('',#4259,#3379,#3380);
#3000=AXIS2_PLACEMENT_3D('',#4267,#3385,#3386);
#3001=AXIS2_PLACEMENT_3D('',#4271,#3389,#3390);
#3002=AXIS2_PLACEMENT_3D('',#4279,#3395,#3396);
#3003=AXIS2_PLACEMENT_3D('',#4282,#3398,#3399);
#3004=AXIS2_PLACEMENT_3D('',#4283,#3400,#3401);
#3005=AXIS2_PLACEMENT_3D('',#4284,#3402,#3403);
#3006=AXIS2_PLACEMENT_3D('',#4286,#3404,#3405);
#3007=AXIS2_PLACEMENT_3D('',#4289,#3407,#3408);
#3008=AXIS2_PLACEMENT_3D('',#4290,#3409,#3410);
#3009=AXIS2_PLACEMENT_3D('',#4292,#3411,#3412);
#3010=AXIS2_PLACEMENT_3D('',#4293,#3413,#3414);
#3011=AXIS2_PLACEMENT_3D('',#4296,#3416,#3417);
#3012=AXIS2_PLACEMENT_3D('',#4297,#3418,#3419);
#3013=AXIS2_PLACEMENT_3D('',#4299,#3420,#3421);
#3014=AXIS2_PLACEMENT_3D('',#4302,#3423,#3424);
#3015=AXIS2_PLACEMENT_3D('',#4303,#3425,#3426);
#3016=AXIS2_PLACEMENT_3D('',#4316,#3432,#3433);
#3017=AXIS2_PLACEMENT_3D('',#4328,#3439,#3440);
#3018=AXIS2_PLACEMENT_3D('',#4340,#3446,#3447);
#3019=AXIS2_PLACEMENT_3D('',#4351,#3453,#3454);
#3020=AXIS2_PLACEMENT_3D('',#4353,#3455,#3456);
#3021=AXIS2_PLACEMENT_3D('',#4355,#3457,#3458);
#3022=AXIS2_PLACEMENT_3D('',#4357,#3459,#3460);
#3023=AXIS2_PLACEMENT_3D('',#4358,#3461,#3462);
#3024=AXIS2_PLACEMENT_3D('',#4360,#3464,#3465);
#3025=AXIS2_PLACEMENT_3D('',#4362,#3466,#3467);
#3026=AXIS2_PLACEMENT_3D('',#4365,#3469,#3470);
#3027=AXIS2_PLACEMENT_3D('',#4366,#3471,#3472);
#3028=AXIS2_PLACEMENT_3D('',#4368,#3473,#3474);
#3029=AXIS2_PLACEMENT_3D('',#4369,#3475,#3476);
#3030=AXIS2_PLACEMENT_3D('',#4372,#3478,#3479);
#3031=AXIS2_PLACEMENT_3D('',#4373,#3480,#3481);
#3032=AXIS2_PLACEMENT_3D('',#4376,#3483,#3484);
#3033=AXIS2_PLACEMENT_3D('',#4377,#3485,#3486);
#3034=AXIS2_PLACEMENT_3D('',#4379,#3488,#3489);
#3035=AXIS2_PLACEMENT_3D('',#4381,#3490,#3491);
#3036=AXIS2_PLACEMENT_3D('',#4384,#3493,#3494);
#3037=AXIS2_PLACEMENT_3D('',#4385,#3495,#3496);
#3038=AXIS2_PLACEMENT_3D('',#4387,#3497,#3498);
#3039=AXIS2_PLACEMENT_3D('',#4388,#3499,#3500);
#3040=AXIS2_PLACEMENT_3D('',#4391,#3502,#3503);
#3041=AXIS2_PLACEMENT_3D('',#4392,#3504,#3505);
#3042=AXIS2_PLACEMENT_3D('',#4395,#3507,#3508);
#3043=AXIS2_PLACEMENT_3D('',#4396,#3509,#3510);
#3044=AXIS2_PLACEMENT_3D('',#4398,#3512,#3513);
#3045=AXIS2_PLACEMENT_3D('',#4400,#3514,#3515);
#3046=AXIS2_PLACEMENT_3D('',#4403,#3517,#3518);
#3047=AXIS2_PLACEMENT_3D('',#4404,#3519,#3520);
#3048=AXIS2_PLACEMENT_3D('',#4406,#3521,#3522);
#3049=AXIS2_PLACEMENT_3D('',#4407,#3523,#3524);
#3050=AXIS2_PLACEMENT_3D('',#4410,#3526,#3527);
#3051=AXIS2_PLACEMENT_3D('',#4411,#3528,#3529);
#3052=AXIS2_PLACEMENT_3D('',#4414,#3531,#3532);
#3053=AXIS2_PLACEMENT_3D('',#4415,#3533,#3534);
#3054=AXIS2_PLACEMENT_3D('',#4417,#3536,#3537);
#3055=AXIS2_PLACEMENT_3D('',#4424,#3541,#3542);
#3056=AXIS2_PLACEMENT_3D('',#4431,#3546,#3547);
#3057=AXIS2_PLACEMENT_3D('',#4437,#3551,#3552);
#3058=AXIS2_PLACEMENT_3D('',#4439,#3553,#3554);
#3059=AXIS2_PLACEMENT_3D('',#4442,#3556,#3557);
#3060=AXIS2_PLACEMENT_3D('',#4443,#3558,#3559);
#3061=AXIS2_PLACEMENT_3D('',#4446,#3562,#3563);
#3062=AXIS2_PLACEMENT_3D('',#4452,#3567,#3568);
#3063=AXIS2_PLACEMENT_3D('',#4458,#3572,#3573);
#3064=AXIS2_PLACEMENT_3D('',#4462,#3575,#3576);
#3065=AXIS2_PLACEMENT_3D('',#4463,#3577,#3578);
#3066=AXIS2_PLACEMENT_3D('',#4464,#3579,#3580);
#3067=AXIS2_PLACEMENT_3D('',#4467,#3583,#3584);
#3068=AXIS2_PLACEMENT_3D('',#4473,#3588,#3589);
#3069=AXIS2_PLACEMENT_3D('',#4478,#3592,#3593);
#3070=AXIS2_PLACEMENT_3D('',#4480,#3595,#3596);
#3071=AXIS2_PLACEMENT_3D('',#4482,#3598,#3599);
#3072=AXIS2_PLACEMENT_3D('',#4486,#3601,#3602);
#3073=AXIS2_PLACEMENT_3D('',#4488,#3604,#3605);
#3074=AXIS2_PLACEMENT_3D('',#4490,#3606,#3607);
#3075=AXIS2_PLACEMENT_3D('',#4491,#3608,#3609);
#3076=AXIS2_PLACEMENT_3D('',#4493,#3611,#3612);
#3077=AXIS2_PLACEMENT_3D('',#4499,#3616,#3617);
#3078=AXIS2_PLACEMENT_3D('',#4506,#3621,#3622);
#3079=AXIS2_PLACEMENT_3D('',#4512,#3626,#3627);
#3080=AXIS2_PLACEMENT_3D('',#4514,#3628,#3629);
#3081=AXIS2_PLACEMENT_3D('',#4517,#3631,#3632);
#3082=AXIS2_PLACEMENT_3D('',#4518,#3633,#3634);
#3083=AXIS2_PLACEMENT_3D('',#4521,#3637,#3638);
#3084=AXIS2_PLACEMENT_3D('',#4527,#3642,#3643);
#3085=AXIS2_PLACEMENT_3D('',#4531,#3646,#3647);
#3086=AXIS2_PLACEMENT_3D('',#4533,#3648,#3649);
#3087=AXIS2_PLACEMENT_3D('',#4535,#3651,#3652);
#3088=AXIS2_PLACEMENT_3D('',#4538,#3655,#3656);
#3089=AXIS2_PLACEMENT_3D('',#4542,#3659,#3660);
#3090=AXIS2_PLACEMENT_3D('',#4547,#3663,#3664);
#3091=AXIS2_PLACEMENT_3D('',#4549,#3666,#3667);
#3092=AXIS2_PLACEMENT_3D('',#4551,#3669,#3670);
#3093=AXIS2_PLACEMENT_3D('',#4555,#3672,#3673);
#3094=AXIS2_PLACEMENT_3D('',#4557,#3675,#3676);
#3095=AXIS2_PLACEMENT_3D('',#4559,#3677,#3678);
#3096=AXIS2_PLACEMENT_3D('',#4560,#3679,#3680);
#3097=AXIS2_PLACEMENT_3D('',#4562,#3682,#3683);
#3098=AXIS2_PLACEMENT_3D('',#4568,#3687,#3688);
#3099=AXIS2_PLACEMENT_3D('',#4574,#3692,#3693);
#3100=AXIS2_PLACEMENT_3D('',#4580,#3697,#3698);
#3101=AXIS2_PLACEMENT_3D('',#4582,#3699,#3700);
#3102=AXIS2_PLACEMENT_3D('',#4585,#3702,#3703);
#3103=AXIS2_PLACEMENT_3D('',#4586,#3704,#3705);
#3104=AXIS2_PLACEMENT_3D('',#4589,#3708,#3709);
#3105=AXIS2_PLACEMENT_3D('',#4593,#3712,#3713);
#3106=AXIS2_PLACEMENT_3D('',#4597,#3716,#3717);
#3107=AXIS2_PLACEMENT_3D('',#4600,#3719,#3720);
#3108=AXIS2_PLACEMENT_3D('',#4601,#3721,#3722);
#3109=AXIS2_PLACEMENT_3D('',#4603,#3724,#3725);
#3110=AXIS2_PLACEMENT_3D('',#4607,#3728,#3729);
#3111=AXIS2_PLACEMENT_3D('',#4612,#3732,#3733);
#3112=AXIS2_PLACEMENT_3D('',#4614,#3735,#3736);
#3113=AXIS2_PLACEMENT_3D('',#4616,#3738,#3739);
#3114=AXIS2_PLACEMENT_3D('',#4620,#3741,#3742);
#3115=AXIS2_PLACEMENT_3D('',#4622,#3744,#3745);
#3116=AXIS2_PLACEMENT_3D('',#4624,#3746,#3747);
#3117=AXIS2_PLACEMENT_3D('',#4625,#3748,#3749);
#3118=AXIS2_PLACEMENT_3D('',#4627,#3751,#3752);
#3119=AXIS2_PLACEMENT_3D('',#4636,#3755,#3756);
#3120=AXIS2_PLACEMENT_3D('',#4643,#3760,#3761);
#3121=AXIS2_PLACEMENT_3D('',#4646,#3764,#3765);
#3122=AXIS2_PLACEMENT_3D('',#4652,#3769,#3770);
#3123=AXIS2_PLACEMENT_3D('',#4658,#3774,#3775);
#3124=AXIS2_PLACEMENT_3D('',#4664,#3779,#3780);
#3125=AXIS2_PLACEMENT_3D('',#4666,#3781,#3782);
#3126=AXIS2_PLACEMENT_3D('',#4669,#3784,#3785);
#3127=AXIS2_PLACEMENT_3D('',#4670,#3786,#3787);
#3128=AXIS2_PLACEMENT_3D('',#4673,#3790,#3791);
#3129=AXIS2_PLACEMENT_3D('',#4677,#3794,#3795);
#3130=AXIS2_PLACEMENT_3D('',#4681,#3798,#3799);
#3131=AXIS2_PLACEMENT_3D('',#4682,#3800,#3801);
#3132=AXIS2_PLACEMENT_3D('',#4683,#3802,#3803);
#3133=AXIS2_PLACEMENT_3D('',#4687,#3806,#3807);
#3134=AXIS2_PLACEMENT_3D('',#4689,#3808,#3809);
#3135=AXIS2_PLACEMENT_3D('',#4690,#3810,#3811);
#3136=AXIS2_PLACEMENT_3D('',#4692,#3813,#3814);
#3137=AXIS2_PLACEMENT_3D('',#4697,#3817,#3818);
#3138=AXIS2_PLACEMENT_3D('',#4699,#3820,#3821);
#3139=AXIS2_PLACEMENT_3D('',#4705,#3824,#3825);
#3140=AXIS2_PLACEMENT_3D('',#4709,#3827,#3828);
#3141=AXIS2_PLACEMENT_3D('',#4713,#3830,#3831);
#3142=AXIS2_PLACEMENT_3D('',#4717,#3833,#3834);
#3143=AXIS2_PLACEMENT_3D('',#4721,#3836,#3837);
#3144=AXIS2_PLACEMENT_3D('',#4725,#3839,#3840);
#3145=AXIS2_PLACEMENT_3D('',#4727,#3842,#3843);
#3146=AXIS2_PLACEMENT_3D('',#4731,#3845,#3846);
#3147=AXIS2_PLACEMENT_3D('',#4734,#3849,#3850);
#3148=AXIS2_PLACEMENT_3D('',#4740,#3854,#3855);
#3149=AXIS2_PLACEMENT_3D('',#4742,#3857,#3858);
#3150=AXIS2_PLACEMENT_3D('',#4745,#3861,#3862);
#3151=AXIS2_PLACEMENT_3D('',#4748,#3865,#3866);
#3152=AXIS2_PLACEMENT_3D('',#4749,#3867,#3868);
#3153=AXIS2_PLACEMENT_3D('',#4755,#3872,#3873);
#3154=AXIS2_PLACEMENT_3D('',#4759,#3875,#3876);
#3155=AXIS2_PLACEMENT_3D('',#4761,#3878,#3879);
#3156=AXIS2_PLACEMENT_3D('',#4764,#3881,#3882);
#3157=AXIS2_PLACEMENT_3D('',#4765,#3883,#3884);
#3158=AXIS2_PLACEMENT_3D('',#4769,#3887,#3888);
#3159=AXIS2_PLACEMENT_3D('',#4773,#3891,#3892);
#3160=AXIS2_PLACEMENT_3D('',#4776,#3894,#3895);
#3161=AXIS2_PLACEMENT_3D('',#4777,#3896,#3897);
#3162=AXIS2_PLACEMENT_3D('',#4781,#3899,#3900);
#3163=AXIS2_PLACEMENT_3D('',#4783,#3902,#3903);
#3164=AXIS2_PLACEMENT_3D('',#4786,#3905,#3906);
#3165=AXIS2_PLACEMENT_3D('',#4787,#3907,#3908);
#3166=AXIS2_PLACEMENT_3D('',#4791,#3911,#3912);
#3167=AXIS2_PLACEMENT_3D('',#4795,#3915,#3916);
#3168=AXIS2_PLACEMENT_3D('',#4799,#3919,#3920);
#3169=AXIS2_PLACEMENT_3D('',#4802,#3922,#3923);
#3170=AXIS2_PLACEMENT_3D('',#4803,#3924,#3925);
#3171=AXIS2_PLACEMENT_3D('',#4806,#3927,#3928);
#3172=AXIS2_PLACEMENT_3D('',#4807,#3929,#3930);
#3173=AXIS2_PLACEMENT_3D('',#4811,#3933,#3934);
#3174=AXIS2_PLACEMENT_3D('',#4815,#3937,#3938);
#3175=AXIS2_PLACEMENT_3D('',#4818,#3940,#3941);
#3176=AXIS2_PLACEMENT_3D('',#4819,#3942,#3943);
#3177=AXIS2_PLACEMENT_3D('',#4822,#3945,#3946);
#3178=AXIS2_PLACEMENT_3D('',#4823,#3947,#3948);
#3179=AXIS2_PLACEMENT_3D('',#4827,#3951,#3952);
#3180=AXIS2_PLACEMENT_3D('',#4831,#3955,#3956);
#3181=AXIS2_PLACEMENT_3D('',#4837,#3960,#3961);
#3182=AXIS2_PLACEMENT_3D('',#4840,#3963,#3964);
#3183=AXIS2_PLACEMENT_3D('',#4841,#3965,#3966);
#3184=AXIS2_PLACEMENT_3D('',#4845,#3969,#3970);
#3185=AXIS2_PLACEMENT_3D('',#4849,#3972,#3973);
#3186=AXIS2_PLACEMENT_3D('',#4851,#3975,#3976);
#3187=AXIS2_PLACEMENT_3D('',#4855,#3978,#3979);
#3188=AXIS2_PLACEMENT_3D('',#4857,#3981,#3982);
#3189=AXIS2_PLACEMENT_3D('',#4859,#3984,#3985);
#3190=AXIS2_PLACEMENT_3D('',#4861,#3986,#3987);
#3191=AXIS2_PLACEMENT_3D('',#4863,#3989,#3990);
#3192=AXIS2_PLACEMENT_3D('',#4867,#3992,#3993);
#3193=AXIS2_PLACEMENT_3D('',#4869,#3995,#3996);
#3194=AXIS2_PLACEMENT_3D('',#4871,#3998,#3999);
#3195=AXIS2_PLACEMENT_3D('',#4875,#4001,#4002);
#3196=AXIS2_PLACEMENT_3D('',#4877,#4004,#4005);
#3197=AXIS2_PLACEMENT_3D('',#4881,#4007,#4008);
#3198=AXIS2_PLACEMENT_3D('',#4883,#4010,#4011);
#3199=AXIS2_PLACEMENT_3D('',#4885,#4013,#4014);
#3200=AXIS2_PLACEMENT_3D('',#4889,#4017,#4018);
#3201=AXIS2_PLACEMENT_3D('',#4891,#4020,#4021);
#3202=AXIS2_PLACEMENT_3D('',#4895,#4024,#4025);
#3203=AXIS2_PLACEMENT_3D('',#4897,#4027,#4028);
#3204=AXIS2_PLACEMENT_3D('',#4902,#4031,#4032);
#3205=AXIS2_PLACEMENT_3D('',#4903,#4033,#4034);
#3206=AXIS2_PLACEMENT_3D('',#4904,#4035,#4036);
#3207=AXIS2_PLACEMENT_3D('',#4910,#4040,#4041);
#3208=AXIS2_PLACEMENT_3D('',#4911,#4042,#4043);
#3209=AXIS2_PLACEMENT_3D('',#4912,#4044,#4045);
#3210=AXIS2_PLACEMENT_3D('',#4914,#4047,#4048);
#3211=AXIS2_PLACEMENT_3D('',#4915,#4049,#4050);
#3212=AXIS2_PLACEMENT_3D('',#4917,#4052,#4053);
#3213=AXIS2_PLACEMENT_3D('',#4919,#4055,#4056);
#3214=AXIS2_PLACEMENT_3D('',#4920,#4057,#4058);
#3215=AXIS2_PLACEMENT_3D('',#4924,#4061,#4062);
#3216=AXIS2_PLACEMENT_3D('',#4930,#4066,#4067);
#3217=AXIS2_PLACEMENT_3D('',#4931,#4068,#4069);
#3218=AXIS2_PLACEMENT_3D('',#4932,#4070,#4071);
#3219=AXIS2_PLACEMENT_3D('',#4934,#4073,#4074);
#3220=AXIS2_PLACEMENT_3D('',#4935,#4075,#4076);
#3221=AXIS2_PLACEMENT_3D('',#4939,#4079,#4080);
#3222=AXIS2_PLACEMENT_3D('',#4941,#4081,#4082);
#3223=AXIS2_PLACEMENT_3D('',#4943,#4084,#4085);
#3224=AXIS2_PLACEMENT_3D('',#4945,#4087,#4088);
#3225=DIRECTION('axis',(0.,0.,1.));
#3226=DIRECTION('refdir',(1.,0.,0.));
#3227=DIRECTION('center_axis',(0.,0.,1.));
#3228=DIRECTION('ref_axis',(-0.707106781186548,-0.707106781186548,0.));
#3229=DIRECTION('',(0.,0.,1.));
#3230=DIRECTION('center_axis',(0.,0.,1.));
#3231=DIRECTION('ref_axis',(-1.,0.,0.));
#3232=DIRECTION('',(0.,0.,-1.));
#3233=DIRECTION('center_axis',(0.707106781186544,3.92523114670945E-16,-0.707106781186551));
#3234=DIRECTION('ref_axis',(-0.707106781186551,-3.92523114670949E-16,-0.707106781186544));
#3235=DIRECTION('center_axis',(-1.,0.,3.30748259793121E-16));
#3236=DIRECTION('ref_axis',(0.,-0.707106781186549,-0.707106781186546));
#3237=DIRECTION('',(1.,0.,-3.30748259793121E-16));
#3238=DIRECTION('center_axis',(0.70710678118653,0.,0.707106781186565));
#3239=DIRECTION('ref_axis',(0.707106781186565,0.,-0.70710678118653));
#3240=DIRECTION('',(-1.,0.,3.30748259793121E-16));
#3241=DIRECTION('center_axis',(-1.,0.,0.));
#3242=DIRECTION('ref_axis',(0.,-0.707106781186548,-0.707106781186548));
#3243=DIRECTION('',(-1.,0.,0.));
#3244=DIRECTION('center_axis',(-1.,0.,0.));
#3245=DIRECTION('ref_axis',(0.,0.,-1.));
#3246=DIRECTION('',(1.,0.,0.));
#3247=DIRECTION('center_axis',(0.70710678118653,0.,0.707106781186565));
#3248=DIRECTION('ref_axis',(0.707106781186565,0.,-0.70710678118653));
#3249=DIRECTION('center_axis',(2.85158116087128E-16,0.,-1.));
#3250=DIRECTION('ref_axis',(0.707106781186552,-0.707106781186543,0.));
#3251=DIRECTION('',(-2.85158116087128E-16,0.,1.));
#3252=DIRECTION('center_axis',(-0.707106781186522,0.,0.707106781186573));
#3253=DIRECTION('ref_axis',(0.707106781186573,0.,0.707106781186522));
#3254=DIRECTION('',(2.85158116087128E-16,0.,-1.));
#3255=DIRECTION('center_axis',(0.,0.,-1.));
#3256=DIRECTION('ref_axis',(0.707106781186552,-0.707106781186543,0.));
#3257=DIRECTION('',(0.,0.,-1.));
#3258=DIRECTION('center_axis',(0.,0.,-1.));
#3259=DIRECTION('ref_axis',(1.,0.,0.));
#3260=DIRECTION('',(0.,0.,1.));
#3261=DIRECTION('center_axis',(-0.707106781186541,0.,0.707106781186554));
#3262=DIRECTION('ref_axis',(0.707106781186554,0.,0.707106781186541));
#3263=DIRECTION('center_axis',(1.,0.,-4.36451311891953E-16));
#3264=DIRECTION('ref_axis',(0.,-0.707106781186543,0.707106781186552));
#3265=DIRECTION('',(-1.,0.,4.36451311891953E-16));
#3266=DIRECTION('center_axis',(-0.707106781186527,0.,-0.707106781186568));
#3267=DIRECTION('ref_axis',(-0.707106781186568,0.,0.707106781186527));
#3268=DIRECTION('',(1.,0.,-4.36451311891953E-16));
#3269=DIRECTION('center_axis',(0.,-1.,0.));
#3270=DIRECTION('ref_axis',(0.,0.,-1.));
#3271=DIRECTION('center_axis',(0.,-1.,0.));
#3272=DIRECTION('ref_axis',(0.707067496385512,0.,-0.707146063805155));
#3273=DIRECTION('center_axis',(0.000111111110245865,0.,0.999999993827161));
#3274=DIRECTION('ref_axis',(-0.999999993827161,0.,0.000111111110245865));
#3275=DIRECTION('center_axis',(0.,1.,0.));
#3276=DIRECTION('ref_axis',(0.707067496385512,0.,-0.707146063805155));
#3277=DIRECTION('center_axis',(0.,0.,1.));
#3278=DIRECTION('ref_axis',(-0.707106781186548,-0.707106781186548,0.));
#3279=DIRECTION('',(0.,0.,-1.));
#3280=DIRECTION('',(0.,0.,1.));
#3281=DIRECTION('center_axis',(0.,-1.,0.));
#3282=DIRECTION('ref_axis',(0.,0.,-1.));
#3283=DIRECTION('center_axis',(1.,0.,0.));
#3284=DIRECTION('ref_axis',(0.,0.,1.));
#3285=DIRECTION('center_axis',(0.,1.,0.));
#3286=DIRECTION('ref_axis',(-0.707106781186547,0.,-0.707106781186547));
#3287=DIRECTION('center_axis',(0.,-1.,0.));
#3288=DIRECTION('ref_axis',(-0.707106781186547,0.,-0.707106781186547));
#3289=DIRECTION('center_axis',(1.,0.,0.));
#3290=DIRECTION('ref_axis',(0.,-0.707106781186543,0.707106781186552));
#3291=DIRECTION('',(-1.,0.,0.));
#3292=DIRECTION('',(1.,0.,0.));
#3293=DIRECTION('center_axis',(0.,0.,1.));
#3294=DIRECTION('ref_axis',(-0.707106781186548,-0.707106781186548,0.));
#3295=DIRECTION('',(0.,0.,-1.));
#3296=DIRECTION('center_axis',(-0.707106781186552,0.,-0.707106781186543));
#3297=DIRECTION('ref_axis',(0.707106781186543,0.,-0.707106781186552));
#3298=DIRECTION('center_axis',(1.,0.,0.));
#3299=DIRECTION('ref_axis',(0.,-0.707106781186543,0.707106781186552));
#3300=DIRECTION('',(1.,0.,0.));
#3301=DIRECTION('',(-1.,0.,0.));
#3302=DIRECTION('center_axis',(-0.707106781186552,7.85046229341892E-16,
-0.707106781186543));
#3303=DIRECTION('ref_axis',(-0.707106781186543,-7.85046229341902E-16,0.707106781186552));
#3304=DIRECTION('center_axis',(0.,-1.,0.));
#3305=DIRECTION('ref_axis',(0.,0.,-1.));
#3306=DIRECTION('center_axis',(-1.11022302462518E-15,0.,-1.));
#3307=DIRECTION('ref_axis',(1.,0.,-1.11022302462518E-15));
#3308=DIRECTION('center_axis',(0.,1.,0.));
#3309=DIRECTION('ref_axis',(-0.707106781186547,0.,0.707106781186548));
#3310=DIRECTION('center_axis',(0.,-1.,0.));
#3311=DIRECTION('ref_axis',(-0.707106781186547,0.,0.707106781186548));
#3312=DIRECTION('center_axis',(0.,0.,-1.));
#3313=DIRECTION('ref_axis',(0.707106781186552,-0.707106781186543,0.));
#3314=DIRECTION('',(0.,0.,1.));
#3315=DIRECTION('',(0.,0.,-1.));
#3316=DIRECTION('center_axis',(-2.11640789283415E-16,0.,1.));
#3317=DIRECTION('ref_axis',(-0.707106781186546,-0.707106781186549,0.));
#3318=DIRECTION('',(-2.11640789283415E-16,0.,1.));
#3319=DIRECTION('',(2.11640789283415E-16,0.,-1.));
#3320=DIRECTION('center_axis',(0.707106781186525,-1.33457858988124E-14,
-0.70710678118657));
#3321=DIRECTION('ref_axis',(-0.70710678118657,1.33457858988133E-14,-0.707106781186525));
#3322=DIRECTION('center_axis',(0.,-1.,0.));
#3323=DIRECTION('ref_axis',(0.,0.,-1.));
#3324=DIRECTION('center_axis',(-1.,0.,-1.11022302462516E-15));
#3325=DIRECTION('ref_axis',(1.11022302462516E-15,0.,-1.));
#3326=DIRECTION('center_axis',(0.,1.,0.));
#3327=DIRECTION('ref_axis',(0.707106781186548,0.,0.707106781186547));
#3328=DIRECTION('center_axis',(0.,-1.,0.));
#3329=DIRECTION('ref_axis',(0.707106781186548,0.,0.707106781186547));
#3330=DIRECTION('center_axis',(-1.,0.,0.));
#3331=DIRECTION('ref_axis',(0.,-0.707106781186548,-0.707106781186548));
#3332=DIRECTION('',(1.,0.,0.));
#3333=DIRECTION('',(-1.,0.,0.));
#3334=DIRECTION('center_axis',(0.,-1.,0.));
#3335=DIRECTION('ref_axis',(1.,0.,0.));
#3336=DIRECTION('',(0.,-1.,0.));
#3337=DIRECTION('center_axis',(0.,1.,0.));
#3338=DIRECTION('ref_axis',(-1.,0.,0.));
#3339=DIRECTION('',(0.,-1.,0.));
#3340=DIRECTION('center_axis',(0.,0.,1.));
#3341=DIRECTION('ref_axis',(-1.,0.,0.));
#3342=DIRECTION('',(0.,-1.,0.));
#3343=DIRECTION('',(1.,0.,0.));
#3344=DIRECTION('',(0.,-1.,0.));
#3345=DIRECTION('',(1.,0.,0.));
#3346=DIRECTION('center_axis',(1.,0.,2.85158116087128E-16));
#3347=DIRECTION('ref_axis',(-2.85158116087128E-16,0.,1.));
#3348=DIRECTION('',(0.,-1.,0.));
#3349=DIRECTION('',(2.85158116087128E-16,2.96649590360383E-17,-1.));
#3350=DIRECTION('center_axis',(1.,0.,2.85158116087128E-16));
#3351=DIRECTION('ref_axis',(0.,1.,0.));
#3352=DIRECTION('',(2.85158116087128E-16,2.56284170042742E-16,-1.));
#3353=DIRECTION('center_axis',(1.,0.,2.85158116087128E-16));
#3354=DIRECTION('ref_axis',(0.,-1.,0.));
#3355=DIRECTION('',(2.85158116087128E-16,2.96649590360383E-17,-1.));
#3356=DIRECTION('center_axis',(1.,0.,2.85158116087128E-16));
#3357=DIRECTION('ref_axis',(0.,1.,0.));
#3358=DIRECTION('',(2.85158116087128E-16,1.53770502025645E-16,-1.));
#3359=DIRECTION('center_axis',(1.,0.,2.85158116087128E-16));
#3360=DIRECTION('ref_axis',(0.,-1.,0.));
#3361=DIRECTION('',(2.85158116087128E-16,2.96649590360383E-17,-1.));
#3362=DIRECTION('center_axis',(1.,0.,2.85158116087128E-16));
#3363=DIRECTION('ref_axis',(0.,1.,2.01858731750028E-15));
#3364=DIRECTION('',(2.85158116087128E-16,5.35047240783208E-16,-1.));
#3365=DIRECTION('center_axis',(1.,0.,2.85158116087128E-16));
#3366=DIRECTION('ref_axis',(0.,-1.,2.01858731750028E-15));
#3367=DIRECTION('',(2.85158116087128E-16,2.96649590360383E-17,-1.));
#3368=DIRECTION('center_axis',(0.,0.,-1.));
#3369=DIRECTION('ref_axis',(1.,0.,0.));
#3370=DIRECTION('',(0.,-1.,0.));
#3371=DIRECTION('',(-1.,0.,0.));
#3372=DIRECTION('',(0.,1.,0.));
#3373=DIRECTION('',(-1.,0.,0.));
#3374=DIRECTION('center_axis',(0.,-1.,0.));
#3375=DIRECTION('ref_axis',(1.,0.,0.));
#3376=DIRECTION('',(0.,-1.,0.));
#3377=DIRECTION('center_axis',(0.,1.,0.));
#3378=DIRECTION('ref_axis',(-1.,0.,0.));
#3379=DIRECTION('center_axis',(-1.,0.,0.));
#3380=DIRECTION('ref_axis',(0.,0.,-1.));
#3381=DIRECTION('',(0.,-1.,0.));
#3382=DIRECTION('',(0.,0.,1.));
#3383=DIRECTION('',(0.,-1.,0.));
#3384=DIRECTION('',(0.,0.,1.));
#3385=DIRECTION('center_axis',(4.36451311891953E-16,0.,1.));
#3386=DIRECTION('ref_axis',(-1.,0.,4.36451311891953E-16));
#3387=DIRECTION('',(0.,-1.,0.));
#3388=DIRECTION('',(1.,-8.03476484723189E-17,-4.36451311891953E-16));
#3389=DIRECTION('center_axis',(1.,0.,0.));
#3390=DIRECTION('ref_axis',(0.,0.,1.));
#3391=DIRECTION('',(0.,-1.,0.));
#3392=DIRECTION('',(0.,0.,-1.));
#3393=DIRECTION('',(0.,1.,0.));
#3394=DIRECTION('',(0.,0.,-1.));
#3395=DIRECTION('center_axis',(0.,-1.,0.));
#3396=DIRECTION('ref_axis',(1.,0.,0.));
#3397=DIRECTION('',(0.,-1.,0.));
#3398=DIRECTION('center_axis',(0.,1.,0.));
#3399=DIRECTION('ref_axis',(1.,0.,0.));
#3400=DIRECTION('center_axis',(0.,1.,0.));
#3401=DIRECTION('ref_axis',(1.,0.,0.));
#3402=DIRECTION('center_axis',(0.,-1.,0.));
#3403=DIRECTION('ref_axis',(1.,0.,0.));
#3404=DIRECTION('center_axis',(0.,1.,0.));
#3405=DIRECTION('ref_axis',(1.,0.,0.));
#3406=DIRECTION('',(-0.707106781186548,-0.707106781186548,8.65956056235494E-17));
#3407=DIRECTION('center_axis',(0.,-1.,0.));
#3408=DIRECTION('ref_axis',(1.,0.,0.));
#3409=DIRECTION('center_axis',(0.,1.,0.));
#3410=DIRECTION('ref_axis',(1.,0.,0.));
#3411=DIRECTION('center_axis',(0.,1.,0.));
#3412=DIRECTION('ref_axis',(1.,0.,0.));
#3413=DIRECTION('center_axis',(0.,-1.,0.));
#3414=DIRECTION('ref_axis',(1.,0.,0.));
#3415=DIRECTION('',(0.,1.,0.));
#3416=DIRECTION('center_axis',(0.,-1.,0.));
#3417=DIRECTION('ref_axis',(1.,0.,0.));
#3418=DIRECTION('center_axis',(0.,-1.,0.));
#3419=DIRECTION('ref_axis',(1.,0.,0.));
#3420=DIRECTION('center_axis',(0.,-1.,0.));
#3421=DIRECTION('ref_axis',(1.,0.,0.));
#3422=DIRECTION('',(0.707106781186547,0.707106781186547,8.65956056235493E-17));
#3423=DIRECTION('center_axis',(0.,1.,0.));
#3424=DIRECTION('ref_axis',(1.,0.,0.));
#3425=DIRECTION('center_axis',(0.,1.,0.));
#3426=DIRECTION('ref_axis',(1.,0.,0.));
#3427=DIRECTION('',(1.,0.,-3.27338483918965E-16));
#3428=DIRECTION('',(0.,0.,1.));
#3429=DIRECTION('',(-1.,0.,3.27338483918965E-16));
#3430=DIRECTION('',(0.,0.,-1.));
#3431=DIRECTION('',(1.,0.,-3.27338483918965E-16));
#3432=DIRECTION('center_axis',(0.,-1.,0.));
#3433=DIRECTION('ref_axis',(1.,0.,0.));
#3434=DIRECTION('',(-2.85158116087128E-16,0.,1.));
#3435=DIRECTION('',(-1.,0.,0.));
#3436=DIRECTION('',(2.85158116087128E-16,0.,-1.));
#3437=DIRECTION('',(1.,0.,0.));
#3438=DIRECTION('',(-2.85158116087128E-16,0.,1.));
#3439=DIRECTION('center_axis',(0.,-1.,0.));
#3440=DIRECTION('ref_axis',(0.,0.,1.));
#3441=DIRECTION('',(-1.,0.,4.36451311891953E-16));
#3442=DIRECTION('',(0.,0.,-1.));
#3443=DIRECTION('',(1.,0.,-4.36451311891953E-16));
#3444=DIRECTION('',(0.,0.,1.));
#3445=DIRECTION('',(-1.,0.,4.36451311891953E-16));
#3446=DIRECTION('center_axis',(0.,-1.,0.));
#3447=DIRECTION('ref_axis',(-1.,0.,0.));
#3448=DIRECTION('',(2.13868587065346E-16,0.,-1.));
#3449=DIRECTION('',(1.,0.,0.));
#3450=DIRECTION('',(-2.13868587065346E-16,0.,1.));
#3451=DIRECTION('',(-1.,0.,0.));
#3452=DIRECTION('',(2.13868587065346E-16,0.,-1.));
#3453=DIRECTION('center_axis',(0.,-1.,0.));
#3454=DIRECTION('ref_axis',(0.,0.,-1.));
#3455=DIRECTION('center_axis',(0.,-1.,0.));
#3456=DIRECTION('ref_axis',(1.,0.,0.));
#3457=DIRECTION('center_axis',(0.,-1.,0.));
#3458=DIRECTION('ref_axis',(1.,0.,0.));
#3459=DIRECTION('center_axis',(0.,-1.,0.));
#3460=DIRECTION('ref_axis',(1.,0.,0.));
#3461=DIRECTION('center_axis',(0.,1.,0.));
#3462=DIRECTION('ref_axis',(1.,0.,0.));
#3463=DIRECTION('',(0.,1.,0.));
#3464=DIRECTION('center_axis',(0.,-1.,0.));
#3465=DIRECTION('ref_axis',(1.,0.,0.));
#3466=DIRECTION('center_axis',(0.,1.,0.));
#3467=DIRECTION('ref_axis',(1.,0.,0.));
#3468=DIRECTION('',(-0.70710678118654,-0.707106781186555,8.65956056235484E-17));
#3469=DIRECTION('center_axis',(0.,-1.,0.));
#3470=DIRECTION('ref_axis',(1.,0.,0.));
#3471=DIRECTION('center_axis',(0.,1.,0.));
#3472=DIRECTION('ref_axis',(1.,0.,0.));
#3473=DIRECTION('center_axis',(0.,1.,0.));
#3474=DIRECTION('ref_axis',(1.,0.,0.));
#3475=DIRECTION('center_axis',(0.,-1.,0.));
#3476=DIRECTION('ref_axis',(1.,0.,0.));
#3477=DIRECTION('',(0.,1.,0.));
#3478=DIRECTION('center_axis',(0.,-1.,0.));
#3479=DIRECTION('ref_axis',(1.,0.,0.));
#3480=DIRECTION('center_axis',(0.,-1.,0.));
#3481=DIRECTION('ref_axis',(1.,0.,0.));
#3482=DIRECTION('',(0.70710678118654,0.707106781186555,8.65956056235484E-17));
#3483=DIRECTION('center_axis',(0.,1.,0.));
#3484=DIRECTION('ref_axis',(1.,0.,0.));
#3485=DIRECTION('center_axis',(0.,1.,0.));
#3486=DIRECTION('ref_axis',(1.,0.,0.));
#3487=DIRECTION('',(0.,1.,0.));
#3488=DIRECTION('center_axis',(0.,-1.,0.));
#3489=DIRECTION('ref_axis',(1.,0.,0.));
#3490=DIRECTION('center_axis',(0.,1.,0.));
#3491=DIRECTION('ref_axis',(1.,0.,0.));
#3492=DIRECTION('',(-0.70710678118654,-0.707106781186555,8.65956056235484E-17));
#3493=DIRECTION('center_axis',(0.,-1.,0.));
#3494=DIRECTION('ref_axis',(1.,0.,0.));
#3495=DIRECTION('center_axis',(0.,1.,0.));
#3496=DIRECTION('ref_axis',(1.,0.,0.));
#3497=DIRECTION('center_axis',(0.,1.,0.));
#3498=DIRECTION('ref_axis',(1.,0.,0.));
#3499=DIRECTION('center_axis',(0.,-1.,0.));
#3500=DIRECTION('ref_axis',(1.,0.,0.));
#3501=DIRECTION('',(0.,1.,0.));
#3502=DIRECTION('center_axis',(0.,-1.,0.));
#3503=DIRECTION('ref_axis',(1.,0.,0.));
#3504=DIRECTION('center_axis',(0.,-1.,0.));
#3505=DIRECTION('ref_axis',(1.,0.,0.));
#3506=DIRECTION('',(0.70710678118654,0.707106781186555,8.65956056235484E-17));
#3507=DIRECTION('center_axis',(0.,1.,0.));
#3508=DIRECTION('ref_axis',(1.,0.,0.));
#3509=DIRECTION('center_axis',(0.,1.,0.));
#3510=DIRECTION('ref_axis',(1.,0.,0.));
#3511=DIRECTION('',(0.,1.,0.));
#3512=DIRECTION('center_axis',(0.,-1.,0.));
#3513=DIRECTION('ref_axis',(1.,0.,0.));
#3514=DIRECTION('center_axis',(0.,1.,0.));
#3515=DIRECTION('ref_axis',(1.,0.,0.));
#3516=DIRECTION('',(-0.707106781186548,-0.707106781186548,8.65956056235494E-17));
#3517=DIRECTION('center_axis',(0.,-1.,0.));
#3518=DIRECTION('ref_axis',(1.,0.,0.));
#3519=DIRECTION('center_axis',(0.,1.,0.));
#3520=DIRECTION('ref_axis',(1.,0.,0.));
#3521=DIRECTION('center_axis',(0.,1.,0.));
#3522=DIRECTION('ref_axis',(1.,0.,0.));
#3523=DIRECTION('center_axis',(0.,-1.,0.));
#3524=DIRECTION('ref_axis',(1.,0.,0.));
#3525=DIRECTION('',(0.,1.,0.));
#3526=DIRECTION('center_axis',(0.,-1.,0.));
#3527=DIRECTION('ref_axis',(1.,0.,0.));
#3528=DIRECTION('center_axis',(0.,-1.,0.));
#3529=DIRECTION('ref_axis',(1.,0.,0.));
#3530=DIRECTION('',(0.707106781186547,0.707106781186547,8.65956056235493E-17));
#3531=DIRECTION('center_axis',(0.,1.,0.));
#3532=DIRECTION('ref_axis',(1.,0.,0.));
#3533=DIRECTION('center_axis',(0.,1.,0.));
#3534=DIRECTION('ref_axis',(1.,0.,0.));
#3535=DIRECTION('',(0.,1.,0.));
#3536=DIRECTION('center_axis',(0.577350269189627,0.577350269189624,-0.577350269189627));
#3537=DIRECTION('ref_axis',(-0.707106781186547,0.,-0.707106781186547));
#3538=DIRECTION('',(0.,-0.707106781186545,-0.70710678118655));
#3539=DIRECTION('',(-0.707106781186548,0.707106781186548,-3.92523114670943E-15));
#3540=DIRECTION('',(0.707106781186547,0.,0.707106781186547));
#3541=DIRECTION('center_axis',(-0.577350269189675,0.577350269189601,0.577350269189602));
#3542=DIRECTION('ref_axis',(0.707106781186503,0.,0.707106781186592));
#3543=DIRECTION('',(1.96261557335472E-15,-0.707106781186548,0.707106781186548));
#3544=DIRECTION('',(0.707106781186502,0.707106781186593,0.));
#3545=DIRECTION('',(-0.707106781186503,0.,-0.707106781186592));
#3546=DIRECTION('center_axis',(-0.707106781186593,0.707106781186502,-1.51227928196701E-16));
#3547=DIRECTION('ref_axis',(-2.13868587065346E-16,0.,1.));
#3548=DIRECTION('',(-0.707106781186502,-0.707106781186593,0.));
#3549=DIRECTION('',(-2.13868587065346E-16,0.,1.));
#3550=DIRECTION('',(2.13868587065346E-16,0.,-1.));
#3551=DIRECTION('center_axis',(0.,-1.,0.));
#3552=DIRECTION('ref_axis',(0.,0.,-1.));
#3553=DIRECTION('center_axis',(0.,-1.,0.));
#3554=DIRECTION('ref_axis',(0.,0.,-1.));
#3555=DIRECTION('',(0.,-0.707106781186548,-0.707106781186548));
#3556=DIRECTION('center_axis',(0.,1.,0.));
#3557=DIRECTION('ref_axis',(0.,0.,-1.));
#3558=DIRECTION('center_axis',(-2.31463261722423E-16,0.70710678118655,-0.707106781186545));
#3559=DIRECTION('ref_axis',(-1.,0.,3.27338483918965E-16));
#3560=DIRECTION('',(1.,0.,-3.27338483918965E-16));
#3561=DIRECTION('',(-1.,0.,3.27338483918965E-16));
#3562=DIRECTION('center_axis',(-0.707106781186592,0.,0.707106781186503));
#3563=DIRECTION('ref_axis',(0.707106781186503,0.,0.707106781186592));
#3564=DIRECTION('',(-0.707106781186503,2.09762936980051E-17,-0.707106781186592));
#3565=DIRECTION('',(0.,1.,0.));
#3566=DIRECTION('',(0.,-1.,0.));
#3567=DIRECTION('center_axis',(0.,0.707106781186548,0.707106781186548));
#3568=DIRECTION('ref_axis',(1.,0.,0.));
#3569=DIRECTION('',(0.,0.707106781186548,-0.707106781186548));
#3570=DIRECTION('',(-1.,0.,0.));
#3571=DIRECTION('',(1.,0.,0.));
#3572=DIRECTION('center_axis',(0.,-1.,0.));
#3573=DIRECTION('ref_axis',(1.,0.,0.));
#3574=DIRECTION('',(-0.707106781186545,0.70710678118655,0.));
#3575=DIRECTION('center_axis',(0.,-1.,0.));
#3576=DIRECTION('ref_axis',(1.,0.,0.));
#3577=DIRECTION('center_axis',(0.,1.,0.));
#3578=DIRECTION('ref_axis',(1.,0.,0.));
#3579=DIRECTION('center_axis',(0.707106781186548,0.707106781186548,0.));
#3580=DIRECTION('ref_axis',(0.,0.,-1.));
#3581=DIRECTION('',(0.,0.,-1.));
#3582=DIRECTION('',(0.,0.,1.));
#3583=DIRECTION('center_axis',(0.707106781186548,0.,-0.707106781186548));
#3584=DIRECTION('ref_axis',(-0.707106781186548,0.,-0.707106781186548));
#3585=DIRECTION('',(0.707106781186548,-5.68143670871697E-17,0.707106781186548));
#3586=DIRECTION('',(0.,1.,0.));
#3587=DIRECTION('',(0.,-1.,0.));
#3588=DIRECTION('center_axis',(1.,0.,2.13868587065346E-16));
#3589=DIRECTION('ref_axis',(-2.13868587065346E-16,0.,1.));
#3590=DIRECTION('',(0.,-1.,0.));
#3591=DIRECTION('',(-8.5274990074268E-17,0.917070056253235,0.39872611141445));
#3592=DIRECTION('center_axis',(1.,0.,2.13868587065346E-16));
#3593=DIRECTION('ref_axis',(0.,0.39872611141445,-0.917070056253235));
#3594=DIRECTION('',(-2.13868587065346E-16,-2.96649590360383E-17,1.));
#3595=DIRECTION('center_axis',(0.,-1.,0.));
#3596=DIRECTION('ref_axis',(0.,0.,-1.));
#3597=DIRECTION('',(0.,-1.,0.));
#3598=DIRECTION('center_axis',(3.27338483918965E-16,0.,1.));
#3599=DIRECTION('ref_axis',(-1.,0.,3.27338483918965E-16));
#3600=DIRECTION('',(-1.,8.03476484723189E-17,3.27338483918965E-16));
#3601=DIRECTION('center_axis',(3.27338483918965E-16,0.,1.));
#3602=DIRECTION('ref_axis',(-1.11022302462515E-15,1.,0.));
#3603=DIRECTION('',(-0.39872611141445,-0.917070056253235,1.3051840080931E-16));
#3604=DIRECTION('center_axis',(0.,1.,0.));
#3605=DIRECTION('ref_axis',(1.,0.,0.));
#3606=DIRECTION('center_axis',(0.,1.,0.));
#3607=DIRECTION('ref_axis',(1.,0.,0.));
#3608=DIRECTION('center_axis',(0.,1.,0.));
#3609=DIRECTION('ref_axis',(1.,0.,0.));
#3610=DIRECTION('',(0.707106781186548,-0.707106781186548,-8.65956056235494E-17));
#3611=DIRECTION('center_axis',(0.577350269189639,0.577350269189619,0.577350269189619));
#3612=DIRECTION('ref_axis',(0.707106781186536,0.,-0.707106781186559));
#3613=DIRECTION('',(0.70710678118654,-0.707106781186555,0.));
#3614=DIRECTION('',(0.,0.707106781186548,-0.707106781186548));
#3615=DIRECTION('',(-0.707106781186536,0.,0.707106781186559));
#3616=DIRECTION('center_axis',(-0.577350269189657,0.577350269189621,-0.577350269189599));
#3617=DIRECTION('ref_axis',(-0.707106781186512,0.,0.707106781186583));
#3618=DIRECTION('',(-0.707106781186524,-0.707106781186571,-3.92523114670956E-15));
#3619=DIRECTION('',(-6.2803698347347E-14,0.707106781186503,0.707106781186592));
#3620=DIRECTION('',(0.707106781186512,0.,-0.707106781186583));
#3621=DIRECTION('center_axis',(-2.31463261722409E-16,0.707106781186592,
-0.707106781186503));
#3622=DIRECTION('ref_axis',(-1.,0.,3.27338483918965E-16));
#3623=DIRECTION('',(0.,-0.707106781186502,-0.707106781186593));
#3624=DIRECTION('',(-1.,0.,3.27338483918965E-16));
#3625=DIRECTION('',(1.,0.,-3.27338483918965E-16));
#3626=DIRECTION('center_axis',(0.,-1.,0.));
#3627=DIRECTION('ref_axis',(1.,0.,0.));
#3628=DIRECTION('center_axis',(0.,-1.,0.));
#3629=DIRECTION('ref_axis',(1.,0.,0.));
#3630=DIRECTION('',(0.70710678118654,-0.707106781186555,0.));
#3631=DIRECTION('center_axis',(0.,1.,0.));
#3632=DIRECTION('ref_axis',(1.,0.,0.));
#3633=DIRECTION('center_axis',(0.707106781186555,0.70710678118654,2.01637237595591E-16));
#3634=DIRECTION('ref_axis',(2.85158116087128E-16,0.,-1.));
#3635=DIRECTION('',(-2.85158116087128E-16,0.,1.));
#3636=DIRECTION('',(2.85158116087128E-16,0.,-1.));
#3637=DIRECTION('center_axis',(-0.707106781186583,0.,-0.707106781186512));
#3638=DIRECTION('ref_axis',(-0.707106781186512,0.,0.707106781186583));
#3639=DIRECTION('',(0.707106781186512,-5.68143670871668E-17,-0.707106781186583));
#3640=DIRECTION('',(0.,1.,0.));
#3641=DIRECTION('',(0.,-1.,0.));
#3642=DIRECTION('center_axis',(0.,0.707106781186548,0.707106781186548));
#3643=DIRECTION('ref_axis',(1.,0.,0.));
#3644=DIRECTION('',(0.,-0.707106781186548,0.707106781186548));
#3645=DIRECTION('',(-1.,0.,0.));
#3646=DIRECTION('center_axis',(0.,-1.,0.));
#3647=DIRECTION('ref_axis',(-1.,0.,0.));
#3648=DIRECTION('center_axis',(0.,-1.,0.));
#3649=DIRECTION('ref_axis',(-1.,0.,0.));
#3650=DIRECTION('',(-0.707106781186555,-0.70710678118654,0.));
#3651=DIRECTION('center_axis',(-0.707106781186571,0.707106781186524,0.));
#3652=DIRECTION('ref_axis',(0.,0.,1.));
#3653=DIRECTION('',(0.,0.,-1.));
#3654=DIRECTION('',(0.,0.,1.));
#3655=DIRECTION('center_axis',(0.707106781186559,0.,0.707106781186536));
#3656=DIRECTION('ref_axis',(0.707106781186536,0.,-0.707106781186559));
#3657=DIRECTION('',(-0.707106781186536,-2.09762936980042E-17,0.707106781186559));
#3658=DIRECTION('',(0.,1.,0.));
#3659=DIRECTION('center_axis',(3.27338483918965E-16,0.,1.));
#3660=DIRECTION('ref_axis',(-1.,0.,3.27338483918965E-16));
#3661=DIRECTION('',(0.,-1.,0.));
#3662=DIRECTION('',(-0.39872611141445,0.917070056253235,1.3051840080931E-16));
#3663=DIRECTION('center_axis',(3.27338483918965E-16,0.,1.));
#3664=DIRECTION('ref_axis',(0.917070056253231,0.39872611141446,0.));
#3665=DIRECTION('',(-1.,8.03476484723189E-17,3.27338483918965E-16));
#3666=DIRECTION('center_axis',(0.,-1.,0.));
#3667=DIRECTION('ref_axis',(1.,0.,0.));
#3668=DIRECTION('',(0.,-1.,0.));
#3669=DIRECTION('center_axis',(-1.,0.,-2.85158116087128E-16));
#3670=DIRECTION('ref_axis',(2.85158116087128E-16,0.,-1.));
#3671=DIRECTION('',(2.85158116087128E-16,2.96649590360383E-17,-1.));
#3672=DIRECTION('center_axis',(-1.,0.,-2.85158116087128E-16));
#3673=DIRECTION('ref_axis',(0.,0.39872611141445,-0.917070056253235));
#3674=DIRECTION('',(1.13699986765691E-16,-0.917070056253235,-0.39872611141445));
#3675=DIRECTION('center_axis',(0.,1.,0.));
#3676=DIRECTION('ref_axis',(1.,0.,0.));
#3677=DIRECTION('center_axis',(0.,1.,0.));
#3678=DIRECTION('ref_axis',(1.,0.,0.));
#3679=DIRECTION('center_axis',(0.,1.,0.));
#3680=DIRECTION('ref_axis',(1.,0.,0.));
#3681=DIRECTION('',(0.70710678118654,-0.707106781186555,-8.65956056235484E-17));
#3682=DIRECTION('center_axis',(-0.57735026918963,0.577350269189617,0.57735026918963));
#3683=DIRECTION('ref_axis',(0.707106781186547,0.,0.707106781186547));
#3684=DIRECTION('',(0.,-0.707106781186555,0.70710678118654));
#3685=DIRECTION('',(0.70710678118654,0.707106781186555,0.));
#3686=DIRECTION('',(-0.707106781186548,0.,-0.707106781186548));
#3687=DIRECTION('center_axis',(0.577350269189698,0.577350269189583,-0.577350269189596));
#3688=DIRECTION('ref_axis',(-0.707106781186485,0.,-0.70710678118661));
#3689=DIRECTION('',(0.,-0.707106781186555,-0.70710678118654));
#3690=DIRECTION('',(-0.707106781186477,0.707106781186618,0.));
#3691=DIRECTION('',(0.707106781186485,0.,0.70710678118661));
#3692=DIRECTION('center_axis',(0.707106781186618,0.707106781186477,2.01637237595609E-16));
#3693=DIRECTION('ref_axis',(2.85158116087128E-16,0.,-1.));
#3694=DIRECTION('',(0.707106781186477,-0.707106781186618,0.));
#3695=DIRECTION('',(2.85158116087128E-16,0.,-1.));
#3696=DIRECTION('',(-2.85158116087128E-16,0.,1.));
#3697=DIRECTION('center_axis',(0.,-1.,0.));
#3698=DIRECTION('ref_axis',(0.,0.,1.));
#3699=DIRECTION('center_axis',(0.,-1.,0.));
#3700=DIRECTION('ref_axis',(0.,0.,1.));
#3701=DIRECTION('',(0.,-0.707106781186555,0.70710678118654));
#3702=DIRECTION('center_axis',(0.,1.,0.));
#3703=DIRECTION('ref_axis',(0.,0.,1.));
#3704=DIRECTION('center_axis',(3.08617682296569E-16,0.70710678118654,0.707106781186555));
#3705=DIRECTION('ref_axis',(1.,0.,-4.36451311891953E-16));
#3706=DIRECTION('',(-1.,0.,4.36451311891953E-16));
#3707=DIRECTION('',(1.,0.,-4.36451311891953E-16));
#3708=DIRECTION('center_axis',(0.70710678118661,0.,-0.707106781186485));
#3709=DIRECTION('ref_axis',(-0.707106781186485,0.,-0.70710678118661));
#3710=DIRECTION('',(0.707106781186485,-2.09762936980057E-17,0.70710678118661));
#3711=DIRECTION('',(0.,-1.,0.));
#3712=DIRECTION('center_axis',(0.,0.70710678118654,-0.707106781186555));
#3713=DIRECTION('ref_axis',(-1.,0.,0.));
#3714=DIRECTION('',(0.,0.707106781186555,0.70710678118654));
#3715=DIRECTION('',(1.,0.,0.));
#3716=DIRECTION('center_axis',(0.,-1.,0.));
#3717=DIRECTION('ref_axis',(-1.,0.,0.));
#3718=DIRECTION('',(0.707106781186555,0.70710678118654,0.));
#3719=DIRECTION('center_axis',(0.,-1.,0.));
#3720=DIRECTION('ref_axis',(-1.,0.,0.));
#3721=DIRECTION('center_axis',(-0.707106781186555,0.70710678118654,0.));
#3722=DIRECTION('ref_axis',(0.,0.,1.));
#3723=DIRECTION('',(0.,0.,-1.));
#3724=DIRECTION('center_axis',(-0.707106781186548,0.,0.707106781186548));
#3725=DIRECTION('ref_axis',(0.707106781186548,0.,0.707106781186548));
#3726=DIRECTION('',(-0.707106781186547,5.68143670871696E-17,-0.707106781186547));
#3727=DIRECTION('',(0.,1.,0.));
#3728=DIRECTION('center_axis',(-1.,0.,-2.85158116087128E-16));
#3729=DIRECTION('ref_axis',(2.85158116087128E-16,0.,-1.));
#3730=DIRECTION('',(0.,-1.,0.));
#3731=DIRECTION('',(1.1369998676569E-16,0.917070056253236,-0.398726111414448));
#3732=DIRECTION('center_axis',(-1.,0.,-2.85158116087128E-16));
#3733=DIRECTION('ref_axis',(0.,1.,-1.77635683940029E-14));
#3734=DIRECTION('',(2.85158116087128E-16,2.96649590360383E-17,-1.));
#3735=DIRECTION('center_axis',(0.,-1.,0.));
#3736=DIRECTION('ref_axis',(0.,0.,1.));
#3737=DIRECTION('',(0.,-1.,0.));
#3738=DIRECTION('center_axis',(-4.36451311891953E-16,0.,-1.));
#3739=DIRECTION('ref_axis',(1.,0.,-4.36451311891953E-16));
#3740=DIRECTION('',(1.,-8.03476484723189E-17,-4.36451311891953E-16));
#3741=DIRECTION('center_axis',(-4.36451311891953E-16,0.,-1.));
#3742=DIRECTION('ref_axis',(0.917070056253231,0.39872611141446,0.));
#3743=DIRECTION('',(0.39872611141445,-0.917070056253235,-1.74024534412414E-16));
#3744=DIRECTION('center_axis',(0.,1.,0.));
#3745=DIRECTION('ref_axis',(1.,0.,0.));
#3746=DIRECTION('center_axis',(0.,1.,0.));
#3747=DIRECTION('ref_axis',(1.,0.,0.));
#3748=DIRECTION('center_axis',(0.,1.,0.));
#3749=DIRECTION('ref_axis',(1.,0.,0.));
#3750=DIRECTION('',(0.70710678118654,-0.707106781186555,-8.65956056235484E-17));
#3751=DIRECTION('center_axis',(0.707106781186548,0.707106781186548,0.));
#3752=DIRECTION('ref_axis',(0.,0.,-1.));
#3753=DIRECTION('',(-0.57735026918963,0.57735026918963,0.577350269189617));
#3754=DIRECTION('',(0.,0.,1.));
#3755=DIRECTION('center_axis',(-0.577350269189623,0.577350269189621,-0.577350269189633));
#3756=DIRECTION('ref_axis',(-0.707106781186553,0.,0.707106781186542));
#3757=DIRECTION('',(-0.707106781186546,-0.707106781186549,0.));
#3758=DIRECTION('',(9.81307786677369E-16,0.707106781186555,0.70710678118654));
#3759=DIRECTION('',(0.707106781186553,0.,-0.707106781186542));
#3760=DIRECTION('center_axis',(0.,0.70710678118654,-0.707106781186555));
#3761=DIRECTION('ref_axis',(-1.,0.,0.));
#3762=DIRECTION('',(-1.,0.,0.));
#3763=DIRECTION('',(1.,0.,0.));
#3764=DIRECTION('center_axis',(-0.707106781186542,0.,-0.707106781186553));
#3765=DIRECTION('ref_axis',(-0.707106781186553,0.,0.707106781186542));
#3766=DIRECTION('',(0.707106781186553,2.09762936980036E-17,-0.707106781186542));
#3767=DIRECTION('',(0.,1.,0.));
#3768=DIRECTION('',(0.,-1.,0.));
#3769=DIRECTION('center_axis',(0.577350269189639,0.57735026918969,0.577350269189549));
#3770=DIRECTION('ref_axis',(0.707106781186493,0.,-0.707106781186602));
#3771=DIRECTION('',(0.707106781186548,-0.707106781186548,6.28036983473509E-14));
#3772=DIRECTION('',(0.,0.707106781186461,-0.707106781186634));
#3773=DIRECTION('',(-0.707106781186493,0.,0.707106781186602));
#3774=DIRECTION('center_axis',(3.08617682296527E-16,0.707106781186634,0.707106781186461));
#3775=DIRECTION('ref_axis',(1.,0.,-4.36451311891953E-16));
#3776=DIRECTION('',(4.90653893338619E-16,-0.707106781186461,0.707106781186634));
#3777=DIRECTION('',(1.,0.,-4.36451311891953E-16));
#3778=DIRECTION('',(-1.,0.,4.36451311891953E-16));
#3779=DIRECTION('center_axis',(0.,-1.,0.));
#3780=DIRECTION('ref_axis',(-1.,0.,0.));
#3781=DIRECTION('center_axis',(0.,-1.,0.));
#3782=DIRECTION('ref_axis',(-1.,0.,0.));
#3783=DIRECTION('',(-0.707106781186539,-0.707106781186556,0.));
#3784=DIRECTION('center_axis',(0.,1.,0.));
#3785=DIRECTION('ref_axis',(-1.,0.,0.));
#3786=DIRECTION('center_axis',(-0.707106781186549,0.707106781186546,-1.51227928196692E-16));
#3787=DIRECTION('ref_axis',(-2.13868587065346E-16,0.,1.));
#3788=DIRECTION('',(2.13868587065346E-16,0.,-1.));
#3789=DIRECTION('',(-2.13868587065346E-16,0.,1.));
#3790=DIRECTION('center_axis',(0.707106781186603,0.,0.707106781186493));
#3791=DIRECTION('ref_axis',(0.707106781186493,0.,-0.707106781186603));
#3792=DIRECTION('',(-0.707106781186493,5.68143670871652E-17,0.707106781186603));
#3793=DIRECTION('',(0.,-1.,0.));
#3794=DIRECTION('center_axis',(0.707106781186548,0.707106781186548,0.));
#3795=DIRECTION('ref_axis',(0.,0.,-1.));
#3796=DIRECTION('',(-0.707106756634227,0.707106805738867,0.));
#3797=DIRECTION('',(0.,0.,1.));
#3798=DIRECTION('center_axis',(0.,-1.,0.));
#3799=DIRECTION('ref_axis',(1.,0.,0.));
#3800=DIRECTION('center_axis',(0.,-1.,0.));
#3801=DIRECTION('ref_axis',(1.,0.,0.));
#3802=DIRECTION('center_axis',(0.,0.,-1.));
#3803=DIRECTION('ref_axis',(1.,0.,0.));
#3804=DIRECTION('',(0.,-1.,0.));
#3805=DIRECTION('',(-1.,0.,0.));
#3806=DIRECTION('center_axis',(0.,1.,0.));
#3807=DIRECTION('ref_axis',(1.,0.,0.));
#3808=DIRECTION('center_axis',(0.,1.,0.));
#3809=DIRECTION('ref_axis',(1.,0.,0.));
#3810=DIRECTION('center_axis',(0.,1.,0.));
#3811=DIRECTION('ref_axis',(1.,0.,0.));
#3812=DIRECTION('',(0.707106781186548,-0.707106781186548,-8.65956056235494E-17));
#3813=DIRECTION('center_axis',(-4.36451311891953E-16,0.,-1.));
#3814=DIRECTION('ref_axis',(1.,0.,-4.36451311891953E-16));
#3815=DIRECTION('',(0.,-1.,0.));
#3816=DIRECTION('',(0.39872611141445,0.917070056253235,-1.74024534412414E-16));
#3817=DIRECTION('center_axis',(-4.36451311891953E-16,0.,-1.));
#3818=DIRECTION('ref_axis',(-1.11022302462515E-15,1.,0.));
#3819=DIRECTION('',(1.,-8.03476484723189E-17,-4.36451311891953E-16));
#3820=DIRECTION('center_axis',(-1.,0.,-2.11640789283415E-16));
#3821=DIRECTION('ref_axis',(2.11640789283415E-16,0.,-1.));
#3822=DIRECTION('',(0.,-1.,0.));
#3823=DIRECTION('',(-2.11640789283415E-16,-2.96649590360383E-17,1.));
#3824=DIRECTION('center_axis',(-1.,0.,-2.11640789283415E-16));
#3825=DIRECTION('ref_axis',(0.,-1.,2.01858731750028E-15));
#3826=DIRECTION('',(-2.11640789283415E-16,-5.35047240783208E-16,1.));
#3827=DIRECTION('center_axis',(-1.,0.,-2.11640789283415E-16));
#3828=DIRECTION('ref_axis',(0.,1.,2.01858731750028E-15));
#3829=DIRECTION('',(-2.11640789283415E-16,-2.96649590360383E-17,1.));
#3830=DIRECTION('center_axis',(-1.,0.,-2.11640789283415E-16));
#3831=DIRECTION('ref_axis',(0.,-1.,0.));
#3832=DIRECTION('',(-2.11640789283415E-16,-1.53770502025645E-16,1.));
#3833=DIRECTION('center_axis',(-1.,0.,-2.11640789283415E-16));
#3834=DIRECTION('ref_axis',(0.,1.,0.));
#3835=DIRECTION('',(-2.11640789283415E-16,-2.96649590360383E-17,1.));
#3836=DIRECTION('center_axis',(-1.,0.,-2.11640789283415E-16));
#3837=DIRECTION('ref_axis',(0.,-1.,0.));
#3838=DIRECTION('',(-2.11640789283415E-16,-2.56284170042742E-16,1.));
#3839=DIRECTION('center_axis',(-1.,0.,-2.11640789283415E-16));
#3840=DIRECTION('ref_axis',(0.,1.,0.));
#3841=DIRECTION('',(-2.11640789283415E-16,-2.96649590360383E-17,1.));
#3842=DIRECTION('center_axis',(1.,0.,2.13868587065346E-16));
#3843=DIRECTION('ref_axis',(-2.13868587065346E-16,0.,1.));
#3844=DIRECTION('',(-2.13868587065346E-16,-2.96649590360383E-17,1.));
#3845=DIRECTION('center_axis',(1.,0.,2.13868587065346E-16));
#3846=DIRECTION('ref_axis',(0.,1.,-1.77635683940029E-14));
#3847=DIRECTION('',(-8.52749900742676E-17,-0.917070056253236,0.398726111414448));
#3848=DIRECTION('',(0.,-1.,0.));
#3849=DIRECTION('center_axis',(-3.30748259793121E-16,0.,-1.));
#3850=DIRECTION('ref_axis',(1.,0.,-3.30748259793121E-16));
#3851=DIRECTION('',(0.,-1.,0.));
#3852=DIRECTION('',(-1.,8.03476484723189E-17,3.30748259793121E-16));
#3853=DIRECTION('',(0.,-1.,0.));
#3854=DIRECTION('center_axis',(-1.,0.,0.));
#3855=DIRECTION('ref_axis',(0.,0.,-1.));
#3856=DIRECTION('',(0.,0.,1.));
#3857=DIRECTION('center_axis',(1.,0.,0.));
#3858=DIRECTION('ref_axis',(0.,0.,1.));
#3859=DIRECTION('',(0.,0.,-1.));
#3860=DIRECTION('',(0.,-1.,0.));
#3861=DIRECTION('center_axis',(0.,0.,1.));
#3862=DIRECTION('ref_axis',(-1.,0.,0.));
#3863=DIRECTION('',(0.,-1.,0.));
#3864=DIRECTION('',(1.,0.,0.));
#3865=DIRECTION('center_axis',(0.,-1.,0.));
#3866=DIRECTION('ref_axis',(1.,0.,0.));
#3867=DIRECTION('center_axis',(0.,-1.,-1.53770502025645E-16));
#3868=DIRECTION('ref_axis',(0.,1.53770502025645E-16,-1.));
#3869=DIRECTION('',(1.,0.,0.));
#3870=DIRECTION('',(2.13868587065346E-16,1.53770502025645E-16,-1.));
#3871=DIRECTION('',(1.,0.,0.));
#3872=DIRECTION('center_axis',(1.,0.,0.));
#3873=DIRECTION('ref_axis',(0.,1.,0.));
#3874=DIRECTION('',(-1.,0.,0.));
#3875=DIRECTION('center_axis',(-1.,0.,-2.85158116087128E-16));
#3876=DIRECTION('ref_axis',(0.,1.,0.));
#3877=DIRECTION('',(1.,0.,0.));
#3878=DIRECTION('center_axis',(1.,0.,0.));
#3879=DIRECTION('ref_axis',(0.,-1.,0.));
#3880=DIRECTION('',(1.,0.,0.));
#3881=DIRECTION('center_axis',(1.,0.,2.13868587065346E-16));
#3882=DIRECTION('ref_axis',(0.,-1.,0.));
#3883=DIRECTION('center_axis',(0.,1.,2.96649590360383E-17));
#3884=DIRECTION('ref_axis',(0.,-2.96649590360383E-17,1.));
#3885=DIRECTION('',(1.,0.,0.));
#3886=DIRECTION('',(2.85158116087128E-16,2.96649590360383E-17,-1.));
#3887=DIRECTION('center_axis',(0.,1.,2.96649590360383E-17));
#3888=DIRECTION('ref_axis',(0.,-2.96649590360383E-17,1.));
#3889=DIRECTION('',(-1.,0.,0.));
#3890=DIRECTION('',(-2.13868587065346E-16,-2.96649590360383E-17,1.));
#3891=DIRECTION('center_axis',(1.,0.,0.));
#3892=DIRECTION('ref_axis',(0.,-1.,0.));
#3893=DIRECTION('',(-1.,0.,0.));
#3894=DIRECTION('center_axis',(-1.,0.,-2.85158116087128E-16));
#3895=DIRECTION('ref_axis',(0.,-1.,0.));
#3896=DIRECTION('center_axis',(0.,0.,1.));
#3897=DIRECTION('ref_axis',(-1.11022302462515E-15,1.,0.));
#3898=DIRECTION('',(0.,0.,-1.));
#3899=DIRECTION('center_axis',(-4.36451311891953E-16,0.,-1.));
#3900=DIRECTION('ref_axis',(-1.11022302462515E-15,1.,0.));
#3901=DIRECTION('',(0.,0.,-1.));
#3902=DIRECTION('center_axis',(1.,0.,0.));
#3903=DIRECTION('ref_axis',(0.,1.,2.01858731750028E-15));
#3904=DIRECTION('',(-1.,0.,0.));
#3905=DIRECTION('center_axis',(1.,0.,2.13868587065346E-16));
#3906=DIRECTION('ref_axis',(0.,1.,2.01858731750028E-15));
#3907=DIRECTION('center_axis',(0.,-1.,-2.56284170042742E-16));
#3908=DIRECTION('ref_axis',(8.20109344136773E-16,2.56284170042742E-16,-1.));
#3909=DIRECTION('',(1.,0.,0.));
#3910=DIRECTION('',(-2.85158116087128E-16,-2.56284170042742E-16,1.));
#3911=DIRECTION('center_axis',(-0.917070056253235,0.39872611141445,0.));
#3912=DIRECTION('ref_axis',(-0.39872611141445,-0.917070056253235,0.));
#3913=DIRECTION('',(0.293863549692115,0.675886164291864,0.675886164291873));
#3914=DIRECTION('',(0.39872611141445,0.917070056253235,-1.74024534412414E-16));
#3915=DIRECTION('center_axis',(0.,-1.,-5.35047240783208E-16));
#3916=DIRECTION('ref_axis',(0.,5.35047240783208E-16,-1.));
#3917=DIRECTION('',(1.,0.,0.));
#3918=DIRECTION('',(2.13868587065346E-16,5.35047240783208E-16,-1.));
#3919=DIRECTION('center_axis',(1.,0.,0.));
#3920=DIRECTION('ref_axis',(0.,1.,0.));
#3921=DIRECTION('',(-1.,0.,0.));
#3922=DIRECTION('center_axis',(-1.,0.,-2.85158116087128E-16));
#3923=DIRECTION('ref_axis',(0.,1.,0.));
#3924=DIRECTION('center_axis',(1.,0.,0.));
#3925=DIRECTION('ref_axis',(0.,-1.,2.01858731750028E-15));
#3926=DIRECTION('',(1.,0.,0.));
#3927=DIRECTION('center_axis',(1.,0.,2.13868587065346E-16));
#3928=DIRECTION('ref_axis',(0.,-1.,2.01858731750028E-15));
#3929=DIRECTION('center_axis',(0.,1.,2.96649590360383E-17));
#3930=DIRECTION('ref_axis',(0.,-2.96649590360383E-17,1.));
#3931=DIRECTION('',(-1.,0.,0.));
#3932=DIRECTION('',(2.85158116087128E-16,2.96649590360383E-17,-1.));
#3933=DIRECTION('center_axis',(0.,1.,2.96649590360383E-17));
#3934=DIRECTION('ref_axis',(0.,-2.96649590360383E-17,1.));
#3935=DIRECTION('',(-1.,0.,0.));
#3936=DIRECTION('',(-2.13868587065346E-16,-2.96649590360383E-17,1.));
#3937=DIRECTION('center_axis',(1.,0.,0.));
#3938=DIRECTION('ref_axis',(0.,1.,-1.77635683940029E-14));
#3939=DIRECTION('',(-1.,0.,0.));
#3940=DIRECTION('center_axis',(-1.,0.,-2.85158116087128E-16));
#3941=DIRECTION('ref_axis',(0.,1.,-1.77635683940029E-14));
#3942=DIRECTION('center_axis',(1.,0.,0.));
#3943=DIRECTION('ref_axis',(0.,0.39872611141445,-0.917070056253235));
#3944=DIRECTION('',(1.,0.,0.));
#3945=DIRECTION('center_axis',(1.,0.,2.13868587065346E-16));
#3946=DIRECTION('ref_axis',(0.,0.39872611141445,-0.917070056253235));
#3947=DIRECTION('center_axis',(0.,0.398726111414448,0.917070056253236));
#3948=DIRECTION('ref_axis',(0.,-0.917070056253236,0.398726111414448));
#3949=DIRECTION('',(0.675886164291874,0.675886164291865,-0.293863549692113));
#3950=DIRECTION('',(1.1369998676569E-16,0.917070056253236,-0.398726111414448));
#3951=DIRECTION('center_axis',(0.,0.39872611141445,-0.917070056253235));
#3952=DIRECTION('ref_axis',(0.,0.917070056253235,0.39872611141445));
#3953=DIRECTION('',(-0.675886164291869,0.675886164291868,0.293863549692116));
#3954=DIRECTION('',(-8.5274990074268E-17,0.917070056253235,0.39872611141445));
#3955=DIRECTION('center_axis',(-0.917070056253235,0.39872611141445,0.));
#3956=DIRECTION('ref_axis',(-0.39872611141445,-0.917070056253235,0.));
#3957=DIRECTION('',(0.,0.,-1.));
#3958=DIRECTION('',(-0.39872611141445,-0.917070056253235,1.3051840080931E-16));
#3959=DIRECTION('',(-0.293863549692118,-0.67588616429187,0.675886164291866));
#3960=DIRECTION('center_axis',(0.,0.,1.));
#3961=DIRECTION('ref_axis',(-1.11022302462515E-15,1.,0.));
#3962=DIRECTION('',(0.,0.,-1.));
#3963=DIRECTION('center_axis',(3.27338483918965E-16,0.,1.));
#3964=DIRECTION('ref_axis',(-1.11022302462515E-15,1.,0.));
#3965=DIRECTION('center_axis',(8.03476484723189E-17,1.,0.));
#3966=DIRECTION('ref_axis',(-1.,8.03476484723189E-17,0.));
#3967=DIRECTION('',(0.,0.,-1.));
#3968=DIRECTION('',(-1.,8.03476484723189E-17,3.27338483918965E-16));
#3969=DIRECTION('center_axis',(1.,0.,0.));
#3970=DIRECTION('ref_axis',(0.,1.,2.01858731750028E-15));
#3971=DIRECTION('',(-1.,0.,0.));
#3972=DIRECTION('center_axis',(-1.,0.,-2.85158116087128E-16));
#3973=DIRECTION('ref_axis',(0.,1.,2.01858731750028E-15));
#3974=DIRECTION('',(-1.,0.,0.));
#3975=DIRECTION('center_axis',(1.,0.,0.));
#3976=DIRECTION('ref_axis',(0.,-1.,2.01858731750028E-15));
#3977=DIRECTION('',(1.,0.,0.));
#3978=DIRECTION('center_axis',(-1.,0.,-2.85158116087128E-16));
#3979=DIRECTION('ref_axis',(0.,-1.,2.01858731750028E-15));
#3980=DIRECTION('',(1.,0.,0.));
#3981=DIRECTION('center_axis',(0.,-1.,-5.35047240783208E-16));
#3982=DIRECTION('ref_axis',(0.,5.35047240783208E-16,-1.));
#3983=DIRECTION('',(-2.85158116087128E-16,-5.35047240783208E-16,1.));
#3984=DIRECTION('center_axis',(1.,0.,0.));
#3985=DIRECTION('ref_axis',(0.,1.,0.));
#3986=DIRECTION('center_axis',(1.,0.,2.13868587065346E-16));
#3987=DIRECTION('ref_axis',(0.,1.,0.));
#3988=DIRECTION('',(-1.,0.,0.));
#3989=DIRECTION('center_axis',(1.,0.,0.));
#3990=DIRECTION('ref_axis',(0.,-1.,0.));
#3991=DIRECTION('',(1.,0.,0.));
#3992=DIRECTION('center_axis',(-1.,0.,-2.85158116087128E-16));
#3993=DIRECTION('ref_axis',(0.,-1.,0.));
#3994=DIRECTION('',(1.,0.,0.));
#3995=DIRECTION('center_axis',(0.,-1.,-1.53770502025645E-16));
#3996=DIRECTION('ref_axis',(0.,1.53770502025645E-16,-1.));
#3997=DIRECTION('',(-2.85158116087128E-16,-1.53770502025645E-16,1.));
#3998=DIRECTION('center_axis',(1.,0.,0.));
#3999=DIRECTION('ref_axis',(0.,-1.,0.));
#4000=DIRECTION('',(1.,0.,0.));
#4001=DIRECTION('center_axis',(1.,0.,2.13868587065346E-16));
#4002=DIRECTION('ref_axis',(0.,-1.,0.));
#4003=DIRECTION('',(-1.,0.,0.));
#4004=DIRECTION('center_axis',(1.,0.,0.));
#4005=DIRECTION('ref_axis',(0.,1.,0.));
#4006=DIRECTION('',(1.,0.,0.));
#4007=DIRECTION('center_axis',(1.,0.,2.13868587065346E-16));
#4008=DIRECTION('ref_axis',(0.,1.,0.));
#4009=DIRECTION('',(-1.,0.,0.));
#4010=DIRECTION('center_axis',(0.,-1.,-2.56284170042742E-16));
#4011=DIRECTION('ref_axis',(8.20109344136773E-16,2.56284170042742E-16,-1.));
#4012=DIRECTION('',(2.13868587065346E-16,2.56284170042742E-16,-1.));
#4013=DIRECTION('center_axis',(0.,1.,2.96649590360383E-17));
#4014=DIRECTION('ref_axis',(0.,-2.96649590360383E-17,1.));
#4015=DIRECTION('',(2.85158116087128E-16,2.96649590360383E-17,-1.));
#4016=DIRECTION('',(-1.,0.,0.));
#4017=DIRECTION('center_axis',(0.,1.,2.96649590360383E-17));
#4018=DIRECTION('ref_axis',(0.,-2.96649590360383E-17,1.));
#4019=DIRECTION('',(2.85158116087128E-16,2.96649590360383E-17,-1.));
#4020=DIRECTION('center_axis',(0.,1.,2.96649590360383E-17));
#4021=DIRECTION('ref_axis',(0.,-2.96649590360383E-17,1.));
#4022=DIRECTION('',(-2.13868587065346E-16,-2.96649590360383E-17,1.));
#4023=DIRECTION('',(-1.,0.,0.));
#4024=DIRECTION('center_axis',(0.,1.,2.96649590360383E-17));
#4025=DIRECTION('ref_axis',(0.,-2.96649590360383E-17,1.));
#4026=DIRECTION('',(-2.13868587065346E-16,-2.96649590360383E-17,1.));
#4027=DIRECTION('center_axis',(-1.,0.,-2.13868587065346E-16));
#4028=DIRECTION('ref_axis',(-2.13868587065346E-16,0.,1.));
#4029=DIRECTION('',(2.13868587065346E-16,0.,-1.));
#4030=DIRECTION('',(-8.52749900742676E-17,-0.917070056253236,0.398726111414448));
#4031=DIRECTION('center_axis',(1.,0.,2.13868587065346E-16));
#4032=DIRECTION('ref_axis',(0.,1.,-1.77635683940029E-14));
#4033=DIRECTION('center_axis',(0.,-1.,0.));
#4034=DIRECTION('ref_axis',(-1.,0.,0.));
#4035=DIRECTION('center_axis',(0.,0.39872611141445,-0.917070056253235));
#4036=DIRECTION('ref_axis',(0.,0.917070056253235,0.39872611141445));
#4037=DIRECTION('',(-1.,0.,0.));
#4038=DIRECTION('',(1.13699986765691E-16,-0.917070056253235,-0.39872611141445));
#4039=DIRECTION('',(-0.675886164291873,-0.675886164291864,-0.293863549692115));
#4040=DIRECTION('center_axis',(1.,0.,0.));
#4041=DIRECTION('ref_axis',(0.,0.39872611141445,-0.917070056253235));
#4042=DIRECTION('center_axis',(-1.,0.,-2.85158116087128E-16));
#4043=DIRECTION('ref_axis',(0.,0.39872611141445,-0.917070056253235));
#4044=DIRECTION('center_axis',(1.,0.,2.85158116087128E-16));
#4045=DIRECTION('ref_axis',(2.85158116087128E-16,0.,-1.));
#4046=DIRECTION('',(-2.85158116087128E-16,0.,1.));
#4047=DIRECTION('center_axis',(0.707106781186543,-0.707106781186552,2.01637237595587E-16));
#4048=DIRECTION('ref_axis',(2.85158116087128E-16,0.,-1.));
#4049=DIRECTION('center_axis',(-0.707106781186547,-0.707106781186548,-1.51227928196691E-16));
#4050=DIRECTION('ref_axis',(-2.13868587065346E-16,0.,1.));
#4051=DIRECTION('',(0.675886164291869,-0.675886164291868,0.293863549692115));
#4052=DIRECTION('center_axis',(1.,0.,0.));
#4053=DIRECTION('ref_axis',(0.,1.,-1.77635683940029E-14));
#4054=DIRECTION('',(-1.,0.,0.));
#4055=DIRECTION('center_axis',(0.,0.398726111414448,0.917070056253236));
#4056=DIRECTION('ref_axis',(0.,-0.917070056253236,0.398726111414448));
#4057=DIRECTION('center_axis',(8.03476484723189E-17,1.,0.));
#4058=DIRECTION('ref_axis',(-1.,8.03476484723189E-17,0.));
#4059=DIRECTION('',(1.,-8.03476484723189E-17,-4.36451311891953E-16));
#4060=DIRECTION('',(0.,0.,-1.));
#4061=DIRECTION('center_axis',(0.917070056253235,0.39872611141445,0.));
#4062=DIRECTION('ref_axis',(-0.39872611141445,0.917070056253235,0.));
#4063=DIRECTION('',(0.,0.,-1.));
#4064=DIRECTION('',(0.39872611141445,-0.917070056253235,-1.74024534412414E-16));
#4065=DIRECTION('',(0.293863549692115,-0.675886164291864,-0.675886164291873));
#4066=DIRECTION('center_axis',(0.,0.,1.));
#4067=DIRECTION('ref_axis',(0.917070056253231,0.39872611141446,0.));
#4068=DIRECTION('center_axis',(-4.36451311891953E-16,0.,-1.));
#4069=DIRECTION('ref_axis',(0.917070056253231,0.39872611141446,0.));
#4070=DIRECTION('center_axis',(4.36451311891953E-16,0.,1.));
#4071=DIRECTION('ref_axis',(1.,0.,-4.36451311891953E-16));
#4072=DIRECTION('',(-1.,0.,4.36451311891953E-16));
#4073=DIRECTION('center_axis',(3.08617682296563E-16,-0.707106781186552,
0.707106781186543));
#4074=DIRECTION('ref_axis',(1.,0.,-4.36451311891953E-16));
#4075=DIRECTION('center_axis',(-2.31463261722425E-16,-0.707106781186545,
-0.70710678118655));
#4076=DIRECTION('ref_axis',(-1.,0.,3.27338483918965E-16));
#4077=DIRECTION('',(1.,0.,-3.27338483918965E-16));
#4078=DIRECTION('',(-0.293863549692118,0.67588616429187,-0.675886164291866));
#4079=DIRECTION('center_axis',(-3.27338483918965E-16,0.,-1.));
#4080=DIRECTION('ref_axis',(-1.,0.,3.27338483918965E-16));
#4081=DIRECTION('center_axis',(3.27338483918965E-16,0.,1.));
#4082=DIRECTION('ref_axis',(0.917070056253231,0.39872611141446,0.));
#4083=DIRECTION('',(-0.39872611141445,0.917070056253235,1.3051840080931E-16));
#4084=DIRECTION('center_axis',(0.,0.,1.));
#4085=DIRECTION('ref_axis',(0.917070056253231,0.39872611141446,0.));
#4086=DIRECTION('',(0.,0.,-1.));
#4087=DIRECTION('center_axis',(0.917070056253235,0.39872611141445,0.));
#4088=DIRECTION('ref_axis',(-0.39872611141445,0.917070056253235,0.));
#4089=CARTESIAN_POINT('',(0.,0.,0.));
#4090=CARTESIAN_POINT('Origin',(7.5,-6.2,30.096875));
#4091=CARTESIAN_POINT('',(7.,-6.2,-2.1));
#4092=CARTESIAN_POINT('',(7.,-6.2,2.49999999999999));
#4093=CARTESIAN_POINT('',(7.,-6.2,30.096875));
#4094=CARTESIAN_POINT('',(7.5,-6.7,2.49999999999999));
#4095=CARTESIAN_POINT('Origin',(7.5,-6.2,2.49999999999999));
#4096=CARTESIAN_POINT('',(7.5,-6.7,-1.60000000000001));
#4097=CARTESIAN_POINT('',(7.5,-6.7,30.096875));
#4098=CARTESIAN_POINT('Origin',(7.5,-6.2,-1.60000000000001));
#4099=CARTESIAN_POINT('Origin',(20.35,-6.2,-1.60000000000001));
#4100=CARTESIAN_POINT('',(73.9,-6.7,-1.60000000000003));
#4101=CARTESIAN_POINT('',(20.35,-6.7,-1.60000000000001));
#4102=CARTESIAN_POINT('',(74.4,-6.2,-2.1));
#4103=CARTESIAN_POINT('Origin',(73.9,-6.2,-1.60000000000003));
#4104=CARTESIAN_POINT('',(20.35,-6.2,-2.10000000000001));
#4105=CARTESIAN_POINT('Origin',(62.1,-6.2,7.49999999999999));
#4106=CARTESIAN_POINT('',(83.5,-6.2,6.99999999999999));
#4107=CARTESIAN_POINT('',(78.9,-6.2,6.99999999999999));
#4108=CARTESIAN_POINT('',(62.1,-6.2,6.99999999999999));
#4109=CARTESIAN_POINT('',(78.9,-6.7,7.49999999999999));
#4110=CARTESIAN_POINT('Origin',(78.9,-6.2,7.49999999999999));
#4111=CARTESIAN_POINT('',(83.,-6.7,7.49999999999999));
#4112=CARTESIAN_POINT('',(62.1,-6.7,7.49999999999999));
#4113=CARTESIAN_POINT('Origin',(83.,-6.2,7.49999999999999));
#4114=CARTESIAN_POINT('Origin',(83.,-6.2,31.146875));
#4115=CARTESIAN_POINT('',(83.,-6.7,117.088));
#4116=CARTESIAN_POINT('',(83.,-6.7,31.146875));
#4117=CARTESIAN_POINT('',(83.5,-6.2,117.588));
#4118=CARTESIAN_POINT('Origin',(83.,-6.2,117.088));
#4119=CARTESIAN_POINT('',(83.5,-6.2,31.146875));
#4120=CARTESIAN_POINT('Origin',(73.9,-6.2,94.490625));
#4121=CARTESIAN_POINT('',(74.4,-6.2,126.6875));
#4122=CARTESIAN_POINT('',(74.4,-6.2,122.088));
#4123=CARTESIAN_POINT('',(74.4,-6.2,94.490625));
#4124=CARTESIAN_POINT('',(73.9,-6.7,122.088));
#4125=CARTESIAN_POINT('Origin',(73.9,-6.2,122.088));
#4126=CARTESIAN_POINT('',(73.9,-6.7,126.1875));
#4127=CARTESIAN_POINT('',(73.9,-6.7,94.490625));
#4128=CARTESIAN_POINT('Origin',(73.9,-6.2,126.1875));
#4129=CARTESIAN_POINT('Origin',(61.05,-6.2,126.1875));
#4130=CARTESIAN_POINT('',(7.5,-6.7,126.1875));
#4131=CARTESIAN_POINT('',(61.05,-6.7,126.1875));
#4132=CARTESIAN_POINT('',(7.,-6.2,126.6875));
#4133=CARTESIAN_POINT('Origin',(7.5,-6.2,126.1875));
#4134=CARTESIAN_POINT('',(61.05,-6.2,126.6875));
#4135=CARTESIAN_POINT('Origin',(2.5,-6.2,122.088));
#4136=CARTESIAN_POINT('',(2.5,-6.2,117.588));
#4137=CARTESIAN_POINT('',(6.99999998611111,-6.2,122.087500000002));
#4138=CARTESIAN_POINT('Origin',(2.5,-6.2,122.088));
#4139=CARTESIAN_POINT('',(7.4999999691358,-6.7,122.087444444449));
#4140=CARTESIAN_POINT('Origin',(7.4999999691358,-6.2,122.087444444449));
#4141=CARTESIAN_POINT('',(3.,-6.7,117.113062814467));
#4142=CARTESIAN_POINT('Origin',(2.5,-6.7,122.088));
#4143=CARTESIAN_POINT('Ctrl Pts',(3.,-6.7,117.113062814467));
#4144=CARTESIAN_POINT('Ctrl Pts',(2.99895001437872,-6.7,117.114012562196));
#4145=CARTESIAN_POINT('Ctrl Pts',(2.99790016207918,-6.69999669259071,117.114962461304));
#4146=CARTESIAN_POINT('Ctrl Pts',(2.95079329475776,-6.69969995665369,117.157596647219));
#4147=CARTESIAN_POINT('Ctrl Pts',(2.9048492900207,-6.69304681291036,117.199712847101));
#4148=CARTESIAN_POINT('Ctrl Pts',(2.81687015860157,-6.66745363533249,117.281394115322));
#4149=CARTESIAN_POINT('Ctrl Pts',(2.77438976150378,-6.64869166046908,117.321349822825));
#4150=CARTESIAN_POINT('Ctrl Pts',(2.6837496924,-6.59187201087721,117.407607556143));
#4151=CARTESIAN_POINT('Ctrl Pts',(2.63633267610124,-6.54946725817517,117.453513257993));
#4152=CARTESIAN_POINT('Ctrl Pts',(2.56829793887812,-6.45691066132765,117.520125404713));
#4153=CARTESIAN_POINT('Ctrl Pts',(2.5438683685181,-6.41166789432967,117.544311137534));
#4154=CARTESIAN_POINT('Ctrl Pts',(2.51214294691915,-6.31841802878908,117.575850359424));
#4155=CARTESIAN_POINT('Ctrl Pts',(2.50311523062689,-6.27301289284398,117.584885183988));
#4156=CARTESIAN_POINT('Ctrl Pts',(2.50022249733008,-6.21724910214745,117.58777748579));
#4157=CARTESIAN_POINT('Ctrl Pts',(2.5,-6.20861236783815,117.588));
#4158=CARTESIAN_POINT('Ctrl Pts',(2.5,-6.2,117.588));
#4159=CARTESIAN_POINT('Origin',(7.5,-6.2,92.1906250000012));
#4160=CARTESIAN_POINT('',(7.5,-6.7,92.1906250000012));
#4161=CARTESIAN_POINT('',(7.,-6.2,92.1906250000012));
#4162=CARTESIAN_POINT('Origin',(78.9,-6.2,122.088));
#4163=CARTESIAN_POINT('',(78.9,-6.2,117.588));
#4164=CARTESIAN_POINT('',(78.9,-6.7,117.088));
#4165=CARTESIAN_POINT('Origin',(78.9,-6.2,117.088));
#4166=CARTESIAN_POINT('Origin',(78.9,-6.7,122.088));
#4167=CARTESIAN_POINT('Origin',(78.9,-6.2,122.088));
#4168=CARTESIAN_POINT('Origin',(59.8,-6.2,117.088));
#4169=CARTESIAN_POINT('',(59.8,-6.7,117.088));
#4170=CARTESIAN_POINT('',(59.8,-6.2,117.588));
#4171=CARTESIAN_POINT('Origin',(3.,-6.2,89.940625));
#4172=CARTESIAN_POINT('',(3.,-6.7,117.0875));
#4173=CARTESIAN_POINT('',(3.,-6.7,89.940625));
#4174=CARTESIAN_POINT('Origin',(3.,-6.2,117.0875));
#4175=CARTESIAN_POINT('Origin',(19.3,-6.2,117.0875));
#4176=CARTESIAN_POINT('',(-2.10000000000003,-6.2,117.5875));
#4177=CARTESIAN_POINT('',(19.3,-6.2,117.5875));
#4178=CARTESIAN_POINT('',(-1.60000000000003,-6.7,117.0875));
#4179=CARTESIAN_POINT('',(19.3,-6.7,117.0875));
#4180=CARTESIAN_POINT('Origin',(-1.60000000000003,-6.2,117.0875));
#4181=CARTESIAN_POINT('Origin',(78.9,-6.2,2.49999999999999));
#4182=CARTESIAN_POINT('',(74.4,-6.2,2.49999999999999));
#4183=CARTESIAN_POINT('',(73.9,-6.7,2.49999999999999));
#4184=CARTESIAN_POINT('Origin',(73.9,-6.2,2.49999999999999));
#4185=CARTESIAN_POINT('Origin',(78.9,-6.7,2.49999999999999));
#4186=CARTESIAN_POINT('Origin',(78.9,-6.2,2.49999999999999));
#4187=CARTESIAN_POINT('Origin',(73.9,-6.2,32.396875));
#4188=CARTESIAN_POINT('',(73.9,-6.7,32.396875));
#4189=CARTESIAN_POINT('',(74.4,-6.2,32.396875));
#4190=CARTESIAN_POINT('Origin',(-1.60000000000002,-6.2,93.440625));
#4191=CARTESIAN_POINT('',(-2.10000000000003,-6.2,6.99999999999999));
#4192=CARTESIAN_POINT('',(-2.10000000000002,-6.2,93.440625));
#4193=CARTESIAN_POINT('',(-1.60000000000001,-6.7,7.49999999999999));
#4194=CARTESIAN_POINT('',(-1.60000000000002,-6.7,93.440625));
#4195=CARTESIAN_POINT('Origin',(-1.60000000000001,-6.2,7.49999999999998));
#4196=CARTESIAN_POINT('Origin',(2.5,-6.2,2.49999999999999));
#4197=CARTESIAN_POINT('',(2.5,-6.2,6.99999999999999));
#4198=CARTESIAN_POINT('',(2.5,-6.7,7.49999999999999));
#4199=CARTESIAN_POINT('Origin',(2.5,-6.2,7.49999999999999));
#4200=CARTESIAN_POINT('Origin',(2.5,-6.7,2.49999999999999));
#4201=CARTESIAN_POINT('Origin',(2.5,-6.2,2.49999999999999));
#4202=CARTESIAN_POINT('Origin',(21.6,-6.2,7.49999999999999));
#4203=CARTESIAN_POINT('',(21.6,-6.7,7.49999999999999));
#4204=CARTESIAN_POINT('',(21.6,-6.2,6.99999999999999));
#4205=CARTESIAN_POINT('Origin',(78.9,-1.5,2.49999999999999));
#4206=CARTESIAN_POINT('',(78.9,-1.7,6.99999999999999));
#4207=CARTESIAN_POINT('',(78.9,-1.5,6.99999999999999));
#4208=CARTESIAN_POINT('',(74.4,-1.7,2.49999999999999));
#4209=CARTESIAN_POINT('Origin',(78.9,-1.7,2.49999999999999));
#4210=CARTESIAN_POINT('',(74.4,-1.5,2.49999999999999));
#4211=CARTESIAN_POINT('Origin',(83.5,-1.5,6.99999999999999));
#4212=CARTESIAN_POINT('',(83.5,-3.6,6.99999999999999));
#4213=CARTESIAN_POINT('',(83.5,-1.5,6.99999999999999));
#4214=CARTESIAN_POINT('',(83.3,-3.6,6.99999999999999));
#4215=CARTESIAN_POINT('',(41.75,-3.6,6.99999999999999));
#4216=CARTESIAN_POINT('',(83.3,-1.7,6.99999999999999));
#4217=CARTESIAN_POINT('',(83.3,-0.75,6.99999999999999));
#4218=CARTESIAN_POINT('',(81.225,-1.7,6.99999999999999));
#4219=CARTESIAN_POINT('Origin',(83.5,0.,0.));
#4220=CARTESIAN_POINT('',(83.5,-3.6,117.588));
#4221=CARTESIAN_POINT('',(83.5,-1.5,117.588));
#4222=CARTESIAN_POINT('',(83.5,-3.6,117.462048571345));
#4223=CARTESIAN_POINT('',(83.5,-3.6,3.07782331321673));
#4224=CARTESIAN_POINT('',(83.5,-6.10999688377394,115.11750149415));
#4225=CARTESIAN_POINT('Origin',(83.5,-3.75999688377394,115.11750149415));
#4226=CARTESIAN_POINT('',(83.5,-6.10999688377394,93.4575014941501));
#4227=CARTESIAN_POINT('',(83.5,-6.10999688377393,57.5587507470751));
#4228=CARTESIAN_POINT('',(83.5,-3.6,91.1129544169553));
#4229=CARTESIAN_POINT('Origin',(83.5,-3.75999688377394,93.4575014941501));
#4230=CARTESIAN_POINT('',(83.5,-3.6,77.8495485713448));
#4231=CARTESIAN_POINT('',(83.5,-3.6,3.07782331321673));
#4232=CARTESIAN_POINT('',(83.5,-6.10999688377394,75.50500149415));
#4233=CARTESIAN_POINT('Origin',(83.5,-3.75999688377394,75.50500149415));
#4234=CARTESIAN_POINT('',(83.5,-6.10999688377393,53.84500149415));
#4235=CARTESIAN_POINT('',(83.5,-6.10999688377393,37.752500747075));
#4236=CARTESIAN_POINT('',(83.5,-3.6,51.5004544169552));
#4237=CARTESIAN_POINT('Origin',(83.5,-3.75999688377393,53.84500149415));
#4238=CARTESIAN_POINT('',(83.5,-3.6,28.2999787809225));
#4239=CARTESIAN_POINT('',(83.5,-3.6,3.07782331321673));
#4240=CARTESIAN_POINT('',(83.5,-5.80999688377394,26.10000149415));
#4241=CARTESIAN_POINT('Origin',(83.5,-3.60999688377394,26.10000149415));
#4242=CARTESIAN_POINT('',(83.5,-5.80999688377393,9.50000149415002));
#4243=CARTESIAN_POINT('',(83.5,-5.80999688377393,13.050000747075));
#4244=CARTESIAN_POINT('',(83.5,-3.6,7.30002420737753));
#4245=CARTESIAN_POINT('Origin',(83.5,-3.60999688377393,9.50000149415001));
#4246=CARTESIAN_POINT('',(83.5,-3.6,3.07782331321673));
#4247=CARTESIAN_POINT('Origin',(78.9,-1.5,117.588));
#4248=CARTESIAN_POINT('',(78.9,-1.7,117.588));
#4249=CARTESIAN_POINT('',(78.9,-1.5,117.588));
#4250=CARTESIAN_POINT('',(83.3,-1.7,117.588));
#4251=CARTESIAN_POINT('',(78.925,-1.7,117.588));
#4252=CARTESIAN_POINT('',(83.3,-3.6,117.588));
#4253=CARTESIAN_POINT('',(83.3,-0.75,117.588));
#4254=CARTESIAN_POINT('',(39.45,-3.6,117.588));
#4255=CARTESIAN_POINT('Origin',(78.9,-1.5,122.088));
#4256=CARTESIAN_POINT('',(74.4,-1.7,122.088));
#4257=CARTESIAN_POINT('',(74.4,-1.5,122.088));
#4258=CARTESIAN_POINT('Origin',(78.9,-1.7,122.088));
#4259=CARTESIAN_POINT('Origin',(74.4,-1.5,126.6875));
#4260=CARTESIAN_POINT('',(74.4,-3.6,126.6875));
#4261=CARTESIAN_POINT('',(74.4,-1.5,126.6875));
#4262=CARTESIAN_POINT('',(74.4,-3.60000000000001,126.4875));
#4263=CARTESIAN_POINT('',(74.4,-3.60000000000001,127.4875));
#4264=CARTESIAN_POINT('',(74.4,-1.7,126.4875));
#4265=CARTESIAN_POINT('',(74.4,-0.75,126.4875));
#4266=CARTESIAN_POINT('',(74.4,-1.7,124.412625));
#4267=CARTESIAN_POINT('Origin',(81.4,0.,126.6875));
#4268=CARTESIAN_POINT('',(7.,-3.6,126.6875));
#4269=CARTESIAN_POINT('',(7.,-1.5,126.6875));
#4270=CARTESIAN_POINT('',(78.3221766867833,-3.60000000000001,126.6875));
#4271=CARTESIAN_POINT('Origin',(7.,-1.5,122.087500000002));
#4272=CARTESIAN_POINT('',(6.99999998611111,-1.7,122.087500000002));
#4273=CARTESIAN_POINT('',(6.99999998611111,-1.5,122.087500000002));
#4274=CARTESIAN_POINT('',(7.,-1.7,126.4875));
#4275=CARTESIAN_POINT('',(7.,-1.7,122.112500000001));
#4276=CARTESIAN_POINT('',(7.,-3.6,126.4875));
#4277=CARTESIAN_POINT('',(7.,-0.75,126.4875));
#4278=CARTESIAN_POINT('',(7.,-3.6,125.187500000001));
#4279=CARTESIAN_POINT('Origin',(2.5,-1.5,122.088));
#4280=CARTESIAN_POINT('',(2.5,-1.7,117.588));
#4281=CARTESIAN_POINT('',(2.5,-1.5,117.588));
#4282=CARTESIAN_POINT('Origin',(2.5,-1.7,122.088));
#4283=CARTESIAN_POINT('Origin',(40.7,-6.7,62.29375));
#4284=CARTESIAN_POINT('Origin',(2.5,-6.4,122.0875));
#4285=CARTESIAN_POINT('',(0.9,-6.3,122.0875));
#4286=CARTESIAN_POINT('Origin',(2.5,-6.3,122.0875));
#4287=CARTESIAN_POINT('',(0.7,-6.5,122.0875));
#4288=CARTESIAN_POINT('',(0.8,-6.4,122.0875));
#4289=CARTESIAN_POINT('Origin',(2.5,-6.5,122.0875));
#4290=CARTESIAN_POINT('Origin',(2.5,-6.5,122.088));
#4291=CARTESIAN_POINT('',(-0.5,-6.5,122.088));
#4292=CARTESIAN_POINT('Origin',(2.5,-6.5,122.088));
#4293=CARTESIAN_POINT('Origin',(2.5,-1.5,122.0875));
#4294=CARTESIAN_POINT('',(0.9,-1.7,122.0875));
#4295=CARTESIAN_POINT('',(0.9,-1.5,122.0875));
#4296=CARTESIAN_POINT('Origin',(2.5,-1.7,122.0875));
#4297=CARTESIAN_POINT('Origin',(2.5,-8.1,122.088));
#4298=CARTESIAN_POINT('',(-0.700000000000001,-8.2,122.088));
#4299=CARTESIAN_POINT('Origin',(2.5,-8.2,122.088));
#4300=CARTESIAN_POINT('',(-0.5,-8.,122.088));
#4301=CARTESIAN_POINT('',(-0.600000000000001,-8.1,122.088));
#4302=CARTESIAN_POINT('Origin',(2.5,-8.,122.088));
#4303=CARTESIAN_POINT('Origin',(40.7,-8.2,62.29375));
#4304=CARTESIAN_POINT('',(0.,-8.2,-2.1));
#4305=CARTESIAN_POINT('',(3.49999999999995,-8.2,-2.10000000000001));
#4306=CARTESIAN_POINT('',(61.05,-8.2,-2.10000000000002));
#4307=CARTESIAN_POINT('',(3.49999999999994,-8.2,-3.20000000000001));
#4308=CARTESIAN_POINT('',(3.49999999999995,-8.2,-2.20000000000001));
#4309=CARTESIAN_POINT('',(77.8999999999999,-8.2,-3.20000000000003));
#4310=CARTESIAN_POINT('',(61.05,-8.2,-3.20000000000003));
#4311=CARTESIAN_POINT('',(77.9,-8.2,-2.10000000000003));
#4312=CARTESIAN_POINT('',(77.8999999999999,-8.2,95.290625));
#4313=CARTESIAN_POINT('',(81.4,-8.2,-2.10000000000003));
#4314=CARTESIAN_POINT('',(61.05,-8.2,-2.10000000000002));
#4315=CARTESIAN_POINT('',(83.5,-8.2,0.));
#4316=CARTESIAN_POINT('Origin',(81.4,-8.2,0.));
#4317=CARTESIAN_POINT('',(83.5,-8.2,3.5));
#4318=CARTESIAN_POINT('',(83.5,-8.2,93.440625));
#4319=CARTESIAN_POINT('',(84.6,-8.2,3.5));
#4320=CARTESIAN_POINT('',(83.6,-8.2,3.5));
#4321=CARTESIAN_POINT('',(84.6,-8.2,121.0875));
#4322=CARTESIAN_POINT('',(84.6,-8.2,93.440625));
#4323=CARTESIAN_POINT('',(83.5,-8.2,121.0875));
#4324=CARTESIAN_POINT('',(20.35,-8.2,121.0875));
#4325=CARTESIAN_POINT('',(83.5,-8.2,124.5875));
#4326=CARTESIAN_POINT('',(83.5,-8.2,93.440625));
#4327=CARTESIAN_POINT('',(81.4,-8.2,126.6875));
#4328=CARTESIAN_POINT('Origin',(81.4,-8.2,124.5875));
#4329=CARTESIAN_POINT('',(77.8999999999999,-8.2,126.6875));
#4330=CARTESIAN_POINT('',(20.35,-8.2,126.6875));
#4331=CARTESIAN_POINT('',(77.8999999999999,-8.2,127.7875));
#4332=CARTESIAN_POINT('',(77.8999999999999,-8.2,95.290625));
#4333=CARTESIAN_POINT('',(3.49999999999995,-8.2,127.7875));
#4334=CARTESIAN_POINT('',(20.35,-8.2,127.7875));
#4335=CARTESIAN_POINT('',(3.49999999999994,-8.2,126.6875));
#4336=CARTESIAN_POINT('',(3.49999999999994,-8.2,95.290625));
#4337=CARTESIAN_POINT('',(0.,-8.2,126.6875));
#4338=CARTESIAN_POINT('',(20.35,-8.2,126.6875));
#4339=CARTESIAN_POINT('',(-2.10000000000003,-8.2,124.5875));
#4340=CARTESIAN_POINT('Origin',(0.,-8.2,124.5875));
#4341=CARTESIAN_POINT('',(-2.10000000000003,-8.2,121.0875));
#4342=CARTESIAN_POINT('',(-2.1,-8.2,31.146875));
#4343=CARTESIAN_POINT('',(-3.20000000000003,-8.2,121.0875));
#4344=CARTESIAN_POINT('',(20.35,-8.2,121.0875));
#4345=CARTESIAN_POINT('',(-3.2,-8.2,3.5));
#4346=CARTESIAN_POINT('',(-3.20000000000001,-8.2,31.146875));
#4347=CARTESIAN_POINT('',(-2.1,-8.2,3.5));
#4348=CARTESIAN_POINT('',(20.35,-8.2,3.49999999999999));
#4349=CARTESIAN_POINT('',(-2.1,-8.2,1.77635683940025E-14));
#4350=CARTESIAN_POINT('',(-2.1,-8.2,31.146875));
#4351=CARTESIAN_POINT('Origin',(0.,-8.2,0.));
#4352=CARTESIAN_POINT('',(75.7,-8.2,122.088));
#4353=CARTESIAN_POINT('Origin',(78.9,-8.2,122.088));
#4354=CARTESIAN_POINT('',(-0.700000000000001,-8.2,2.49999999999999));
#4355=CARTESIAN_POINT('Origin',(2.5,-8.2,2.49999999999999));
#4356=CARTESIAN_POINT('',(75.7,-8.2,2.49999999999999));
#4357=CARTESIAN_POINT('Origin',(78.9,-8.2,2.49999999999999));
#4358=CARTESIAN_POINT('Origin',(2.5,-8.2,122.088));
#4359=CARTESIAN_POINT('',(-0.5,-8.2,122.088));
#4360=CARTESIAN_POINT('Origin',(78.9,-6.4,122.0875));
#4361=CARTESIAN_POINT('',(77.3,-6.3,122.0875));
#4362=CARTESIAN_POINT('Origin',(78.9,-6.3,122.0875));
#4363=CARTESIAN_POINT('',(77.1,-6.5,122.0875));
#4364=CARTESIAN_POINT('',(77.2,-6.4,122.0875));
#4365=CARTESIAN_POINT('Origin',(78.9,-6.5,122.0875));
#4366=CARTESIAN_POINT('Origin',(78.9,-6.5,122.088));
#4367=CARTESIAN_POINT('',(75.9,-6.5,122.088));
#4368=CARTESIAN_POINT('Origin',(78.9,-6.5,122.088));
#4369=CARTESIAN_POINT('Origin',(78.9,-1.5,122.0875));
#4370=CARTESIAN_POINT('',(77.3,-1.7,122.0875));
#4371=CARTESIAN_POINT('',(77.3,-1.5,122.0875));
#4372=CARTESIAN_POINT('Origin',(78.9,-1.7,122.0875));
#4373=CARTESIAN_POINT('Origin',(78.9,-8.1,122.088));
#4374=CARTESIAN_POINT('',(75.9,-8.,122.088));
#4375=CARTESIAN_POINT('',(75.8,-8.1,122.088));
#4376=CARTESIAN_POINT('Origin',(78.9,-8.,122.088));
#4377=CARTESIAN_POINT('Origin',(78.9,-8.2,122.088));
#4378=CARTESIAN_POINT('',(75.9,-8.2,122.088));
#4379=CARTESIAN_POINT('Origin',(78.9,-6.4,2.49999999999999));
#4380=CARTESIAN_POINT('',(77.3,-6.3,2.49999999999999));
#4381=CARTESIAN_POINT('Origin',(78.9,-6.3,2.49999999999999));
#4382=CARTESIAN_POINT('',(77.1,-6.5,2.49999999999999));
#4383=CARTESIAN_POINT('',(77.2,-6.4,2.49999999999999));
#4384=CARTESIAN_POINT('Origin',(78.9,-6.5,2.49999999999999));
#4385=CARTESIAN_POINT('Origin',(78.9,-6.5,2.49999999999999));
#4386=CARTESIAN_POINT('',(75.9,-6.5,2.49999999999999));
#4387=CARTESIAN_POINT('Origin',(78.9,-6.5,2.49999999999999));
#4388=CARTESIAN_POINT('Origin',(78.9,-1.5,2.49999999999999));
#4389=CARTESIAN_POINT('',(77.3,-1.7,2.49999999999999));
#4390=CARTESIAN_POINT('',(77.3,-1.5,2.49999999999999));
#4391=CARTESIAN_POINT('Origin',(78.9,-1.7,2.49999999999999));
#4392=CARTESIAN_POINT('Origin',(78.9,-8.1,2.49999999999999));
#4393=CARTESIAN_POINT('',(75.9,-8.,2.49999999999999));
#4394=CARTESIAN_POINT('',(75.8,-8.1,2.49999999999999));
#4395=CARTESIAN_POINT('Origin',(78.9,-8.,2.49999999999999));
#4396=CARTESIAN_POINT('Origin',(78.9,-8.2,2.49999999999999));
#4397=CARTESIAN_POINT('',(75.9,-8.2,2.49999999999999));
#4398=CARTESIAN_POINT('Origin',(2.5,-6.4,2.49999999999999));
#4399=CARTESIAN_POINT('',(0.9,-6.3,2.49999999999999));
#4400=CARTESIAN_POINT('Origin',(2.5,-6.3,2.49999999999999));
#4401=CARTESIAN_POINT('',(0.7,-6.5,2.49999999999999));
#4402=CARTESIAN_POINT('',(0.8,-6.4,2.49999999999999));
#4403=CARTESIAN_POINT('Origin',(2.5,-6.5,2.49999999999999));
#4404=CARTESIAN_POINT('Origin',(2.5,-6.5,2.49999999999999));
#4405=CARTESIAN_POINT('',(-0.5,-6.5,2.49999999999999));
#4406=CARTESIAN_POINT('Origin',(2.5,-6.5,2.49999999999999));
#4407=CARTESIAN_POINT('Origin',(2.5,-1.5,2.49999999999999));
#4408=CARTESIAN_POINT('',(0.9,-1.7,2.49999999999999));
#4409=CARTESIAN_POINT('',(0.9,-1.5,2.49999999999999));
#4410=CARTESIAN_POINT('Origin',(2.5,-1.7,2.49999999999999));
#4411=CARTESIAN_POINT('Origin',(2.5,-8.1,2.49999999999999));
#4412=CARTESIAN_POINT('',(-0.5,-8.,2.49999999999999));
#4413=CARTESIAN_POINT('',(-0.600000000000001,-8.1,2.49999999999999));
#4414=CARTESIAN_POINT('Origin',(2.5,-8.,2.49999999999999));
#4415=CARTESIAN_POINT('Origin',(2.5,-8.2,2.49999999999999));
#4416=CARTESIAN_POINT('',(-0.5,-8.2,2.49999999999999));
#4417=CARTESIAN_POINT('Origin',(7.,-1.7,-1.9));
#4418=CARTESIAN_POINT('',(6.8,-1.5,-1.9));
#4419=CARTESIAN_POINT('',(6.8,-1.7,-2.1));
#4420=CARTESIAN_POINT('',(6.8,-1.5,-1.9));
#4421=CARTESIAN_POINT('',(7.,-1.7,-1.9));
#4422=CARTESIAN_POINT('',(7.,-1.7,-1.9));
#4423=CARTESIAN_POINT('',(6.8,-1.7,-2.1));
#4424=CARTESIAN_POINT('Origin',(-2.1,-1.7,6.79999999999999));
#4425=CARTESIAN_POINT('',(-1.90000000000003,-1.5,6.79999999999999));
#4426=CARTESIAN_POINT('',(-1.90000000000003,-1.7,6.99999999999999));
#4427=CARTESIAN_POINT('',(-1.90000000000003,-1.5,6.79999999999999));
#4428=CARTESIAN_POINT('',(-2.1,-1.7,6.79999999999999));
#4429=CARTESIAN_POINT('',(-2.1,-1.7,6.79999999999999));
#4430=CARTESIAN_POINT('',(-1.90000000000003,-1.7,6.99999999999999));
#4431=CARTESIAN_POINT('Origin',(-2.00000000000002,-1.6,1.22500000000001));
#4432=CARTESIAN_POINT('',(-1.90000000000003,-1.5,1.77635683940025E-14));
#4433=CARTESIAN_POINT('',(-2.1,-1.7,1.77635683940025E-14));
#4434=CARTESIAN_POINT('',(-1.90000000000003,-1.5,1.77635683940025E-14));
#4435=CARTESIAN_POINT('',(-2.1,-1.7,1.22500000000001));
#4436=CARTESIAN_POINT('',(-1.90000000000003,-1.5,1.22500000000001));
#4437=CARTESIAN_POINT('Origin',(0.,-1.6,0.));
#4438=CARTESIAN_POINT('',(0.,-1.5,-1.9));
#4439=CARTESIAN_POINT('Origin',(0.,-1.5,0.));
#4440=CARTESIAN_POINT('',(0.,-1.7,-2.1));
#4441=CARTESIAN_POINT('',(0.,-1.5,-1.9));
#4442=CARTESIAN_POINT('Origin',(0.,-1.7,0.));
#4443=CARTESIAN_POINT('Origin',(41.925,-1.6,-2.00000000000002));
#4444=CARTESIAN_POINT('',(41.925,-1.5,-1.90000000000001));
#4445=CARTESIAN_POINT('',(41.925,-1.7,-2.10000000000002));
#4446=CARTESIAN_POINT('Origin',(-2.00000000000002,-0.75,6.89999999999999));
#4447=CARTESIAN_POINT('',(-1.90000000000003,-3.6,6.99999999999999));
#4448=CARTESIAN_POINT('',(-2.1,-3.6,6.79999999999999));
#4449=CARTESIAN_POINT('',(-1.68608834339171,-3.6,7.21391165660833));
#4450=CARTESIAN_POINT('',(-1.90000000000003,-0.75,6.99999999999999));
#4451=CARTESIAN_POINT('',(-2.1,-0.75,6.79999999999999));
#4452=CARTESIAN_POINT('Origin',(2.47499999999999,-1.6,6.89999999999999));
#4453=CARTESIAN_POINT('',(2.5,-1.7,6.99999999999999));
#4454=CARTESIAN_POINT('',(2.5,-1.5,6.79999999999999));
#4455=CARTESIAN_POINT('',(2.5,-1.7,6.99999999999999));
#4456=CARTESIAN_POINT('',(2.47499999999999,-1.5,6.79999999999999));
#4457=CARTESIAN_POINT('',(2.47499999999999,-1.7,6.99999999999999));
#4458=CARTESIAN_POINT('Origin',(2.5,-1.6,2.49999999999999));
#4459=CARTESIAN_POINT('',(7.,-1.7,2.49999999999999));
#4460=CARTESIAN_POINT('',(6.8,-1.5,2.49999999999999));
#4461=CARTESIAN_POINT('',(7.,-1.7,2.49999999999999));
#4462=CARTESIAN_POINT('Origin',(2.5,-1.5,2.49999999999999));
#4463=CARTESIAN_POINT('Origin',(2.5,-1.7,2.49999999999999));
#4464=CARTESIAN_POINT('Origin',(6.9,-1.6,0.174999999999997));
#4465=CARTESIAN_POINT('',(7.,-1.7,0.174999999999997));
#4466=CARTESIAN_POINT('',(6.8,-1.5,0.174999999999997));
#4467=CARTESIAN_POINT('Origin',(6.9,-0.75,-2.));
#4468=CARTESIAN_POINT('',(7.,-3.6,-1.9));
#4469=CARTESIAN_POINT('',(6.8,-3.6,-2.1));
#4470=CARTESIAN_POINT('',(56.5579633433916,-3.6,47.6579633433916));
#4471=CARTESIAN_POINT('',(6.8,-0.75,-2.1));
#4472=CARTESIAN_POINT('',(7.,-0.75,-1.9));
#4473=CARTESIAN_POINT('Origin',(-2.1,0.,1.77635683940025E-14));
#4474=CARTESIAN_POINT('',(-2.1,0.,1.77635683940025E-14));
#4475=CARTESIAN_POINT('',(-2.1,-4.20127388858555,5.2385765701802));
#4476=CARTESIAN_POINT('',(-2.1,-5.39173290937996,4.72098569157392));
#4477=CARTESIAN_POINT('',(-2.1,-3.6,6.15564662643344));
#4478=CARTESIAN_POINT('Origin',(-2.1,-4.6,6.15564662643343));
#4479=CARTESIAN_POINT('',(-2.1,-3.6,3.07782331321673));
#4480=CARTESIAN_POINT('Origin',(0.,0.,0.));
#4481=CARTESIAN_POINT('',(0.,-1.5,-2.1));
#4482=CARTESIAN_POINT('Origin',(81.4,0.,-2.10000000000003));
#4483=CARTESIAN_POINT('',(6.15564662643338,-3.6,-2.10000000000001));
#4484=CARTESIAN_POINT('',(78.3221766867833,-3.60000000000001,-2.10000000000003));
#4485=CARTESIAN_POINT('',(5.23857657018014,-4.20127388858555,-2.10000000000001));
#4486=CARTESIAN_POINT('Origin',(6.15564662643338,-4.6,-2.10000000000003));
#4487=CARTESIAN_POINT('',(12.0608622119581,11.4899830875037,-2.10000000000001));
#4488=CARTESIAN_POINT('Origin',(2.44999999999999,-1.5,2.45));
#4489=CARTESIAN_POINT('',(0.7,-1.5,2.49999999999999));
#4490=CARTESIAN_POINT('Origin',(2.5,-1.5,2.49999999999999));
#4491=CARTESIAN_POINT('Origin',(2.5,-1.6,2.49999999999999));
#4492=CARTESIAN_POINT('',(0.8,-1.6,2.49999999999999));
#4493=CARTESIAN_POINT('Origin',(83.3,-1.7,6.99999999999999));
#4494=CARTESIAN_POINT('',(83.3,-1.5,6.79999999999999));
#4495=CARTESIAN_POINT('',(83.5,-1.7,6.79999999999999));
#4496=CARTESIAN_POINT('',(83.3,-1.5,6.79999999999999));
#4497=CARTESIAN_POINT('',(83.3,-1.7,6.99999999999999));
#4498=CARTESIAN_POINT('',(83.5,-1.7,6.79999999999999));
#4499=CARTESIAN_POINT('Origin',(74.6,-1.7,-2.10000000000003));
#4500=CARTESIAN_POINT('',(74.6,-1.5,-1.9));
#4501=CARTESIAN_POINT('',(74.4,-1.7,-1.9));
#4502=CARTESIAN_POINT('',(74.6,-1.5,-1.9));
#4503=CARTESIAN_POINT('',(74.6,-1.7,-2.10000000000003));
#4504=CARTESIAN_POINT('',(74.6,-1.7,-2.10000000000003));
#4505=CARTESIAN_POINT('',(74.4,-1.7,-1.9));
#4506=CARTESIAN_POINT('Origin',(80.175,-1.6,-2.00000000000002));
#4507=CARTESIAN_POINT('',(81.4,-1.5,-1.9));
#4508=CARTESIAN_POINT('',(81.4,-1.7,-2.10000000000003));
#4509=CARTESIAN_POINT('',(81.4,-1.5,-1.9));
#4510=CARTESIAN_POINT('',(80.175,-1.7,-2.10000000000003));
#4511=CARTESIAN_POINT('',(80.175,-1.5,-1.9));
#4512=CARTESIAN_POINT('Origin',(81.4,-1.6,0.));
#4513=CARTESIAN_POINT('',(83.3,-1.5,0.));
#4514=CARTESIAN_POINT('Origin',(81.4,-1.5,0.));
#4515=CARTESIAN_POINT('',(83.5,-1.7,0.));
#4516=CARTESIAN_POINT('',(83.3,-1.5,0.));
#4517=CARTESIAN_POINT('Origin',(81.4,-1.7,0.));
#4518=CARTESIAN_POINT('Origin',(83.4,-1.6,63.51875));
#4519=CARTESIAN_POINT('',(83.3,-1.5,63.51875));
#4520=CARTESIAN_POINT('',(83.5,-1.7,63.51875));
#4521=CARTESIAN_POINT('Origin',(74.5,-0.75,-2.00000000000001));
#4522=CARTESIAN_POINT('',(74.4,-3.60000000000001,-1.9));
#4523=CARTESIAN_POINT('',(74.6,-3.6,-2.10000000000003));
#4524=CARTESIAN_POINT('',(42.1142133433916,-3.6,30.3857866566116));
#4525=CARTESIAN_POINT('',(74.4,-0.75,-1.9));
#4526=CARTESIAN_POINT('',(74.6,-0.75,-2.10000000000003));
#4527=CARTESIAN_POINT('Origin',(81.225,-1.6,6.89999999999999));
#4528=CARTESIAN_POINT('',(78.9,-1.5,6.79999999999999));
#4529=CARTESIAN_POINT('',(78.9,-1.5,6.79999999999999));
#4530=CARTESIAN_POINT('',(81.225,-1.5,6.79999999999999));
#4531=CARTESIAN_POINT('Origin',(78.9,-1.6,2.49999999999999));
#4532=CARTESIAN_POINT('',(74.6,-1.5,2.49999999999999));
#4533=CARTESIAN_POINT('Origin',(78.9,-1.5,2.49999999999999));
#4534=CARTESIAN_POINT('',(74.6,-1.5,2.49999999999999));
#4535=CARTESIAN_POINT('Origin',(74.5,-1.6,2.47499999999999));
#4536=CARTESIAN_POINT('',(74.6,-1.5,2.47499999999999));
#4537=CARTESIAN_POINT('',(74.4,-1.7,2.47499999999999));
#4538=CARTESIAN_POINT('Origin',(83.4,-0.75,6.89999999999999));
#4539=CARTESIAN_POINT('',(83.5,-3.6,6.79999999999999));
#4540=CARTESIAN_POINT('',(62.7360883433924,-3.6,27.5639116566084));
#4541=CARTESIAN_POINT('',(83.5,-0.75,6.79999999999999));
#4542=CARTESIAN_POINT('Origin',(81.4,0.,-2.10000000000003));
#4543=CARTESIAN_POINT('',(81.4,0.,-2.10000000000003));
#4544=CARTESIAN_POINT('',(76.1614234298198,-4.20127388858555,-2.10000000000002));
#4545=CARTESIAN_POINT('',(76.679014308426,-5.39173290937998,-2.10000000000003));
#4546=CARTESIAN_POINT('',(75.2443533735665,-3.60000000000001,-2.10000000000002));
#4547=CARTESIAN_POINT('Origin',(75.2443533735665,-4.60000000000001,-2.10000000000003));
#4548=CARTESIAN_POINT('',(78.3221766867833,-3.60000000000001,-2.10000000000003));
#4549=CARTESIAN_POINT('Origin',(81.4,0.,0.));
#4550=CARTESIAN_POINT('',(83.5,0.,0.));
#4551=CARTESIAN_POINT('Origin',(83.5,0.,124.5875));
#4552=CARTESIAN_POINT('',(83.5,-3.6,6.15564662643344));
#4553=CARTESIAN_POINT('',(83.5,-3.6,65.9437621036888));
#4554=CARTESIAN_POINT('',(83.5,-4.20127388858555,5.2385765701802));
#4555=CARTESIAN_POINT('Origin',(83.5,-4.6,6.15564662643343));
#4556=CARTESIAN_POINT('',(83.5,19.3859489062637,15.4938908288103));
#4557=CARTESIAN_POINT('Origin',(78.95,-1.5,2.44999999999998));
#4558=CARTESIAN_POINT('',(77.1,-1.5,2.49999999999999));
#4559=CARTESIAN_POINT('Origin',(78.9,-1.5,2.49999999999999));
#4560=CARTESIAN_POINT('Origin',(78.9,-1.6,2.49999999999999));
#4561=CARTESIAN_POINT('',(77.2,-1.6,2.49999999999999));
#4562=CARTESIAN_POINT('Origin',(74.4,-1.7,126.4875));
#4563=CARTESIAN_POINT('',(74.6,-1.5,126.4875));
#4564=CARTESIAN_POINT('',(74.6,-1.7,126.6875));
#4565=CARTESIAN_POINT('',(74.6,-1.5,126.4875));
#4566=CARTESIAN_POINT('',(74.4,-1.7,126.4875));
#4567=CARTESIAN_POINT('',(74.6,-1.7,126.6875));
#4568=CARTESIAN_POINT('Origin',(83.5,-1.7,117.788));
#4569=CARTESIAN_POINT('',(83.3,-1.5,117.788));
#4570=CARTESIAN_POINT('',(83.3,-1.5,117.788));
#4571=CARTESIAN_POINT('',(83.5,-1.7,117.788));
#4572=CARTESIAN_POINT('',(83.5,-1.7,117.788));
#4573=CARTESIAN_POINT('',(83.3,-1.7,117.588));
#4574=CARTESIAN_POINT('Origin',(83.4,-1.6,123.362625));
#4575=CARTESIAN_POINT('',(83.3,-1.5,124.5875));
#4576=CARTESIAN_POINT('',(83.5,-1.7,124.5875));
#4577=CARTESIAN_POINT('',(83.3,-1.5,124.5875));
#4578=CARTESIAN_POINT('',(83.5,-1.7,123.362625));
#4579=CARTESIAN_POINT('',(83.3,-1.5,123.362625));
#4580=CARTESIAN_POINT('Origin',(81.4,-1.6,124.5875));
#4581=CARTESIAN_POINT('',(81.4,-1.5,126.4875));
#4582=CARTESIAN_POINT('Origin',(81.4,-1.5,124.5875));
#4583=CARTESIAN_POINT('',(81.4,-1.7,126.6875));
#4584=CARTESIAN_POINT('',(81.4,-1.5,126.4875));
#4585=CARTESIAN_POINT('Origin',(81.4,-1.7,124.5875));
#4586=CARTESIAN_POINT('Origin',(39.475,-1.6,126.5875));
#4587=CARTESIAN_POINT('',(39.475,-1.5,126.4875));
#4588=CARTESIAN_POINT('',(39.475,-1.7,126.6875));
#4589=CARTESIAN_POINT('Origin',(83.4,-0.75,117.688));
#4590=CARTESIAN_POINT('',(83.5,-3.6,117.788));
#4591=CARTESIAN_POINT('',(34.6669116566121,-3.6,68.9549116566034));
#4592=CARTESIAN_POINT('',(83.5,-0.75,117.788));
#4593=CARTESIAN_POINT('Origin',(78.925,-1.6,117.688));
#4594=CARTESIAN_POINT('',(78.9,-1.5,117.788));
#4595=CARTESIAN_POINT('',(78.9,-1.7,117.588));
#4596=CARTESIAN_POINT('',(78.925,-1.5,117.788));
#4597=CARTESIAN_POINT('Origin',(78.9,-1.6,122.088));
#4598=CARTESIAN_POINT('',(74.6,-1.5,122.088));
#4599=CARTESIAN_POINT('',(74.4,-1.7,122.088));
#4600=CARTESIAN_POINT('Origin',(78.9,-1.5,122.088));
#4601=CARTESIAN_POINT('Origin',(74.5,-1.6,124.412625));
#4602=CARTESIAN_POINT('',(74.6,-1.5,124.412625));
#4603=CARTESIAN_POINT('Origin',(74.5,-0.75,126.5875));
#4604=CARTESIAN_POINT('',(74.6,-3.60000000000001,126.6875));
#4605=CARTESIAN_POINT('',(75.1110883433916,-3.60000000000001,127.198588343392));
#4606=CARTESIAN_POINT('',(74.6,-0.75,126.6875));
#4607=CARTESIAN_POINT('Origin',(83.5,0.,124.5875));
#4608=CARTESIAN_POINT('',(83.5,0.,124.5875));
#4609=CARTESIAN_POINT('',(83.5,-4.20127388858555,119.34892342982));
#4610=CARTESIAN_POINT('',(83.5,-5.39173290937996,119.866514308426));
#4611=CARTESIAN_POINT('',(83.5,-3.6,118.431853373567));
#4612=CARTESIAN_POINT('Origin',(83.5,-4.59999999999998,118.431853373567));
#4613=CARTESIAN_POINT('',(83.5,-3.6,121.509676686783));
#4614=CARTESIAN_POINT('Origin',(81.4,0.,124.5875));
#4615=CARTESIAN_POINT('',(81.4,0.,126.6875));
#4616=CARTESIAN_POINT('Origin',(0.,0.,126.6875));
#4617=CARTESIAN_POINT('',(75.2443533735665,-3.60000000000001,126.6875));
#4618=CARTESIAN_POINT('',(3.07782331321669,-3.6,126.6875));
#4619=CARTESIAN_POINT('',(76.1614234298198,-4.20127388858555,126.6875));
#4620=CARTESIAN_POINT('Origin',(75.2443533735665,-4.60000000000001,126.6875));
#4621=CARTESIAN_POINT('',(69.3391377880418,11.4899830875037,126.6875));
#4622=CARTESIAN_POINT('Origin',(78.95,-1.5,122.13775));
#4623=CARTESIAN_POINT('',(77.1,-1.5,122.0875));
#4624=CARTESIAN_POINT('Origin',(78.9,-1.5,122.0875));
#4625=CARTESIAN_POINT('Origin',(78.9,-1.6,122.0875));
#4626=CARTESIAN_POINT('',(77.2,-1.6,122.0875));
#4627=CARTESIAN_POINT('Origin',(2.4,-1.6,119.8625));
#4628=CARTESIAN_POINT('',(2.3,-1.5,117.7875));
#4629=CARTESIAN_POINT('',(2.5,-1.7,117.5875));
#4630=CARTESIAN_POINT('',(2.3,-1.5,117.792653681017));
#4631=CARTESIAN_POINT('',(2.3,-1.5,119.8625));
#4632=CARTESIAN_POINT('Ctrl Pts',(2.49999999999999,-1.69999999999999,117.588));
#4633=CARTESIAN_POINT('Ctrl Pts',(2.43282788023995,-1.63282788023995,117.65517211976));
#4634=CARTESIAN_POINT('Ctrl Pts',(2.36610600198371,-1.56610600198371,117.723398029241));
#4635=CARTESIAN_POINT('Ctrl Pts',(2.30000000000001,-1.50000000000001,117.792653681017));
#4636=CARTESIAN_POINT('Origin',(-1.90000000000003,-1.7,117.5875));
#4637=CARTESIAN_POINT('',(-1.90000000000003,-1.5,117.7875));
#4638=CARTESIAN_POINT('',(-2.10000000000003,-1.7,117.7875));
#4639=CARTESIAN_POINT('',(-1.90000000000003,-1.5,117.7875));
#4640=CARTESIAN_POINT('',(-1.90000000000003,-1.7,117.5875));
#4641=CARTESIAN_POINT('',(-1.90000000000003,-1.7,117.5875));
#4642=CARTESIAN_POINT('',(-2.10000000000003,-1.7,117.7875));
#4643=CARTESIAN_POINT('Origin',(0.174999999999979,-1.6,117.6875));
#4644=CARTESIAN_POINT('',(0.174999999999979,-1.7,117.5875));
#4645=CARTESIAN_POINT('',(0.174999999999979,-1.5,117.7875));
#4646=CARTESIAN_POINT('Origin',(-2.00000000000003,-0.75,117.6875));
#4647=CARTESIAN_POINT('',(-1.90000000000003,-3.6,117.5875));
#4648=CARTESIAN_POINT('',(-2.10000000000003,-3.6,117.7875));
#4649=CARTESIAN_POINT('',(26.3829633433916,-3.6,89.3045366566088));
#4650=CARTESIAN_POINT('',(-2.10000000000003,-0.75,117.7875));
#4651=CARTESIAN_POINT('',(-1.90000000000003,-0.75,117.5875));
#4652=CARTESIAN_POINT('Origin',(6.8,-1.7,126.6875));
#4653=CARTESIAN_POINT('',(6.8,-1.5,126.4875));
#4654=CARTESIAN_POINT('',(6.8,-1.5,126.4875));
#4655=CARTESIAN_POINT('',(6.8,-1.7,126.6875));
#4656=CARTESIAN_POINT('',(6.8,-1.7,126.6875));
#4657=CARTESIAN_POINT('',(7.,-1.7,126.4875));
#4658=CARTESIAN_POINT('Origin',(1.22499999999999,-1.6,126.5875));
#4659=CARTESIAN_POINT('',(-1.38777878078145E-16,-1.5,126.4875));
#4660=CARTESIAN_POINT('',(0.,-1.7,126.6875));
#4661=CARTESIAN_POINT('',(-1.38777878078145E-16,-1.5,126.4875));
#4662=CARTESIAN_POINT('',(1.22499999999999,-1.7,126.6875));
#4663=CARTESIAN_POINT('',(1.22499999999999,-1.5,126.4875));
#4664=CARTESIAN_POINT('Origin',(0.,-1.6,124.5875));
#4665=CARTESIAN_POINT('',(-1.90000000000003,-1.5,124.5875));
#4666=CARTESIAN_POINT('Origin',(0.,-1.5,124.5875));
#4667=CARTESIAN_POINT('',(-2.10000000000003,-1.7,124.5875));
#4668=CARTESIAN_POINT('',(-1.90000000000003,-1.5,124.5875));
#4669=CARTESIAN_POINT('Origin',(0.,-1.7,124.5875));
#4670=CARTESIAN_POINT('Origin',(-2.00000000000002,-1.6,61.06875));
#4671=CARTESIAN_POINT('',(-1.90000000000002,-1.5,61.06875));
#4672=CARTESIAN_POINT('',(-2.10000000000001,-1.7,61.06875));
#4673=CARTESIAN_POINT('Origin',(6.9,-0.75,126.5875));
#4674=CARTESIAN_POINT('',(6.8,-3.6,126.6875));
#4675=CARTESIAN_POINT('',(23.561088343389,-3.6,109.926411656608));
#4676=CARTESIAN_POINT('',(6.8,-0.75,126.6875));
#4677=CARTESIAN_POINT('Origin',(6.9,-1.6,122.112500000001));
#4678=CARTESIAN_POINT('',(6.8,-1.5,122.087500000002));
#4679=CARTESIAN_POINT('',(6.99999998611111,-1.7,122.087500000002));
#4680=CARTESIAN_POINT('',(6.8,-1.5,122.112500000001));
#4681=CARTESIAN_POINT('Origin',(2.5,-1.6,122.088));
#4682=CARTESIAN_POINT('Origin',(2.5,-1.5,122.088));
#4683=CARTESIAN_POINT('Origin',(-2.10000000000003,-1.5,117.5875));
#4684=CARTESIAN_POINT('',(-2.10000000000003,-3.6,117.5875));
#4685=CARTESIAN_POINT('',(-2.10000000000003,-1.5,117.5875));
#4686=CARTESIAN_POINT('',(-1.05000000000001,-3.6,117.5875));
#4687=CARTESIAN_POINT('Origin',(2.44999999999999,-1.5,122.1375));
#4688=CARTESIAN_POINT('',(0.7,-1.5,122.0875));
#4689=CARTESIAN_POINT('Origin',(2.5,-1.5,122.0875));
#4690=CARTESIAN_POINT('Origin',(2.5,-1.6,122.0875));
#4691=CARTESIAN_POINT('',(0.8,-1.6,122.0875));
#4692=CARTESIAN_POINT('Origin',(0.,0.,126.6875));
#4693=CARTESIAN_POINT('',(0.,0.,126.6875));
#4694=CARTESIAN_POINT('',(5.23857657018014,-4.20127388858555,126.6875));
#4695=CARTESIAN_POINT('',(4.72098569157388,-5.39173290937996,126.6875));
#4696=CARTESIAN_POINT('',(6.15564662643338,-3.6,126.6875));
#4697=CARTESIAN_POINT('Origin',(6.15564662643338,-4.6,126.6875));
#4698=CARTESIAN_POINT('',(3.07782331321669,-3.6,126.6875));
#4699=CARTESIAN_POINT('Origin',(-2.10000000000003,0.,124.5875));
#4700=CARTESIAN_POINT('',(-2.1,-3.6,6.99999999999999));
#4701=CARTESIAN_POINT('',(-2.10000000000003,-1.5,6.99999999999999));
#4702=CARTESIAN_POINT('',(-2.10000000000001,-3.6,7.30002420737753));
#4703=CARTESIAN_POINT('',(-2.10000000000002,-3.6,65.3715733132167));
#4704=CARTESIAN_POINT('',(-2.10000000000001,-5.80999688377393,9.50000149415002));
#4705=CARTESIAN_POINT('Origin',(-2.10000000000002,-3.60999688377393,9.50000149415001));
#4706=CARTESIAN_POINT('',(-2.10000000000001,-5.80999688377394,26.10000149415));
#4707=CARTESIAN_POINT('',(-2.10000000000002,-5.80999688377396,75.343750747075));
#4708=CARTESIAN_POINT('',(-2.10000000000001,-3.6,28.2999787809225));
#4709=CARTESIAN_POINT('Origin',(-2.10000000000002,-3.60999688377394,26.10000149415));
#4710=CARTESIAN_POINT('',(-2.10000000000001,-3.6,51.5004544169552));
#4711=CARTESIAN_POINT('',(-2.10000000000002,-3.6,65.3715733132167));
#4712=CARTESIAN_POINT('',(-2.10000000000001,-6.10999688377393,53.84500149415));
#4713=CARTESIAN_POINT('Origin',(-2.10000000000002,-3.75999688377393,53.84500149415));
#4714=CARTESIAN_POINT('',(-2.10000000000001,-6.10999688377394,75.50500149415));
#4715=CARTESIAN_POINT('',(-2.10000000000002,-6.10999688377394,100.046250747075));
#4716=CARTESIAN_POINT('',(-2.10000000000001,-3.6,77.8495485713448));
#4717=CARTESIAN_POINT('Origin',(-2.10000000000002,-3.75999688377394,75.50500149415));
#4718=CARTESIAN_POINT('',(-2.10000000000002,-3.6,91.1129544169553));
#4719=CARTESIAN_POINT('',(-2.10000000000002,-3.6,65.3715733132167));
#4720=CARTESIAN_POINT('',(-2.10000000000002,-6.10999688377394,93.4575014941501));
#4721=CARTESIAN_POINT('Origin',(-2.10000000000002,-3.75999688377394,93.4575014941501));
#4722=CARTESIAN_POINT('',(-2.10000000000002,-6.10999688377394,115.11750149415));
#4723=CARTESIAN_POINT('',(-2.10000000000002,-6.10999688377394,119.852500747075));
#4724=CARTESIAN_POINT('',(-2.10000000000002,-3.6,117.462048571345));
#4725=CARTESIAN_POINT('Origin',(-2.10000000000002,-3.75999688377394,115.11750149415));
#4726=CARTESIAN_POINT('',(-2.10000000000002,-3.6,65.3715733132167));
#4727=CARTESIAN_POINT('Origin',(-2.1,0.,1.77635683940025E-14));
#4728=CARTESIAN_POINT('',(-2.10000000000003,-3.6,118.431853373567));
#4729=CARTESIAN_POINT('',(-2.10000000000001,-3.6,58.7310242856725));
#4730=CARTESIAN_POINT('',(-2.10000000000003,-4.20127388858555,119.34892342982));
#4731=CARTESIAN_POINT('Origin',(-2.1,-4.59999999999998,118.431853373567));
#4732=CARTESIAN_POINT('',(-2.10000000000003,19.3859489062636,109.09360917119));
#4733=CARTESIAN_POINT('',(-2.10000000000003,0.,124.5875));
#4734=CARTESIAN_POINT('Origin',(0.,0.,-2.1));
#4735=CARTESIAN_POINT('',(74.4,-3.6,-2.10000000000003));
#4736=CARTESIAN_POINT('',(74.4,-1.5,-2.1));
#4737=CARTESIAN_POINT('',(7.,-3.6,-2.1));
#4738=CARTESIAN_POINT('',(37.6221766867832,-3.6,-2.10000000000002));
#4739=CARTESIAN_POINT('',(7.,-1.5,-2.1));
#4740=CARTESIAN_POINT('Origin',(74.4,-1.5,2.49999999999999));
#4741=CARTESIAN_POINT('',(74.4,-3.60000000000001,65.39375));
#4742=CARTESIAN_POINT('Origin',(7.,-1.5,-2.1));
#4743=CARTESIAN_POINT('',(7.,-3.6,63.09375));
#4744=CARTESIAN_POINT('',(7.,-1.5,2.49999999999999));
#4745=CARTESIAN_POINT('Origin',(2.5,-1.5,6.99999999999999));
#4746=CARTESIAN_POINT('',(2.5,-1.5,6.99999999999999));
#4747=CARTESIAN_POINT('',(1.25,-3.6,6.99999999999999));
#4748=CARTESIAN_POINT('Origin',(2.5,-1.5,2.49999999999999));
#4749=CARTESIAN_POINT('Origin',(85.1,-6.10999688377394,75.50500149415));
#4750=CARTESIAN_POINT('',(-3.70000000000003,-6.10999688377393,53.84500149415));
#4751=CARTESIAN_POINT('',(-2.20000000000001,-6.10999688377393,53.84500149415));
#4752=CARTESIAN_POINT('',(-3.70000000000003,-6.10999688377394,75.50500149415));
#4753=CARTESIAN_POINT('',(-3.70000000000001,-6.10999688377393,37.752500747075));
#4754=CARTESIAN_POINT('',(-2.20000000000001,-6.10999688377394,75.50500149415));
#4755=CARTESIAN_POINT('Origin',(85.1,-3.75999688377394,75.50500149415));
#4756=CARTESIAN_POINT('',(85.1,-3.6,77.8495485713448));
#4757=CARTESIAN_POINT('',(83.6,-3.6,77.8495485713448));
#4758=CARTESIAN_POINT('',(85.1,-6.10999688377394,75.50500149415));
#4759=CARTESIAN_POINT('Origin',(85.1,-3.75999688377394,75.50500149415));
#4760=CARTESIAN_POINT('',(85.1,-6.10999688377394,75.50500149415));
#4761=CARTESIAN_POINT('Origin',(85.1,-3.75999688377393,53.84500149415));
#4762=CARTESIAN_POINT('',(-3.70000000000003,-3.6,51.5004544169552));
#4763=CARTESIAN_POINT('',(-2.20000000000001,-3.6,51.5004544169552));
#4764=CARTESIAN_POINT('Origin',(-3.70000000000001,-3.75999688377393,53.84500149415));
#4765=CARTESIAN_POINT('Origin',(0.,-3.6,6.15564662643344));
#4766=CARTESIAN_POINT('',(85.1,-3.6,91.1129544169553));
#4767=CARTESIAN_POINT('',(85.1,-3.6,91.1129544169553));
#4768=CARTESIAN_POINT('',(85.1,-3.6,65.3715733132167));
#4769=CARTESIAN_POINT('Origin',(0.,-3.6,6.15564662643344));
#4770=CARTESIAN_POINT('',(-3.70000000000001,-3.6,28.2999787809225));
#4771=CARTESIAN_POINT('',(85.1,-3.6,28.2999787809225));
#4772=CARTESIAN_POINT('',(-3.7,-3.6,3.07782331321673));
#4773=CARTESIAN_POINT('Origin',(85.1,-3.75999688377394,93.4575014941501));
#4774=CARTESIAN_POINT('',(85.1,-6.10999688377394,93.4575014941501));
#4775=CARTESIAN_POINT('',(83.6,-6.10999688377394,93.4575014941501));
#4776=CARTESIAN_POINT('Origin',(85.1,-3.75999688377394,93.4575014941501));
#4777=CARTESIAN_POINT('Origin',(6.15564662643338,-4.6,128.2875));
#4778=CARTESIAN_POINT('',(5.23857657018014,-4.20127388858555,128.2875));
#4779=CARTESIAN_POINT('',(5.23857657018014,-4.20127388858555,126.7875));
#4780=CARTESIAN_POINT('',(6.15564662643338,-3.6,128.2875));
#4781=CARTESIAN_POINT('Origin',(6.15564662643338,-4.6,128.2875));
#4782=CARTESIAN_POINT('',(6.15564662643338,-3.6,126.7875));
#4783=CARTESIAN_POINT('Origin',(85.1,-3.60999688377394,26.10000149415));
#4784=CARTESIAN_POINT('',(-3.70000000000001,-5.80999688377394,26.10000149415));
#4785=CARTESIAN_POINT('',(85.1,-5.80999688377394,26.10000149415));
#4786=CARTESIAN_POINT('Origin',(-3.70000000000001,-3.60999688377394,26.10000149415));
#4787=CARTESIAN_POINT('Origin',(85.1,-6.10999688377394,115.11750149415));
#4788=CARTESIAN_POINT('',(85.1,-6.10999688377394,115.11750149415));
#4789=CARTESIAN_POINT('',(85.1,-6.10999688377394,115.11750149415));
#4790=CARTESIAN_POINT('',(85.1,-6.10999688377394,119.852500747075));
#4791=CARTESIAN_POINT('Origin',(5.23857657018014,-4.20127388858555,128.2875));
#4792=CARTESIAN_POINT('',(3.71739130434777,-7.7,128.2875));
#4793=CARTESIAN_POINT('',(4.7990348284297,-5.21221989461155,130.775280105389));
#4794=CARTESIAN_POINT('',(5.59027397666397,-3.39236985367273,128.2875));
#4795=CARTESIAN_POINT('Origin',(85.1,-5.80999688377394,26.10000149415));
#4796=CARTESIAN_POINT('',(-3.70000000000001,-5.80999688377393,9.50000149415001));
#4797=CARTESIAN_POINT('',(-2.20000000000001,-5.80999688377393,9.50000149415001));
#4798=CARTESIAN_POINT('',(-3.7,-5.80999688377393,13.050000747075));
#4799=CARTESIAN_POINT('Origin',(85.1,-3.75999688377394,115.11750149415));
#4800=CARTESIAN_POINT('',(85.1,-3.6,117.462048571345));
#4801=CARTESIAN_POINT('',(83.6,-3.6,117.462048571345));
#4802=CARTESIAN_POINT('Origin',(85.1,-3.75999688377394,115.11750149415));
#4803=CARTESIAN_POINT('Origin',(85.1,-3.60999688377393,9.50000149415001));
#4804=CARTESIAN_POINT('',(-3.70000000000001,-3.6,7.30002420737753));
#4805=CARTESIAN_POINT('',(-2.20000000000001,-3.6,7.30002420737753));
#4806=CARTESIAN_POINT('Origin',(-3.70000000000001,-3.60999688377393,9.50000149415001));
#4807=CARTESIAN_POINT('Origin',(0.,-3.6,6.15564662643344));
#4808=CARTESIAN_POINT('',(85.1,-3.6,118.431853373567));
#4809=CARTESIAN_POINT('',(83.6,-3.6,118.431853373567));
#4810=CARTESIAN_POINT('',(85.1,-3.6,65.3715733132167));
#4811=CARTESIAN_POINT('Origin',(0.,-3.6,6.15564662643344));
#4812=CARTESIAN_POINT('',(-3.7,-3.6,6.15564662643344));
#4813=CARTESIAN_POINT('',(0.,-3.6,6.15564662643344));
#4814=CARTESIAN_POINT('',(-3.7,-3.6,3.07782331321673));
#4815=CARTESIAN_POINT('Origin',(0.,-4.59999999999998,118.431853373567));
#4816=CARTESIAN_POINT('',(85.1,-4.20127388858555,119.34892342982));
#4817=CARTESIAN_POINT('',(83.6,-4.20127388858555,119.34892342982));
#4818=CARTESIAN_POINT('Origin',(85.1,-4.59999999999998,118.431853373567));
#4819=CARTESIAN_POINT('Origin',(0.,-4.6,6.15564662643343));
#4820=CARTESIAN_POINT('',(-3.7,-4.20127388858555,5.23857657018019));
#4821=CARTESIAN_POINT('',(-2.2,-4.20127388858555,5.23857657018019));
#4822=CARTESIAN_POINT('Origin',(-3.7,-4.6,6.15564662643343));
#4823=CARTESIAN_POINT('Origin',(0.,-4.20127388858555,119.34892342982));
#4824=CARTESIAN_POINT('',(85.1,-7.7,120.870108695652));
#4825=CARTESIAN_POINT('',(69.2222279680824,-23.5777720319173,127.773487839964));
#4826=CARTESIAN_POINT('',(85.1,-3.39236985367274,118.997226023336));
#4827=CARTESIAN_POINT('Origin',(0.,-8.2,3.5));
#4828=CARTESIAN_POINT('',(-3.7,-7.7,3.71739130434783));
#4829=CARTESIAN_POINT('',(-5.32887791450777,-6.07112208549223,4.42559909326425));
#4830=CARTESIAN_POINT('',(-3.7,-5.39173290937996,4.72098569157393));
#4831=CARTESIAN_POINT('Origin',(5.23857657018014,-4.20127388858555,128.2875));
#4832=CARTESIAN_POINT('',(5.23857657018014,-4.20127388858555,-3.70000000000001));
#4833=CARTESIAN_POINT('',(5.23857657018014,-4.20127388858555,128.2875));
#4834=CARTESIAN_POINT('',(3.71739130434777,-7.7,-3.7));
#4835=CARTESIAN_POINT('',(12.0608622119581,11.4899830875037,-3.70000000000001));
#4836=CARTESIAN_POINT('',(-6.55119185550809,-31.3177412676685,19.9177412676683));
#4837=CARTESIAN_POINT('Origin',(6.15564662643338,-4.6,128.2875));
#4838=CARTESIAN_POINT('',(6.15564662643338,-3.6,-3.70000000000001));
#4839=CARTESIAN_POINT('',(6.15564662643338,-3.6,128.2875));
#4840=CARTESIAN_POINT('Origin',(6.15564662643338,-4.6,-3.70000000000003));
#4841=CARTESIAN_POINT('Origin',(75.2443533735665,-3.60000000000001,128.2875));
#4842=CARTESIAN_POINT('',(75.2443533735665,-3.60000000000001,-3.70000000000003));
#4843=CARTESIAN_POINT('',(75.2443533735665,-3.60000000000001,128.2875));
#4844=CARTESIAN_POINT('',(78.3221766867833,-3.60000000000001,-3.70000000000003));
#4845=CARTESIAN_POINT('Origin',(85.1,-3.60999688377394,26.10000149415));
#4846=CARTESIAN_POINT('',(85.1,-3.6,28.2999787809225));
#4847=CARTESIAN_POINT('',(85.1,-3.6,28.2999787809225));
#4848=CARTESIAN_POINT('',(85.1,-5.80999688377394,26.10000149415));
#4849=CARTESIAN_POINT('Origin',(85.1,-3.60999688377394,26.10000149415));
#4850=CARTESIAN_POINT('',(85.1,-5.80999688377394,26.10000149415));
#4851=CARTESIAN_POINT('Origin',(85.1,-3.60999688377393,9.50000149415001));
#4852=CARTESIAN_POINT('',(85.1,-5.80999688377393,9.50000149415001));
#4853=CARTESIAN_POINT('',(85.1,-5.80999688377393,9.50000149415001));
#4854=CARTESIAN_POINT('',(85.1,-3.6,7.30002420737753));
#4855=CARTESIAN_POINT('Origin',(85.1,-3.60999688377393,9.50000149415001));
#4856=CARTESIAN_POINT('',(85.1,-3.6,7.30002420737753));
#4857=CARTESIAN_POINT('Origin',(85.1,-5.80999688377394,26.10000149415));
#4858=CARTESIAN_POINT('',(85.1,-5.80999688377396,75.343750747075));
#4859=CARTESIAN_POINT('Origin',(85.1,-3.75999688377394,75.50500149415));
#4860=CARTESIAN_POINT('',(-3.70000000000003,-3.6,77.8495485713448));
#4861=CARTESIAN_POINT('Origin',(-3.70000000000001,-3.75999688377394,75.50500149415));
#4862=CARTESIAN_POINT('',(85.1,-3.6,77.8495485713448));
#4863=CARTESIAN_POINT('Origin',(85.1,-3.75999688377393,53.84500149415));
#4864=CARTESIAN_POINT('',(85.1,-6.10999688377393,53.84500149415));
#4865=CARTESIAN_POINT('',(85.1,-6.10999688377393,53.84500149415));
#4866=CARTESIAN_POINT('',(85.1,-3.6,51.5004544169552));
#4867=CARTESIAN_POINT('Origin',(85.1,-3.75999688377393,53.84500149415));
#4868=CARTESIAN_POINT('',(85.1,-3.6,51.5004544169552));
#4869=CARTESIAN_POINT('Origin',(85.1,-6.10999688377394,75.50500149415));
#4870=CARTESIAN_POINT('',(85.1,-6.10999688377394,100.046250747075));
#4871=CARTESIAN_POINT('Origin',(85.1,-3.75999688377394,93.4575014941501));
#4872=CARTESIAN_POINT('',(-3.70000000000003,-3.6,91.1129544169553));
#4873=CARTESIAN_POINT('',(85.1,-3.6,91.1129544169553));
#4874=CARTESIAN_POINT('',(-3.70000000000003,-6.10999688377394,93.4575014941501));
#4875=CARTESIAN_POINT('Origin',(-3.70000000000001,-3.75999688377394,93.4575014941501));
#4876=CARTESIAN_POINT('',(85.1,-6.10999688377394,93.4575014941501));
#4877=CARTESIAN_POINT('Origin',(85.1,-3.75999688377394,115.11750149415));
#4878=CARTESIAN_POINT('',(-3.70000000000003,-6.10999688377394,115.11750149415));
#4879=CARTESIAN_POINT('',(85.1,-6.10999688377394,115.11750149415));
#4880=CARTESIAN_POINT('',(-3.70000000000003,-3.6,117.462048571345));
#4881=CARTESIAN_POINT('Origin',(-3.70000000000001,-3.75999688377394,115.11750149415));
#4882=CARTESIAN_POINT('',(85.1,-3.6,117.462048571345));
#4883=CARTESIAN_POINT('Origin',(85.1,-6.10999688377394,115.11750149415));
#4884=CARTESIAN_POINT('',(-3.70000000000001,-6.10999688377393,57.5587507470751));
#4885=CARTESIAN_POINT('Origin',(0.,-3.6,6.15564662643344));
#4886=CARTESIAN_POINT('',(85.1,-3.6,6.15564662643344));
#4887=CARTESIAN_POINT('',(85.1,-3.6,65.3715733132167));
#4888=CARTESIAN_POINT('',(0.,-3.6,6.15564662643344));
#4889=CARTESIAN_POINT('Origin',(0.,-3.6,6.15564662643344));
#4890=CARTESIAN_POINT('',(85.1,-3.6,65.3715733132167));
#4891=CARTESIAN_POINT('Origin',(0.,-3.6,6.15564662643344));
#4892=CARTESIAN_POINT('',(-3.70000000000003,-3.6,118.431853373567));
#4893=CARTESIAN_POINT('',(-3.7,-3.6,3.07782331321673));
#4894=CARTESIAN_POINT('',(0.,-3.6,118.431853373567));
#4895=CARTESIAN_POINT('Origin',(0.,-3.6,6.15564662643344));
#4896=CARTESIAN_POINT('',(-3.7,-3.6,3.07782331321673));
#4897=CARTESIAN_POINT('Origin',(-3.7,0.,1.77635683940025E-14));
#4898=CARTESIAN_POINT('',(-3.70000000000003,-7.7,120.870108695652));
#4899=CARTESIAN_POINT('',(-3.70000000000001,-7.7,31.146875));
#4900=CARTESIAN_POINT('',(-3.70000000000003,-4.20127388858555,119.34892342982));
#4901=CARTESIAN_POINT('',(-3.70000000000003,19.3859489062636,109.09360917119));
#4902=CARTESIAN_POINT('Origin',(-3.7,-4.59999999999998,118.431853373567));
#4903=CARTESIAN_POINT('Origin',(0.,0.,124.5875));
#4904=CARTESIAN_POINT('Origin',(0.,-8.2,3.5));
#4905=CARTESIAN_POINT('',(85.1,-4.20127388858555,5.23857657018019));
#4906=CARTESIAN_POINT('',(0.,-4.20127388858555,5.23857657018019));
#4907=CARTESIAN_POINT('',(85.1,-7.7,3.71739130434781));
#4908=CARTESIAN_POINT('',(85.1000000000001,17.3865858505564,14.6246025437202));
#4909=CARTESIAN_POINT('',(74.3225577504315,-18.4774422495684,-0.968453151986248));
#4910=CARTESIAN_POINT('Origin',(0.,-4.6,6.15564662643343));
#4911=CARTESIAN_POINT('Origin',(85.1,-4.6,6.15564662643343));
#4912=CARTESIAN_POINT('Origin',(85.1,0.,124.5875));
#4913=CARTESIAN_POINT('',(85.1,-7.7,93.440625));
#4914=CARTESIAN_POINT('Origin',(84.85,-7.95,93.440625));
#4915=CARTESIAN_POINT('Origin',(-3.45000000000001,-7.95,31.146875));
#4916=CARTESIAN_POINT('',(-12.6012273204143,1.2012273204143,117.000009860689));
#4917=CARTESIAN_POINT('Origin',(0.,-4.59999999999998,118.431853373567));
#4918=CARTESIAN_POINT('',(0.,-4.20127388858555,119.34892342982));
#4919=CARTESIAN_POINT('Origin',(0.,-4.20127388858555,119.34892342982));
#4920=CARTESIAN_POINT('Origin',(75.2443533735665,-3.60000000000001,128.2875));
#4921=CARTESIAN_POINT('',(75.2443533735665,-3.60000000000001,128.2875));
#4922=CARTESIAN_POINT('',(37.6221766867833,-3.6,128.2875));
#4923=CARTESIAN_POINT('',(75.2443533735665,-3.60000000000001,128.2875));
#4924=CARTESIAN_POINT('Origin',(77.8999999999999,-8.2,128.2875));
#4925=CARTESIAN_POINT('',(76.1614234298198,-4.20127388858555,128.2875));
#4926=CARTESIAN_POINT('',(76.1614234298198,-4.20127388858555,128.2875));
#4927=CARTESIAN_POINT('',(77.6826086956521,-7.7,128.2875));
#4928=CARTESIAN_POINT('',(70.2084260731319,9.49062003179649,128.2875));
#4929=CARTESIAN_POINT('',(75.3158031088083,-2.25634715025913,133.731152849741));
#4930=CARTESIAN_POINT('Origin',(75.2443533735665,-4.60000000000001,128.2875));
#4931=CARTESIAN_POINT('Origin',(75.2443533735665,-4.60000000000001,128.2875));
#4932=CARTESIAN_POINT('Origin',(0.,0.,128.2875));
#4933=CARTESIAN_POINT('',(20.35,-7.7,128.2875));
#4934=CARTESIAN_POINT('Origin',(20.35,-7.95,128.0375));
#4935=CARTESIAN_POINT('Origin',(61.05,-7.95,-3.45000000000002));
#4936=CARTESIAN_POINT('',(77.6826086956521,-7.7,-3.70000000000003));
#4937=CARTESIAN_POINT('',(61.05,-7.7,-3.70000000000002));
#4938=CARTESIAN_POINT('',(90.1807102763385,-36.4456336355786,25.0456336355784));
#4939=CARTESIAN_POINT('Origin',(81.4,0.,-3.70000000000003));
#4940=CARTESIAN_POINT('',(76.1614234298198,-4.20127388858555,-3.70000000000003));
#4941=CARTESIAN_POINT('Origin',(75.2443533735665,-4.60000000000001,-3.70000000000003));
#4942=CARTESIAN_POINT('',(76.679014308426,-5.39173290937997,-3.70000000000002));
#4943=CARTESIAN_POINT('Origin',(75.2443533735665,-4.60000000000001,128.2875));
#4944=CARTESIAN_POINT('',(76.1614234298198,-4.20127388858555,128.2875));
#4945=CARTESIAN_POINT('Origin',(77.8999999999999,-8.2,128.2875));
#4946=UNCERTAINTY_MEASURE_WITH_UNIT(LENGTH_MEASURE(0.01),#4950,
'DISTANCE_ACCURACY_VALUE',
'Maximum model space distance between geometric entities at asserted c
onnectivities');
#4947=UNCERTAINTY_MEASURE_WITH_UNIT(LENGTH_MEASURE(0.01),#4950,
'DISTANCE_ACCURACY_VALUE',
'Maximum model space distance between geometric entities at asserted c
onnectivities');
#4948=(
GEOMETRIC_REPRESENTATION_CONTEXT(3)
GLOBAL_UNCERTAINTY_ASSIGNED_CONTEXT((#4946))
GLOBAL_UNIT_ASSIGNED_CONTEXT((#4950,#4952,#4953))
REPRESENTATION_CONTEXT('','3D')
);
#4949=(
GEOMETRIC_REPRESENTATION_CONTEXT(3)
GLOBAL_UNCERTAINTY_ASSIGNED_CONTEXT((#4947))
GLOBAL_UNIT_ASSIGNED_CONTEXT((#4950,#4952,#4953))
REPRESENTATION_CONTEXT('','3D')
);
#4950=(
LENGTH_UNIT()
NAMED_UNIT(*)
SI_UNIT(.MILLI.,.METRE.)
);
#4951=(
LENGTH_UNIT()
NAMED_UNIT(*)
SI_UNIT($,.METRE.)
);
#4952=(
NAMED_UNIT(*)
PLANE_ANGLE_UNIT()
SI_UNIT($,.RADIAN.)
);
#4953=(
NAMED_UNIT(*)
SI_UNIT($,.STERADIAN.)
SOLID_ANGLE_UNIT()
);
#4954=SHAPE_DEFINITION_REPRESENTATION(#4955,#4956);
#4955=PRODUCT_DEFINITION_SHAPE('',$,#4958);
#4956=SHAPE_REPRESENTATION('',(#2944),#4948);
#4957=PRODUCT_DEFINITION_CONTEXT('part definition',#4962,'design');
#4958=PRODUCT_DEFINITION('Bottom','Bottom',#4959,#4957);
#4959=PRODUCT_DEFINITION_FORMATION('',$,#4964);
#4960=PRODUCT_RELATED_PRODUCT_CATEGORY('Bottom','Bottom',(#4964));
#4961=APPLICATION_PROTOCOL_DEFINITION('international standard',
'automotive_design',2009,#4962);
#4962=APPLICATION_CONTEXT(
'Core Data for Automotive Mechanical Design Process');
#4963=PRODUCT_CONTEXT('part definition',#4962,'mechanical');
#4964=PRODUCT('Bottom','Bottom',$,(#4963));
#4965=PRESENTATION_STYLE_ASSIGNMENT((#4967));
#4966=PRESENTATION_STYLE_ASSIGNMENT((#4968));
#4967=SURFACE_STYLE_USAGE(.BOTH.,#4969);
#4968=SURFACE_STYLE_USAGE(.BOTH.,#4970);
#4969=SURFACE_SIDE_STYLE('',(#4971));
#4970=SURFACE_SIDE_STYLE('',(#4972));
#4971=SURFACE_STYLE_FILL_AREA(#4973);
#4972=SURFACE_STYLE_FILL_AREA(#4974);
#4973=FILL_AREA_STYLE('Steel - Satin',(#4975));
#4974=FILL_AREA_STYLE('Aluminum - Anodized Rough (Blue)',(#4976));
#4975=FILL_AREA_STYLE_COLOUR('Steel - Satin',#4977);
#4976=FILL_AREA_STYLE_COLOUR('Aluminum - Anodized Rough (Blue)',#4978);
#4977=COLOUR_RGB('Steel - Satin',0.627450980392157,0.627450980392157,0.627450980392157);
#4978=COLOUR_RGB('Aluminum - Anodized Rough (Blue)',0.349019607843137,0.584313725490196,
0.854901960784314);
ENDSEC;
END-ISO-10303-21;
