ISO-10303-21;
HEADER;
/* Generated by software containing ST-Developer
 * from STEP Tools, Inc. (www.steptools.com) 
 */

FILE_DESCRIPTION(
/* description */ (''),
/* implementation_level */ '2;1');

FILE_NAME(
/* name */ 'GlyphMatrix-Bottom.step',
/* time_stamp */ '2025-09-21T00:10:24+08:00',
/* author */ (''),
/* organization */ (''),
/* preprocessor_version */ 'ST-DEVELOPER v20.1',
/* originating_system */ 'Autodesk Translation Framework v14.17.0.0',
/* authorisation */ '');

FILE_SCHEMA (('AUTOMOTIVE_DESIGN { 1 0 10303 214 3 1 1 }'));
ENDSEC;

DATA;
#10=MECHANICAL_DESIGN_GEOMETRIC_PRESENTATION_REPRESENTATION('',(#13),#4733);
#11=SHAPE_REPRESENTATION_RELATIONSHIP('SRR','None',#4740,#12);
#12=ADVANCED_BREP_SHAPE_REPRESENTATION('',(#14),#4732);
#13=STYLED_ITEM('',(#4750),#14);
#14=MANIFOLD_SOLID_BREP('Bottom',#2787);
#15=CYLINDRICAL_SURFACE('',#2836,3.00000000000001);
#16=CYLINDRICAL_SURFACE('',#2842,4.49999999999999);
#17=CYLINDRICAL_SURFACE('',#2849,3.00000000000001);
#18=CYLINDRICAL_SURFACE('',#2855,4.49999999999999);
#19=CYLINDRICAL_SURFACE('',#2860,1.6);
#20=CYLINDRICAL_SURFACE('',#2868,1.6);
#21=CYLINDRICAL_SURFACE('',#2876,1.6);
#22=CYLINDRICAL_SURFACE('',#2882,1.6);
#23=CYLINDRICAL_SURFACE('',#2889,1.6);
#24=CYLINDRICAL_SURFACE('',#2893,4.49999999999999);
#25=CYLINDRICAL_SURFACE('',#2897,1.6);
#26=CYLINDRICAL_SURFACE('',#2902,1.6);
#27=CYLINDRICAL_SURFACE('',#2910,1.6);
#28=CYLINDRICAL_SURFACE('',#2935,3.);
#29=CYLINDRICAL_SURFACE('',#2942,3.00000000000001);
#30=CYLINDRICAL_SURFACE('',#2949,3.00000000000001);
#31=CYLINDRICAL_SURFACE('',#2960,3.00000000000001);
#32=CYLINDRICAL_SURFACE('',#2967,3.00000000000001);
#33=CYLINDRICAL_SURFACE('',#2974,3.00000000000001);
#34=CYLINDRICAL_SURFACE('',#2981,3.);
#35=CYLINDRICAL_SURFACE('',#2982,3.00000000000001);
#36=CYLINDRICAL_SURFACE('',#2984,4.49999999999999);
#37=CYLINDRICAL_SURFACE('',#2991,4.5);
#38=CYLINDRICAL_SURFACE('',#2994,2.07347937428014);
#39=CYLINDRICAL_SURFACE('',#2995,4.5);
#40=CYLINDRICAL_SURFACE('',#2998,2.07347937428014);
#41=CYLINDRICAL_SURFACE('',#3005,4.49999999999999);
#42=CYLINDRICAL_SURFACE('',#3007,4.49999999999999);
#43=CYLINDRICAL_SURFACE('',#3011,4.49999999999999);
#44=CYLINDRICAL_SURFACE('',#3015,2.09999999999999);
#45=CYLINDRICAL_SURFACE('',#3016,2.10000000000004);
#46=CYLINDRICAL_SURFACE('',#3019,2.35);
#47=CYLINDRICAL_SURFACE('',#3022,2.35);
#48=CYLINDRICAL_SURFACE('',#3024,2.35);
#49=CYLINDRICAL_SURFACE('',#3033,2.35);
#50=CYLINDRICAL_SURFACE('',#3034,2.2);
#51=CYLINDRICAL_SURFACE('',#3035,2.2);
#52=CYLINDRICAL_SURFACE('',#3036,1.);
#53=CYLINDRICAL_SURFACE('',#3038,0.999999999999994);
#54=CYLINDRICAL_SURFACE('',#3045,1.);
#55=CYLINDRICAL_SURFACE('',#3048,0.999999999999994);
#56=CYLINDRICAL_SURFACE('',#3054,2.2);
#57=CYLINDRICAL_SURFACE('',#3056,2.2);
#58=CYLINDRICAL_SURFACE('',#3058,2.35);
#59=CYLINDRICAL_SURFACE('',#3060,2.35);
#60=CYLINDRICAL_SURFACE('',#3062,2.35);
#61=CYLINDRICAL_SURFACE('',#3065,2.35);
#62=CYLINDRICAL_SURFACE('',#3076,1.);
#63=CYLINDRICAL_SURFACE('',#3078,1.00000000000001);
#64=CYLINDRICAL_SURFACE('',#3081,1.);
#65=CYLINDRICAL_SURFACE('',#3084,1.00000000000001);
#66=FACE_BOUND('',#426,.T.);
#67=FACE_BOUND('',#430,.T.);
#68=FACE_BOUND('',#434,.T.);
#69=FACE_BOUND('',#438,.T.);
#70=FACE_BOUND('',#443,.T.);
#71=FACE_BOUND('',#447,.T.);
#72=FACE_BOUND('',#451,.T.);
#73=FACE_BOUND('',#456,.T.);
#74=FACE_BOUND('',#465,.T.);
#75=FACE_BOUND('',#469,.T.);
#76=FACE_BOUND('',#470,.T.);
#77=FACE_BOUND('',#473,.T.);
#78=FACE_BOUND('',#476,.T.);
#79=FACE_BOUND('',#477,.T.);
#80=FACE_BOUND('',#478,.T.);
#81=FACE_BOUND('',#479,.T.);
#82=FACE_BOUND('',#480,.T.);
#83=FACE_BOUND('',#481,.T.);
#84=FACE_BOUND('',#482,.T.);
#85=FACE_BOUND('',#483,.T.);
#86=FACE_BOUND('',#487,.T.);
#87=FACE_BOUND('',#492,.T.);
#88=FACE_BOUND('',#497,.T.);
#89=FACE_BOUND('',#500,.T.);
#90=FACE_BOUND('',#505,.T.);
#91=FACE_BOUND('',#510,.T.);
#92=FACE_BOUND('',#515,.T.);
#93=FACE_BOUND('',#533,.T.);
#94=FACE_BOUND('',#534,.T.);
#95=FACE_BOUND('',#535,.T.);
#96=CONICAL_SURFACE('',#2831,2.90000000000001,0.785398163397437);
#97=CONICAL_SURFACE('',#2838,4.4,0.785398163397437);
#98=CONICAL_SURFACE('',#2844,2.90000000000001,0.785398163397437);
#99=CONICAL_SURFACE('',#2851,4.4,0.785398163397437);
#100=CONICAL_SURFACE('',#2857,1.7,0.785398163397448);
#101=CONICAL_SURFACE('',#2865,1.7,0.785398163397448);
#102=CONICAL_SURFACE('',#2873,1.7,0.785398163397437);
#103=CONICAL_SURFACE('',#2880,1.7,0.785398163397437);
#104=CONICAL_SURFACE('',#2884,1.7,0.785398163397437);
#105=CONICAL_SURFACE('',#2891,4.4,0.785398163397437);
#106=CONICAL_SURFACE('',#2895,1.7,0.785398163397437);
#107=CONICAL_SURFACE('',#2899,1.7,0.785398163397437);
#108=CONICAL_SURFACE('',#2907,1.7,0.785398163397437);
#109=CONICAL_SURFACE('',#2916,1.7,0.785398163397448);
#110=CONICAL_SURFACE('',#2920,3.1,0.785398163397448);
#111=CONICAL_SURFACE('',#2936,1.7,0.785398163397437);
#112=CONICAL_SURFACE('',#2940,3.1,0.785398163397437);
#113=CONICAL_SURFACE('',#2943,1.7,0.785398163397437);
#114=CONICAL_SURFACE('',#2947,3.1,0.785398163397437);
#115=CONICAL_SURFACE('',#2950,1.7,0.785398163397437);
#116=CONICAL_SURFACE('',#2954,1.7,0.785398163397437);
#117=CONICAL_SURFACE('',#2958,3.1,0.785398163397437);
#118=CONICAL_SURFACE('',#2961,1.7,0.785398163397437);
#119=CONICAL_SURFACE('',#2965,3.1,0.785398163397437);
#120=CONICAL_SURFACE('',#2968,1.7,0.785398163397437);
#121=CONICAL_SURFACE('',#2972,3.1,0.785398163397437);
#122=CONICAL_SURFACE('',#2975,1.7,0.785398163397448);
#123=CONICAL_SURFACE('',#2979,3.1,0.785398163397448);
#124=CIRCLE('',#2803,1.);
#125=CIRCLE('',#2805,1.00000000000001);
#126=CIRCLE('',#2809,1.00000000000001);
#127=CIRCLE('',#2812,2.2);
#128=CIRCLE('',#2813,2.2);
#129=CIRCLE('',#2814,2.35);
#130=CIRCLE('',#2815,2.35);
#131=CIRCLE('',#2816,2.35);
#132=CIRCLE('',#2817,2.35);
#133=CIRCLE('',#2819,1.);
#134=CIRCLE('',#2821,0.999999999999994);
#135=CIRCLE('',#2823,2.35);
#136=CIRCLE('',#2824,2.35);
#137=CIRCLE('',#2825,2.35);
#138=CIRCLE('',#2826,2.35);
#139=CIRCLE('',#2827,2.2);
#140=CIRCLE('',#2828,2.2);
#141=CIRCLE('',#2830,0.999999999999994);
#142=CIRCLE('',#2832,2.80000000000001);
#143=CIRCLE('',#2833,3.00000000000001);
#144=CIRCLE('',#2835,1.8);
#145=CIRCLE('',#2837,3.00000000000001);
#146=CIRCLE('',#2839,4.49999999999999);
#147=CIRCLE('',#2840,4.3);
#148=CIRCLE('',#2843,4.49999999999999);
#149=CIRCLE('',#2845,2.80000000000001);
#150=CIRCLE('',#2846,3.00000000000001);
#151=CIRCLE('',#2848,1.8);
#152=CIRCLE('',#2850,3.00000000000001);
#153=CIRCLE('',#2852,4.49999999999999);
#154=CIRCLE('',#2853,4.3);
#155=CIRCLE('',#2856,4.49999999999999);
#156=CIRCLE('',#2858,1.8);
#157=CIRCLE('',#2859,1.6);
#158=CIRCLE('',#2861,1.6);
#159=CIRCLE('',#2863,2.07347937428014);
#160=CIRCLE('',#2864,4.5);
#161=CIRCLE('',#2866,1.8);
#162=CIRCLE('',#2867,1.6);
#163=CIRCLE('',#2869,1.6);
#164=CIRCLE('',#2871,4.5);
#165=CIRCLE('',#2872,2.07347937428014);
#166=CIRCLE('',#2874,1.8);
#167=CIRCLE('',#2875,1.6);
#168=CIRCLE('',#2877,1.6);
#169=CIRCLE('',#2879,4.49999999999999);
#170=CIRCLE('',#2881,1.6);
#171=CIRCLE('',#2883,1.6);
#172=CIRCLE('',#2885,1.8);
#173=CIRCLE('',#2886,1.6);
#174=CIRCLE('',#2888,4.3);
#175=CIRCLE('',#2890,1.6);
#176=CIRCLE('',#2892,4.49999999999999);
#177=CIRCLE('',#2894,4.49999999999999);
#178=CIRCLE('',#2896,1.6);
#179=CIRCLE('',#2898,1.6);
#180=CIRCLE('',#2900,1.8);
#181=CIRCLE('',#2901,1.6);
#182=CIRCLE('',#2903,1.6);
#183=CIRCLE('',#2905,2.10000000000004);
#184=CIRCLE('',#2906,4.49999999999999);
#185=CIRCLE('',#2908,1.8);
#186=CIRCLE('',#2909,1.6);
#187=CIRCLE('',#2911,1.6);
#188=CIRCLE('',#2913,4.49999999999999);
#189=CIRCLE('',#2914,2.09999999999999);
#190=CIRCLE('',#2915,4.49999999999999);
#191=CIRCLE('',#2917,1.8);
#192=CIRCLE('',#2919,3.);
#193=CIRCLE('',#2921,3.2);
#194=CIRCLE('',#2922,3.);
#195=CIRCLE('',#2924,2.10000000000004);
#196=CIRCLE('',#2925,2.09999999999999);
#197=CIRCLE('',#2926,2.07347937428014);
#198=CIRCLE('',#2927,2.07347937428014);
#199=CIRCLE('',#2928,3.2);
#200=CIRCLE('',#2929,3.2);
#201=CIRCLE('',#2930,3.2);
#202=CIRCLE('',#2931,3.00000000000001);
#203=CIRCLE('',#2932,3.2);
#204=CIRCLE('',#2933,3.2);
#205=CIRCLE('',#2934,3.2);
#206=CIRCLE('',#2937,1.8);
#207=CIRCLE('',#2939,3.00000000000001);
#208=CIRCLE('',#2941,3.00000000000001);
#209=CIRCLE('',#2944,1.8);
#210=CIRCLE('',#2946,3.00000000000001);
#211=CIRCLE('',#2948,3.00000000000001);
#212=CIRCLE('',#2951,1.8);
#213=CIRCLE('',#2953,3.00000000000001);
#214=CIRCLE('',#2955,1.8);
#215=CIRCLE('',#2957,3.00000000000001);
#216=CIRCLE('',#2959,3.00000000000001);
#217=CIRCLE('',#2962,1.8);
#218=CIRCLE('',#2964,3.00000000000001);
#219=CIRCLE('',#2966,3.00000000000001);
#220=CIRCLE('',#2969,1.8);
#221=CIRCLE('',#2971,3.00000000000001);
#222=CIRCLE('',#2973,3.00000000000001);
#223=CIRCLE('',#2976,1.8);
#224=CIRCLE('',#2978,3.);
#225=CIRCLE('',#2980,3.);
#226=CIRCLE('',#2985,4.49999999999999);
#227=CIRCLE('',#2989,1.);
#228=CIRCLE('',#2992,4.5);
#229=CIRCLE('',#2996,4.5);
#230=CIRCLE('',#3001,4.49999999999999);
#231=CIRCLE('',#3002,4.49999999999999);
#232=CIRCLE('',#3006,4.49999999999999);
#233=CIRCLE('',#3014,1.);
#234=CIRCLE('',#3020,2.35);
#235=CIRCLE('',#3023,2.35);
#236=CIRCLE('',#3025,2.35);
#237=CIRCLE('',#3027,1.);
#238=CIRCLE('',#3028,2.2);
#239=CIRCLE('',#3029,2.2);
#240=CIRCLE('',#3030,2.35);
#241=CIRCLE('',#3031,0.999999999999994);
#242=CIRCLE('',#3046,1.);
#243=CIRCLE('',#3049,0.999999999999994);
#244=CIRCLE('',#3055,2.2);
#245=CIRCLE('',#3057,2.2);
#246=CIRCLE('',#3059,2.35);
#247=CIRCLE('',#3061,2.35);
#248=CIRCLE('',#3063,2.35);
#249=CIRCLE('',#3066,2.35);
#250=CIRCLE('',#3073,1.);
#251=CIRCLE('',#3074,1.00000000000001);
#252=CIRCLE('',#3082,1.);
#253=CIRCLE('',#3085,1.00000000000001);
#254=FACE_OUTER_BOUND('',#412,.T.);
#255=FACE_OUTER_BOUND('',#413,.T.);
#256=FACE_OUTER_BOUND('',#414,.T.);
#257=FACE_OUTER_BOUND('',#415,.T.);
#258=FACE_OUTER_BOUND('',#416,.T.);
#259=FACE_OUTER_BOUND('',#417,.T.);
#260=FACE_OUTER_BOUND('',#418,.T.);
#261=FACE_OUTER_BOUND('',#419,.T.);
#262=FACE_OUTER_BOUND('',#420,.T.);
#263=FACE_OUTER_BOUND('',#421,.T.);
#264=FACE_OUTER_BOUND('',#422,.T.);
#265=FACE_OUTER_BOUND('',#423,.T.);
#266=FACE_OUTER_BOUND('',#424,.T.);
#267=FACE_OUTER_BOUND('',#425,.T.);
#268=FACE_OUTER_BOUND('',#427,.T.);
#269=FACE_OUTER_BOUND('',#428,.T.);
#270=FACE_OUTER_BOUND('',#429,.T.);
#271=FACE_OUTER_BOUND('',#431,.T.);
#272=FACE_OUTER_BOUND('',#432,.T.);
#273=FACE_OUTER_BOUND('',#433,.T.);
#274=FACE_OUTER_BOUND('',#435,.T.);
#275=FACE_OUTER_BOUND('',#436,.T.);
#276=FACE_OUTER_BOUND('',#437,.T.);
#277=FACE_OUTER_BOUND('',#439,.T.);
#278=FACE_OUTER_BOUND('',#440,.T.);
#279=FACE_OUTER_BOUND('',#441,.T.);
#280=FACE_OUTER_BOUND('',#442,.T.);
#281=FACE_OUTER_BOUND('',#444,.T.);
#282=FACE_OUTER_BOUND('',#445,.T.);
#283=FACE_OUTER_BOUND('',#446,.T.);
#284=FACE_OUTER_BOUND('',#448,.T.);
#285=FACE_OUTER_BOUND('',#449,.T.);
#286=FACE_OUTER_BOUND('',#450,.T.);
#287=FACE_OUTER_BOUND('',#452,.T.);
#288=FACE_OUTER_BOUND('',#453,.T.);
#289=FACE_OUTER_BOUND('',#454,.T.);
#290=FACE_OUTER_BOUND('',#455,.T.);
#291=FACE_OUTER_BOUND('',#457,.T.);
#292=FACE_OUTER_BOUND('',#458,.T.);
#293=FACE_OUTER_BOUND('',#459,.T.);
#294=FACE_OUTER_BOUND('',#460,.T.);
#295=FACE_OUTER_BOUND('',#461,.T.);
#296=FACE_OUTER_BOUND('',#462,.T.);
#297=FACE_OUTER_BOUND('',#463,.T.);
#298=FACE_OUTER_BOUND('',#464,.T.);
#299=FACE_OUTER_BOUND('',#466,.T.);
#300=FACE_OUTER_BOUND('',#467,.T.);
#301=FACE_OUTER_BOUND('',#468,.T.);
#302=FACE_OUTER_BOUND('',#471,.T.);
#303=FACE_OUTER_BOUND('',#472,.T.);
#304=FACE_OUTER_BOUND('',#474,.T.);
#305=FACE_OUTER_BOUND('',#475,.T.);
#306=FACE_OUTER_BOUND('',#484,.T.);
#307=FACE_OUTER_BOUND('',#485,.T.);
#308=FACE_OUTER_BOUND('',#486,.T.);
#309=FACE_OUTER_BOUND('',#488,.T.);
#310=FACE_OUTER_BOUND('',#489,.T.);
#311=FACE_OUTER_BOUND('',#490,.T.);
#312=FACE_OUTER_BOUND('',#491,.T.);
#313=FACE_OUTER_BOUND('',#493,.T.);
#314=FACE_OUTER_BOUND('',#494,.T.);
#315=FACE_OUTER_BOUND('',#495,.T.);
#316=FACE_OUTER_BOUND('',#496,.T.);
#317=FACE_OUTER_BOUND('',#498,.T.);
#318=FACE_OUTER_BOUND('',#499,.T.);
#319=FACE_OUTER_BOUND('',#501,.T.);
#320=FACE_OUTER_BOUND('',#502,.T.);
#321=FACE_OUTER_BOUND('',#503,.T.);
#322=FACE_OUTER_BOUND('',#504,.T.);
#323=FACE_OUTER_BOUND('',#506,.T.);
#324=FACE_OUTER_BOUND('',#507,.T.);
#325=FACE_OUTER_BOUND('',#508,.T.);
#326=FACE_OUTER_BOUND('',#509,.T.);
#327=FACE_OUTER_BOUND('',#511,.T.);
#328=FACE_OUTER_BOUND('',#512,.T.);
#329=FACE_OUTER_BOUND('',#513,.T.);
#330=FACE_OUTER_BOUND('',#514,.T.);
#331=FACE_OUTER_BOUND('',#516,.T.);
#332=FACE_OUTER_BOUND('',#517,.T.);
#333=FACE_OUTER_BOUND('',#518,.T.);
#334=FACE_OUTER_BOUND('',#519,.T.);
#335=FACE_OUTER_BOUND('',#520,.T.);
#336=FACE_OUTER_BOUND('',#521,.T.);
#337=FACE_OUTER_BOUND('',#522,.T.);
#338=FACE_OUTER_BOUND('',#523,.T.);
#339=FACE_OUTER_BOUND('',#524,.T.);
#340=FACE_OUTER_BOUND('',#525,.T.);
#341=FACE_OUTER_BOUND('',#526,.T.);
#342=FACE_OUTER_BOUND('',#527,.T.);
#343=FACE_OUTER_BOUND('',#528,.T.);
#344=FACE_OUTER_BOUND('',#529,.T.);
#345=FACE_OUTER_BOUND('',#530,.T.);
#346=FACE_OUTER_BOUND('',#531,.T.);
#347=FACE_OUTER_BOUND('',#532,.T.);
#348=FACE_OUTER_BOUND('',#536,.T.);
#349=FACE_OUTER_BOUND('',#537,.T.);
#350=FACE_OUTER_BOUND('',#538,.T.);
#351=FACE_OUTER_BOUND('',#539,.T.);
#352=FACE_OUTER_BOUND('',#540,.T.);
#353=FACE_OUTER_BOUND('',#541,.T.);
#354=FACE_OUTER_BOUND('',#542,.T.);
#355=FACE_OUTER_BOUND('',#543,.T.);
#356=FACE_OUTER_BOUND('',#544,.T.);
#357=FACE_OUTER_BOUND('',#545,.T.);
#358=FACE_OUTER_BOUND('',#546,.T.);
#359=FACE_OUTER_BOUND('',#547,.T.);
#360=FACE_OUTER_BOUND('',#548,.T.);
#361=FACE_OUTER_BOUND('',#549,.T.);
#362=FACE_OUTER_BOUND('',#550,.T.);
#363=FACE_OUTER_BOUND('',#551,.T.);
#364=FACE_OUTER_BOUND('',#552,.T.);
#365=FACE_OUTER_BOUND('',#553,.T.);
#366=FACE_OUTER_BOUND('',#554,.T.);
#367=FACE_OUTER_BOUND('',#555,.T.);
#368=FACE_OUTER_BOUND('',#556,.T.);
#369=FACE_OUTER_BOUND('',#557,.T.);
#370=FACE_OUTER_BOUND('',#558,.T.);
#371=FACE_OUTER_BOUND('',#559,.T.);
#372=FACE_OUTER_BOUND('',#560,.T.);
#373=FACE_OUTER_BOUND('',#561,.T.);
#374=FACE_OUTER_BOUND('',#562,.T.);
#375=FACE_OUTER_BOUND('',#563,.T.);
#376=FACE_OUTER_BOUND('',#564,.T.);
#377=FACE_OUTER_BOUND('',#565,.T.);
#378=FACE_OUTER_BOUND('',#566,.T.);
#379=FACE_OUTER_BOUND('',#567,.T.);
#380=FACE_OUTER_BOUND('',#568,.T.);
#381=FACE_OUTER_BOUND('',#569,.T.);
#382=FACE_OUTER_BOUND('',#570,.T.);
#383=FACE_OUTER_BOUND('',#571,.T.);
#384=FACE_OUTER_BOUND('',#572,.T.);
#385=FACE_OUTER_BOUND('',#573,.T.);
#386=FACE_OUTER_BOUND('',#574,.T.);
#387=FACE_OUTER_BOUND('',#575,.T.);
#388=FACE_OUTER_BOUND('',#576,.T.);
#389=FACE_OUTER_BOUND('',#577,.T.);
#390=FACE_OUTER_BOUND('',#578,.T.);
#391=FACE_OUTER_BOUND('',#579,.T.);
#392=FACE_OUTER_BOUND('',#580,.T.);
#393=FACE_OUTER_BOUND('',#581,.T.);
#394=FACE_OUTER_BOUND('',#582,.T.);
#395=FACE_OUTER_BOUND('',#583,.T.);
#396=FACE_OUTER_BOUND('',#584,.T.);
#397=FACE_OUTER_BOUND('',#585,.T.);
#398=FACE_OUTER_BOUND('',#586,.T.);
#399=FACE_OUTER_BOUND('',#587,.T.);
#400=FACE_OUTER_BOUND('',#588,.T.);
#401=FACE_OUTER_BOUND('',#589,.T.);
#402=FACE_OUTER_BOUND('',#590,.T.);
#403=FACE_OUTER_BOUND('',#591,.T.);
#404=FACE_OUTER_BOUND('',#592,.T.);
#405=FACE_OUTER_BOUND('',#593,.T.);
#406=FACE_OUTER_BOUND('',#594,.T.);
#407=FACE_OUTER_BOUND('',#595,.T.);
#408=FACE_OUTER_BOUND('',#596,.T.);
#409=FACE_OUTER_BOUND('',#597,.T.);
#410=FACE_OUTER_BOUND('',#598,.T.);
#411=FACE_OUTER_BOUND('',#599,.T.);
#412=EDGE_LOOP('',(#1766,#1767,#1768,#1769));
#413=EDGE_LOOP('',(#1770,#1771,#1772,#1773,#1774,#1775,#1776,#1777));
#414=EDGE_LOOP('',(#1778,#1779,#1780,#1781,#1782,#1783,#1784));
#415=EDGE_LOOP('',(#1785,#1786,#1787,#1788));
#416=EDGE_LOOP('',(#1789,#1790,#1791,#1792));
#417=EDGE_LOOP('',(#1793,#1794,#1795,#1796,#1797,#1798,#1799));
#418=EDGE_LOOP('',(#1800,#1801,#1802,#1803));
#419=EDGE_LOOP('',(#1804,#1805,#1806,#1807,#1808,#1809,#1810,#1811,#1812,
#1813,#1814,#1815,#1816,#1817,#1818,#1819));
#420=EDGE_LOOP('',(#1820,#1821,#1822,#1823,#1824,#1825,#1826,#1827));
#421=EDGE_LOOP('',(#1828,#1829,#1830,#1831,#1832,#1833,#1834,#1835));
#422=EDGE_LOOP('',(#1836,#1837,#1838,#1839,#1840,#1841,#1842,#1843,#1844,
#1845,#1846,#1847,#1848,#1849,#1850,#1851));
#423=EDGE_LOOP('',(#1852,#1853,#1854,#1855,#1856,#1857,#1858));
#424=EDGE_LOOP('',(#1859,#1860,#1861,#1862));
#425=EDGE_LOOP('',(#1863));
#426=EDGE_LOOP('',(#1864));
#427=EDGE_LOOP('',(#1865,#1866,#1867,#1868));
#428=EDGE_LOOP('',(#1869,#1870,#1871,#1872));
#429=EDGE_LOOP('',(#1873));
#430=EDGE_LOOP('',(#1874));
#431=EDGE_LOOP('',(#1875,#1876,#1877,#1878));
#432=EDGE_LOOP('',(#1879,#1880,#1881,#1882));
#433=EDGE_LOOP('',(#1883));
#434=EDGE_LOOP('',(#1884));
#435=EDGE_LOOP('',(#1885,#1886,#1887,#1888));
#436=EDGE_LOOP('',(#1889,#1890,#1891,#1892));
#437=EDGE_LOOP('',(#1893));
#438=EDGE_LOOP('',(#1894));
#439=EDGE_LOOP('',(#1895,#1896,#1897,#1898));
#440=EDGE_LOOP('',(#1899,#1900,#1901,#1902));
#441=EDGE_LOOP('',(#1903,#1904,#1905,#1906));
#442=EDGE_LOOP('',(#1907,#1908,#1909,#1910,#1911,#1912));
#443=EDGE_LOOP('',(#1913));
#444=EDGE_LOOP('',(#1914,#1915,#1916,#1917));
#445=EDGE_LOOP('',(#1918,#1919,#1920,#1921));
#446=EDGE_LOOP('',(#1922,#1923,#1924,#1925,#1926,#1927));
#447=EDGE_LOOP('',(#1928));
#448=EDGE_LOOP('',(#1929,#1930,#1931,#1932));
#449=EDGE_LOOP('',(#1933,#1934,#1935,#1936));
#450=EDGE_LOOP('',(#1937,#1938,#1939,#1940));
#451=EDGE_LOOP('',(#1941));
#452=EDGE_LOOP('',(#1942,#1943,#1944,#1945));
#453=EDGE_LOOP('',(#1946,#1947,#1948,#1949));
#454=EDGE_LOOP('',(#1950,#1951,#1952,#1953));
#455=EDGE_LOOP('',(#1954));
#456=EDGE_LOOP('',(#1955));
#457=EDGE_LOOP('',(#1956,#1957,#1958,#1959));
#458=EDGE_LOOP('',(#1960,#1961,#1962,#1963));
#459=EDGE_LOOP('',(#1964,#1965,#1966,#1967));
#460=EDGE_LOOP('',(#1968,#1969,#1970,#1971));
#461=EDGE_LOOP('',(#1972,#1973,#1974,#1975));
#462=EDGE_LOOP('',(#1976,#1977,#1978,#1979));
#463=EDGE_LOOP('',(#1980,#1981,#1982,#1983));
#464=EDGE_LOOP('',(#1984,#1985,#1986,#1987,#1988,#1989));
#465=EDGE_LOOP('',(#1990));
#466=EDGE_LOOP('',(#1991,#1992,#1993,#1994));
#467=EDGE_LOOP('',(#1995,#1996,#1997,#1998));
#468=EDGE_LOOP('',(#1999,#2000,#2001,#2002,#2003,#2004));
#469=EDGE_LOOP('',(#2005,#2006));
#470=EDGE_LOOP('',(#2007));
#471=EDGE_LOOP('',(#2008,#2009,#2010,#2011));
#472=EDGE_LOOP('',(#2012));
#473=EDGE_LOOP('',(#2013));
#474=EDGE_LOOP('',(#2014,#2015,#2016,#2017));
#475=EDGE_LOOP('',(#2018,#2019,#2020,#2021,#2022,#2023,#2024,#2025,#2026,
#2027,#2028,#2029,#2030,#2031,#2032,#2033,#2034,#2035,#2036,#2037,#2038,
#2039,#2040,#2041));
#476=EDGE_LOOP('',(#2042));
#477=EDGE_LOOP('',(#2043));
#478=EDGE_LOOP('',(#2044));
#479=EDGE_LOOP('',(#2045,#2046));
#480=EDGE_LOOP('',(#2047));
#481=EDGE_LOOP('',(#2048));
#482=EDGE_LOOP('',(#2049));
#483=EDGE_LOOP('',(#2050));
#484=EDGE_LOOP('',(#2051,#2052,#2053,#2054));
#485=EDGE_LOOP('',(#2055,#2056,#2057,#2058));
#486=EDGE_LOOP('',(#2059));
#487=EDGE_LOOP('',(#2060));
#488=EDGE_LOOP('',(#2061,#2062,#2063,#2064));
#489=EDGE_LOOP('',(#2065,#2066,#2067,#2068));
#490=EDGE_LOOP('',(#2069,#2070,#2071,#2072));
#491=EDGE_LOOP('',(#2073));
#492=EDGE_LOOP('',(#2074));
#493=EDGE_LOOP('',(#2075,#2076,#2077,#2078));
#494=EDGE_LOOP('',(#2079,#2080,#2081,#2082));
#495=EDGE_LOOP('',(#2083,#2084,#2085,#2086));
#496=EDGE_LOOP('',(#2087,#2088));
#497=EDGE_LOOP('',(#2089));
#498=EDGE_LOOP('',(#2090,#2091,#2092,#2093));
#499=EDGE_LOOP('',(#2094));
#500=EDGE_LOOP('',(#2095));
#501=EDGE_LOOP('',(#2096,#2097,#2098,#2099));
#502=EDGE_LOOP('',(#2100,#2101,#2102,#2103));
#503=EDGE_LOOP('',(#2104,#2105,#2106,#2107));
#504=EDGE_LOOP('',(#2108));
#505=EDGE_LOOP('',(#2109));
#506=EDGE_LOOP('',(#2110,#2111,#2112,#2113));
#507=EDGE_LOOP('',(#2114,#2115,#2116,#2117));
#508=EDGE_LOOP('',(#2118,#2119,#2120,#2121));
#509=EDGE_LOOP('',(#2122));
#510=EDGE_LOOP('',(#2123));
#511=EDGE_LOOP('',(#2124,#2125,#2126,#2127));
#512=EDGE_LOOP('',(#2128,#2129,#2130,#2131));
#513=EDGE_LOOP('',(#2132,#2133,#2134,#2135));
#514=EDGE_LOOP('',(#2136));
#515=EDGE_LOOP('',(#2137));
#516=EDGE_LOOP('',(#2138,#2139,#2140,#2141));
#517=EDGE_LOOP('',(#2142,#2143,#2144,#2145));
#518=EDGE_LOOP('',(#2146,#2147,#2148,#2149));
#519=EDGE_LOOP('',(#2150,#2151,#2152,#2153));
#520=EDGE_LOOP('',(#2154,#2155,#2156,#2157));
#521=EDGE_LOOP('',(#2158,#2159,#2160,#2161,#2162));
#522=EDGE_LOOP('',(#2163,#2164,#2165,#2166,#2167));
#523=EDGE_LOOP('',(#2168,#2169,#2170,#2171,#2172,#2173,#2174,#2175));
#524=EDGE_LOOP('',(#2176,#2177,#2178,#2179,#2180));
#525=EDGE_LOOP('',(#2181,#2182,#2183,#2184));
#526=EDGE_LOOP('',(#2185,#2186,#2187,#2188,#2189));
#527=EDGE_LOOP('',(#2190,#2191,#2192,#2193,#2194,#2195));
#528=EDGE_LOOP('',(#2196,#2197,#2198,#2199));
#529=EDGE_LOOP('',(#2200,#2201,#2202,#2203,#2204));
#530=EDGE_LOOP('',(#2205,#2206,#2207,#2208,#2209,#2210));
#531=EDGE_LOOP('',(#2211,#2212,#2213,#2214,#2215));
#532=EDGE_LOOP('',(#2216,#2217,#2218,#2219,#2220,#2221,#2222,#2223,#2224,
#2225,#2226,#2227,#2228,#2229,#2230,#2231,#2232,#2233,#2234,#2235));
#533=EDGE_LOOP('',(#2236));
#534=EDGE_LOOP('',(#2237));
#535=EDGE_LOOP('',(#2238));
#536=EDGE_LOOP('',(#2239,#2240,#2241,#2242));
#537=EDGE_LOOP('',(#2243,#2244,#2245,#2246,#2247));
#538=EDGE_LOOP('',(#2248,#2249,#2250,#2251));
#539=EDGE_LOOP('',(#2252,#2253,#2254,#2255));
#540=EDGE_LOOP('',(#2256,#2257,#2258,#2259,#2260));
#541=EDGE_LOOP('',(#2261,#2262));
#542=EDGE_LOOP('',(#2263,#2264,#2265,#2266,#2267));
#543=EDGE_LOOP('',(#2268,#2269,#2270,#2271));
#544=EDGE_LOOP('',(#2272,#2273,#2274,#2275,#2276));
#545=EDGE_LOOP('',(#2277,#2278,#2279,#2280,#2281,#2282,#2283));
#546=EDGE_LOOP('',(#2284,#2285,#2286,#2287));
#547=EDGE_LOOP('',(#2288,#2289,#2290,#2291));
#548=EDGE_LOOP('',(#2292,#2293,#2294,#2295));
#549=EDGE_LOOP('',(#2296,#2297,#2298,#2299));
#550=EDGE_LOOP('',(#2300,#2301,#2302,#2303));
#551=EDGE_LOOP('',(#2304,#2305,#2306,#2307));
#552=EDGE_LOOP('',(#2308,#2309,#2310,#2311));
#553=EDGE_LOOP('',(#2312,#2313,#2314,#2315));
#554=EDGE_LOOP('',(#2316,#2317,#2318,#2319,#2320,#2321,#2322,#2323,#2324,
#2325,#2326,#2327,#2328,#2329,#2330,#2331,#2332,#2333));
#555=EDGE_LOOP('',(#2334,#2335,#2336,#2337));
#556=EDGE_LOOP('',(#2338,#2339,#2340,#2341));
#557=EDGE_LOOP('',(#2342,#2343,#2344,#2345));
#558=EDGE_LOOP('',(#2346,#2347,#2348,#2349));
#559=EDGE_LOOP('',(#2350,#2351,#2352,#2353));
#560=EDGE_LOOP('',(#2354,#2355,#2356,#2357,#2358));
#561=EDGE_LOOP('',(#2359,#2360,#2361,#2362));
#562=EDGE_LOOP('',(#2363,#2364,#2365,#2366));
#563=EDGE_LOOP('',(#2367,#2368,#2369,#2370,#2371));
#564=EDGE_LOOP('',(#2372,#2373,#2374,#2375));
#565=EDGE_LOOP('',(#2376,#2377,#2378,#2379,#2380));
#566=EDGE_LOOP('',(#2381,#2382,#2383,#2384,#2385));
#567=EDGE_LOOP('',(#2386,#2387,#2388,#2389,#2390));
#568=EDGE_LOOP('',(#2391,#2392,#2393,#2394));
#569=EDGE_LOOP('',(#2395,#2396,#2397,#2398,#2399));
#570=EDGE_LOOP('',(#2400,#2401,#2402,#2403));
#571=EDGE_LOOP('',(#2404,#2405,#2406,#2407));
#572=EDGE_LOOP('',(#2408,#2409,#2410,#2411));
#573=EDGE_LOOP('',(#2412,#2413,#2414,#2415,#2416));
#574=EDGE_LOOP('',(#2417,#2418,#2419,#2420,#2421));
#575=EDGE_LOOP('',(#2422,#2423,#2424,#2425));
#576=EDGE_LOOP('',(#2426,#2427,#2428,#2429));
#577=EDGE_LOOP('',(#2430,#2431,#2432,#2433));
#578=EDGE_LOOP('',(#2434,#2435,#2436,#2437));
#579=EDGE_LOOP('',(#2438,#2439,#2440,#2441));
#580=EDGE_LOOP('',(#2442,#2443,#2444,#2445));
#581=EDGE_LOOP('',(#2446,#2447,#2448,#2449));
#582=EDGE_LOOP('',(#2450,#2451,#2452,#2453));
#583=EDGE_LOOP('',(#2454,#2455,#2456,#2457));
#584=EDGE_LOOP('',(#2458,#2459,#2460,#2461,#2462,#2463,#2464,#2465,#2466,
#2467,#2468,#2469,#2470,#2471,#2472,#2473,#2474,#2475));
#585=EDGE_LOOP('',(#2476,#2477,#2478,#2479));
#586=EDGE_LOOP('',(#2480,#2481,#2482,#2483));
#587=EDGE_LOOP('',(#2484,#2485,#2486,#2487,#2488,#2489));
#588=EDGE_LOOP('',(#2490,#2491,#2492,#2493,#2494));
#589=EDGE_LOOP('',(#2495,#2496,#2497,#2498));
#590=EDGE_LOOP('',(#2499,#2500,#2501,#2502,#2503,#2504,#2505,#2506));
#591=EDGE_LOOP('',(#2507,#2508,#2509,#2510));
#592=EDGE_LOOP('',(#2511,#2512,#2513,#2514,#2515));
#593=EDGE_LOOP('',(#2516,#2517,#2518,#2519,#2520));
#594=EDGE_LOOP('',(#2521,#2522,#2523,#2524));
#595=EDGE_LOOP('',(#2525,#2526,#2527,#2528,#2529,#2530));
#596=EDGE_LOOP('',(#2531,#2532,#2533,#2534));
#597=EDGE_LOOP('',(#2535,#2536,#2537,#2538,#2539));
#598=EDGE_LOOP('',(#2540,#2541,#2542,#2543,#2544,#2545));
#599=EDGE_LOOP('',(#2546,#2547,#2548,#2549));
#600=LINE('',#3933,#862);
#601=LINE('',#3935,#863);
#602=LINE('',#3937,#864);
#603=LINE('',#3938,#865);
#604=LINE('',#3942,#866);
#605=LINE('',#3945,#867);
#606=LINE('',#3947,#868);
#607=LINE('',#3949,#869);
#608=LINE('',#3951,#870);
#609=LINE('',#3953,#871);
#610=LINE('',#3954,#872);
#611=LINE('',#3957,#873);
#612=LINE('',#3961,#874);
#613=LINE('',#3963,#875);
#614=LINE('',#3965,#876);
#615=LINE('',#3967,#877);
#616=LINE('',#3968,#878);
#617=LINE('',#3972,#879);
#618=LINE('',#3974,#880);
#619=LINE('',#3976,#881);
#620=LINE('',#3977,#882);
#621=LINE('',#3981,#883);
#622=LINE('',#3983,#884);
#623=LINE('',#3985,#885);
#624=LINE('',#3986,#886);
#625=LINE('',#3990,#887);
#626=LINE('',#3993,#888);
#627=LINE('',#3995,#889);
#628=LINE('',#3997,#890);
#629=LINE('',#3999,#891);
#630=LINE('',#4000,#892);
#631=LINE('',#4002,#893);
#632=LINE('',#4004,#894);
#633=LINE('',#4006,#895);
#634=LINE('',#4007,#896);
#635=LINE('',#4011,#897);
#636=LINE('',#4013,#898);
#637=LINE('',#4015,#899);
#638=LINE('',#4017,#900);
#639=LINE('',#4021,#901);
#640=LINE('',#4025,#902);
#641=LINE('',#4029,#903);
#642=LINE('',#4033,#904);
#643=LINE('',#4037,#905);
#644=LINE('',#4040,#906);
#645=LINE('',#4044,#907);
#646=LINE('',#4047,#908);
#647=LINE('',#4049,#909);
#648=LINE('',#4051,#910);
#649=LINE('',#4053,#911);
#650=LINE('',#4055,#912);
#651=LINE('',#4056,#913);
#652=LINE('',#4059,#914);
#653=LINE('',#4063,#915);
#654=LINE('',#4065,#916);
#655=LINE('',#4067,#917);
#656=LINE('',#4069,#918);
#657=LINE('',#4071,#919);
#658=LINE('',#4072,#920);
#659=LINE('',#4076,#921);
#660=LINE('',#4078,#922);
#661=LINE('',#4080,#923);
#662=LINE('',#4082,#924);
#663=LINE('',#4086,#925);
#664=LINE('',#4090,#926);
#665=LINE('',#4094,#927);
#666=LINE('',#4098,#928);
#667=LINE('',#4102,#929);
#668=LINE('',#4105,#930);
#669=LINE('',#4109,#931);
#670=LINE('',#4112,#932);
#671=LINE('',#4114,#933);
#672=LINE('',#4116,#934);
#673=LINE('',#4118,#935);
#674=LINE('',#4119,#936);
#675=LINE('',#4124,#937);
#676=LINE('',#4131,#938);
#677=LINE('',#4137,#939);
#678=LINE('',#4143,#940);
#679=LINE('',#4148,#941);
#680=LINE('',#4155,#942);
#681=LINE('',#4161,#943);
#682=LINE('',#4167,#944);
#683=LINE('',#4172,#945);
#684=LINE('',#4177,#946);
#685=LINE('',#4181,#947);
#686=LINE('',#4184,#948);
#687=LINE('',#4189,#949);
#688=LINE('',#4194,#950);
#689=LINE('',#4197,#951);
#690=LINE('',#4201,#952);
#691=LINE('',#4203,#953);
#692=LINE('',#4209,#954);
#693=LINE('',#4214,#955);
#694=LINE('',#4217,#956);
#695=LINE('',#4219,#957);
#696=LINE('',#4223,#958);
#697=LINE('',#4228,#959);
#698=LINE('',#4233,#960);
#699=LINE('',#4241,#961);
#700=LINE('',#4244,#962);
#701=LINE('',#4249,#963);
#702=LINE('',#4252,#964);
#703=LINE('',#4257,#965);
#704=LINE('',#4262,#966);
#705=LINE('',#4267,#967);
#706=LINE('',#4272,#968);
#707=LINE('',#4276,#969);
#708=LINE('',#4277,#970);
#709=LINE('',#4282,#971);
#710=LINE('',#4287,#972);
#711=LINE('',#4290,#973);
#712=LINE('',#4293,#974);
#713=LINE('',#4298,#975);
#714=LINE('',#4301,#976);
#715=LINE('',#4310,#977);
#716=LINE('',#4315,#978);
#717=LINE('',#4317,#979);
#718=LINE('',#4319,#980);
#719=LINE('',#4320,#981);
#720=LINE('',#4324,#982);
#721=LINE('',#4326,#983);
#722=LINE('',#4328,#984);
#723=LINE('',#4329,#985);
#724=LINE('',#4332,#986);
#725=LINE('',#4334,#987);
#726=LINE('',#4335,#988);
#727=LINE('',#4338,#989);
#728=LINE('',#4340,#990);
#729=LINE('',#4341,#991);
#730=LINE('',#4352,#992);
#731=LINE('',#4360,#993);
#732=LINE('',#4363,#994);
#733=LINE('',#4370,#995);
#734=LINE('',#4373,#996);
#735=LINE('',#4376,#997);
#736=LINE('',#4383,#998);
#737=LINE('',#4386,#999);
#738=LINE('',#4389,#1000);
#739=LINE('',#4394,#1001);
#740=LINE('',#4398,#1002);
#741=LINE('',#4405,#1003);
#742=LINE('',#4408,#1004);
#743=LINE('',#4411,#1005);
#744=LINE('',#4418,#1006);
#745=LINE('',#4421,#1007);
#746=LINE('',#4424,#1008);
#747=LINE('',#4431,#1009);
#748=LINE('',#4434,#1010);
#749=LINE('',#4437,#1011);
#750=LINE('',#4444,#1012);
#751=LINE('',#4447,#1013);
#752=LINE('',#4449,#1014);
#753=LINE('',#4450,#1015);
#754=LINE('',#4456,#1016);
#755=LINE('',#4457,#1017);
#756=LINE('',#4459,#1018);
#757=LINE('',#4461,#1019);
#758=LINE('',#4464,#1020);
#759=LINE('',#4466,#1021);
#760=LINE('',#4467,#1022);
#761=LINE('',#4468,#1023);
#762=LINE('',#4470,#1024);
#763=LINE('',#4474,#1025);
#764=LINE('',#4475,#1026);
#765=LINE('',#4479,#1027);
#766=LINE('',#4481,#1028);
#767=LINE('',#4487,#1029);
#768=LINE('',#4488,#1030);
#769=LINE('',#4490,#1031);
#770=LINE('',#4493,#1032);
#771=LINE('',#4496,#1033);
#772=LINE('',#4499,#1034);
#773=LINE('',#4501,#1035);
#774=LINE('',#4504,#1036);
#775=LINE('',#4508,#1037);
#776=LINE('',#4509,#1038);
#777=LINE('',#4510,#1039);
#778=LINE('',#4512,#1040);
#779=LINE('',#4516,#1041);
#780=LINE('',#4520,#1042);
#781=LINE('',#4522,#1043);
#782=LINE('',#4524,#1044);
#783=LINE('',#4527,#1045);
#784=LINE('',#4528,#1046);
#785=LINE('',#4530,#1047);
#786=LINE('',#4536,#1048);
#787=LINE('',#4538,#1049);
#788=LINE('',#4539,#1050);
#789=LINE('',#4542,#1051);
#790=LINE('',#4544,#1052);
#791=LINE('',#4545,#1053);
#792=LINE('',#4548,#1054);
#793=LINE('',#4551,#1055);
#794=LINE('',#4554,#1056);
#795=LINE('',#4555,#1057);
#796=LINE('',#4558,#1058);
#797=LINE('',#4562,#1059);
#798=LINE('',#4567,#1060);
#799=LINE('',#4571,#1061);
#800=LINE('',#4575,#1062);
#801=LINE('',#4577,#1063);
#802=LINE('',#4580,#1064);
#803=LINE('',#4584,#1065);
#804=LINE('',#4585,#1066);
#805=LINE('',#4587,#1067);
#806=LINE('',#4588,#1068);
#807=LINE('',#4590,#1069);
#808=LINE('',#4592,#1070);
#809=LINE('',#4594,#1071);
#810=LINE('',#4596,#1072);
#811=LINE('',#4597,#1073);
#812=LINE('',#4600,#1074);
#813=LINE('',#4601,#1075);
#814=LINE('',#4609,#1076);
#815=LINE('',#4611,#1077);
#816=LINE('',#4612,#1078);
#817=LINE('',#4616,#1079);
#818=LINE('',#4620,#1080);
#819=LINE('',#4621,#1081);
#820=LINE('',#4622,#1082);
#821=LINE('',#4626,#1083);
#822=LINE('',#4629,#1084);
#823=LINE('',#4631,#1085);
#824=LINE('',#4632,#1086);
#825=LINE('',#4635,#1087);
#826=LINE('',#4637,#1088);
#827=LINE('',#4638,#1089);
#828=LINE('',#4641,#1090);
#829=LINE('',#4642,#1091);
#830=LINE('',#4645,#1092);
#831=LINE('',#4646,#1093);
#832=LINE('',#4650,#1094);
#833=LINE('',#4653,#1095);
#834=LINE('',#4657,#1096);
#835=LINE('',#4662,#1097);
#836=LINE('',#4666,#1098);
#837=LINE('',#4669,#1099);
#838=LINE('',#4670,#1100);
#839=LINE('',#4674,#1101);
#840=LINE('',#4676,#1102);
#841=LINE('',#4678,#1103);
#842=LINE('',#4682,#1104);
#843=LINE('',#4684,#1105);
#844=LINE('',#4685,#1106);
#845=LINE('',#4688,#1107);
#846=LINE('',#4690,#1108);
#847=LINE('',#4694,#1109);
#848=LINE('',#4697,#1110);
#849=LINE('',#4699,#1111);
#850=LINE('',#4701,#1112);
#851=LINE('',#4703,#1113);
#852=LINE('',#4708,#1114);
#853=LINE('',#4709,#1115);
#854=LINE('',#4710,#1116);
#855=LINE('',#4715,#1117);
#856=LINE('',#4716,#1118);
#857=LINE('',#4719,#1119);
#858=LINE('',#4720,#1120);
#859=LINE('',#4725,#1121);
#860=LINE('',#4726,#1122);
#861=LINE('',#4728,#1123);
#862=VECTOR('',#3093,10.);
#863=VECTOR('',#3094,10.);
#864=VECTOR('',#3095,10.);
#865=VECTOR('',#3096,10.);
#866=VECTOR('',#3099,10.);
#867=VECTOR('',#3102,10.);
#868=VECTOR('',#3103,10.);
#869=VECTOR('',#3104,10.);
#870=VECTOR('',#3105,10.);
#871=VECTOR('',#3106,10.);
#872=VECTOR('',#3107,10.);
#873=VECTOR('',#3110,10.);
#874=VECTOR('',#3113,10.);
#875=VECTOR('',#3114,10.);
#876=VECTOR('',#3115,10.);
#877=VECTOR('',#3116,10.);
#878=VECTOR('',#3117,10.);
#879=VECTOR('',#3120,10.);
#880=VECTOR('',#3121,10.);
#881=VECTOR('',#3122,10.);
#882=VECTOR('',#3123,10.);
#883=VECTOR('',#3126,10.);
#884=VECTOR('',#3127,10.);
#885=VECTOR('',#3128,10.);
#886=VECTOR('',#3129,10.);
#887=VECTOR('',#3132,10.);
#888=VECTOR('',#3135,10.);
#889=VECTOR('',#3136,10.);
#890=VECTOR('',#3137,10.);
#891=VECTOR('',#3138,10.);
#892=VECTOR('',#3139,10.);
#893=VECTOR('',#3142,10.);
#894=VECTOR('',#3143,10.);
#895=VECTOR('',#3144,10.);
#896=VECTOR('',#3145,10.);
#897=VECTOR('',#3148,10.);
#898=VECTOR('',#3149,10.);
#899=VECTOR('',#3150,10.);
#900=VECTOR('',#3151,10.);
#901=VECTOR('',#3154,10.);
#902=VECTOR('',#3157,10.);
#903=VECTOR('',#3160,10.);
#904=VECTOR('',#3163,10.);
#905=VECTOR('',#3166,10.);
#906=VECTOR('',#3169,10.);
#907=VECTOR('',#3172,10.);
#908=VECTOR('',#3175,10.);
#909=VECTOR('',#3176,10.);
#910=VECTOR('',#3177,10.);
#911=VECTOR('',#3178,10.);
#912=VECTOR('',#3179,10.);
#913=VECTOR('',#3180,10.);
#914=VECTOR('',#3183,10.);
#915=VECTOR('',#3186,10.);
#916=VECTOR('',#3187,10.);
#917=VECTOR('',#3188,10.);
#918=VECTOR('',#3189,10.);
#919=VECTOR('',#3190,10.);
#920=VECTOR('',#3191,10.);
#921=VECTOR('',#3194,10.);
#922=VECTOR('',#3195,10.);
#923=VECTOR('',#3196,10.);
#924=VECTOR('',#3197,10.);
#925=VECTOR('',#3200,10.);
#926=VECTOR('',#3203,10.);
#927=VECTOR('',#3206,10.);
#928=VECTOR('',#3209,10.);
#929=VECTOR('',#3212,10.);
#930=VECTOR('',#3215,10.);
#931=VECTOR('',#3218,10.);
#932=VECTOR('',#3221,10.);
#933=VECTOR('',#3222,10.);
#934=VECTOR('',#3223,10.);
#935=VECTOR('',#3224,10.);
#936=VECTOR('',#3225,10.);
#937=VECTOR('',#3230,2.90000000000001);
#938=VECTOR('',#3239,3.00000000000001);
#939=VECTOR('',#3246,4.4);
#940=VECTOR('',#3255,4.49999999999999);
#941=VECTOR('',#3260,2.90000000000001);
#942=VECTOR('',#3269,3.00000000000001);
#943=VECTOR('',#3276,4.4);
#944=VECTOR('',#3285,4.49999999999999);
#945=VECTOR('',#3290,1.7);
#946=VECTOR('',#3297,1.6);
#947=VECTOR('',#3302,10.);
#948=VECTOR('',#3305,10.);
#949=VECTOR('',#3310,1.7);
#950=VECTOR('',#3317,1.6);
#951=VECTOR('',#3320,10.);
#952=VECTOR('',#3323,10.);
#953=VECTOR('',#3324,10.);
#954=VECTOR('',#3331,1.7);
#955=VECTOR('',#3338,1.6);
#956=VECTOR('',#3341,10.);
#957=VECTOR('',#3342,10.);
#958=VECTOR('',#3347,1.7);
#959=VECTOR('',#3354,1.6);
#960=VECTOR('',#3359,1.7);
#961=VECTOR('',#3370,1.6);
#962=VECTOR('',#3373,4.4);
#963=VECTOR('',#3380,4.49999999999999);
#964=VECTOR('',#3383,1.7);
#965=VECTOR('',#3390,1.6);
#966=VECTOR('',#3395,1.7);
#967=VECTOR('',#3402,1.6);
#968=VECTOR('',#3407,10.);
#969=VECTOR('',#3410,10.);
#970=VECTOR('',#3411,10.);
#971=VECTOR('',#3416,1.7);
#972=VECTOR('',#3423,1.6);
#973=VECTOR('',#3426,10.);
#974=VECTOR('',#3429,10.);
#975=VECTOR('',#3434,10.);
#976=VECTOR('',#3437,1.7);
#977=VECTOR('',#3448,3.1);
#978=VECTOR('',#3453,10.);
#979=VECTOR('',#3454,10.);
#980=VECTOR('',#3455,10.);
#981=VECTOR('',#3456,10.);
#982=VECTOR('',#3459,10.);
#983=VECTOR('',#3460,10.);
#984=VECTOR('',#3461,10.);
#985=VECTOR('',#3462,10.);
#986=VECTOR('',#3465,10.);
#987=VECTOR('',#3466,10.);
#988=VECTOR('',#3467,10.);
#989=VECTOR('',#3470,10.);
#990=VECTOR('',#3471,10.);
#991=VECTOR('',#3472,10.);
#992=VECTOR('',#3483,10.);
#993=VECTOR('',#3492,3.);
#994=VECTOR('',#3495,1.7);
#995=VECTOR('',#3504,3.1);
#996=VECTOR('',#3509,3.00000000000001);
#997=VECTOR('',#3512,1.7);
#998=VECTOR('',#3521,3.10000000000001);
#999=VECTOR('',#3526,3.00000000000001);
#1000=VECTOR('',#3529,1.7);
#1001=VECTOR('',#3534,10.);
#1002=VECTOR('',#3539,1.7);
#1003=VECTOR('',#3548,3.10000000000001);
#1004=VECTOR('',#3553,3.00000000000001);
#1005=VECTOR('',#3556,1.7);
#1006=VECTOR('',#3565,3.1);
#1007=VECTOR('',#3570,3.00000000000001);
#1008=VECTOR('',#3573,1.7);
#1009=VECTOR('',#3582,3.1);
#1010=VECTOR('',#3587,3.00000000000001);
#1011=VECTOR('',#3590,1.7);
#1012=VECTOR('',#3599,3.1);
#1013=VECTOR('',#3604,3.);
#1014=VECTOR('',#3607,10.);
#1015=VECTOR('',#3608,10.);
#1016=VECTOR('',#3615,10.);
#1017=VECTOR('',#3616,10.);
#1018=VECTOR('',#3619,10.);
#1019=VECTOR('',#3622,10.);
#1020=VECTOR('',#3625,10.);
#1021=VECTOR('',#3626,10.);
#1022=VECTOR('',#3627,10.);
#1023=VECTOR('',#3628,10.);
#1024=VECTOR('',#3629,10.);
#1025=VECTOR('',#3634,10.);
#1026=VECTOR('',#3635,10.);
#1027=VECTOR('',#3640,10.);
#1028=VECTOR('',#3643,10.);
#1029=VECTOR('',#3650,10.);
#1030=VECTOR('',#3651,10.);
#1031=VECTOR('',#3654,10.);
#1032=VECTOR('',#3659,10.);
#1033=VECTOR('',#3662,10.);
#1034=VECTOR('',#3665,10.);
#1035=VECTOR('',#3666,10.);
#1036=VECTOR('',#3669,10.);
#1037=VECTOR('',#3672,10.);
#1038=VECTOR('',#3673,10.);
#1039=VECTOR('',#3674,10.);
#1040=VECTOR('',#3677,10.);
#1041=VECTOR('',#3684,10.);
#1042=VECTOR('',#3691,10.);
#1043=VECTOR('',#3694,10.);
#1044=VECTOR('',#3697,10.);
#1045=VECTOR('',#3700,10.);
#1046=VECTOR('',#3701,10.);
#1047=VECTOR('',#3702,10.);
#1048=VECTOR('',#3711,10.);
#1049=VECTOR('',#3712,10.);
#1050=VECTOR('',#3713,10.);
#1051=VECTOR('',#3716,10.);
#1052=VECTOR('',#3717,10.);
#1053=VECTOR('',#3718,10.);
#1054=VECTOR('',#3721,10.);
#1055=VECTOR('',#3724,10.);
#1056=VECTOR('',#3727,10.);
#1057=VECTOR('',#3728,10.);
#1058=VECTOR('',#3731,10.);
#1059=VECTOR('',#3736,10.);
#1060=VECTOR('',#3741,10.);
#1061=VECTOR('',#3744,10.);
#1062=VECTOR('',#3749,10.);
#1063=VECTOR('',#3750,10.);
#1064=VECTOR('',#3753,10.);
#1065=VECTOR('',#3756,10.);
#1066=VECTOR('',#3757,10.);
#1067=VECTOR('',#3760,10.);
#1068=VECTOR('',#3761,10.);
#1069=VECTOR('',#3764,10.);
#1070=VECTOR('',#3767,10.);
#1071=VECTOR('',#3770,10.);
#1072=VECTOR('',#3773,10.);
#1073=VECTOR('',#3774,10.);
#1074=VECTOR('',#3779,10.);
#1075=VECTOR('',#3780,10.);
#1076=VECTOR('',#3793,10.);
#1077=VECTOR('',#3794,10.);
#1078=VECTOR('',#3795,10.);
#1079=VECTOR('',#3800,10.);
#1080=VECTOR('',#3803,10.);
#1081=VECTOR('',#3804,10.);
#1082=VECTOR('',#3805,10.);
#1083=VECTOR('',#3810,10.);
#1084=VECTOR('',#3813,10.);
#1085=VECTOR('',#3814,10.);
#1086=VECTOR('',#3815,10.);
#1087=VECTOR('',#3818,10.);
#1088=VECTOR('',#3819,10.);
#1089=VECTOR('',#3820,10.);
#1090=VECTOR('',#3823,10.);
#1091=VECTOR('',#3824,10.);
#1092=VECTOR('',#3827,10.);
#1093=VECTOR('',#3828,10.);
#1094=VECTOR('',#3833,10.);
#1095=VECTOR('',#3836,10.);
#1096=VECTOR('',#3841,10.);
#1097=VECTOR('',#3848,10.);
#1098=VECTOR('',#3853,10.);
#1099=VECTOR('',#3856,10.);
#1100=VECTOR('',#3857,10.);
#1101=VECTOR('',#3864,10.);
#1102=VECTOR('',#3867,10.);
#1103=VECTOR('',#3870,10.);
#1104=VECTOR('',#3875,10.);
#1105=VECTOR('',#3876,10.);
#1106=VECTOR('',#3877,10.);
#1107=VECTOR('',#3880,10.);
#1108=VECTOR('',#3881,10.);
#1109=VECTOR('',#3884,10.);
#1110=VECTOR('',#3889,10.);
#1111=VECTOR('',#3892,10.);
#1112=VECTOR('',#3895,10.);
#1113=VECTOR('',#3898,10.);
#1114=VECTOR('',#3903,10.);
#1115=VECTOR('',#3904,10.);
#1116=VECTOR('',#3905,10.);
#1117=VECTOR('',#3910,10.);
#1118=VECTOR('',#3911,10.);
#1119=VECTOR('',#3914,10.);
#1120=VECTOR('',#3915,10.);
#1121=VECTOR('',#3922,10.);
#1122=VECTOR('',#3923,10.);
#1123=VECTOR('',#3926,10.);
#1124=VERTEX_POINT('',#3931);
#1125=VERTEX_POINT('',#3932);
#1126=VERTEX_POINT('',#3934);
#1127=VERTEX_POINT('',#3936);
#1128=VERTEX_POINT('',#3940);
#1129=VERTEX_POINT('',#3941);
#1130=VERTEX_POINT('',#3943);
#1131=VERTEX_POINT('',#3946);
#1132=VERTEX_POINT('',#3948);
#1133=VERTEX_POINT('',#3950);
#1134=VERTEX_POINT('',#3952);
#1135=VERTEX_POINT('',#3956);
#1136=VERTEX_POINT('',#3958);
#1137=VERTEX_POINT('',#3960);
#1138=VERTEX_POINT('',#3962);
#1139=VERTEX_POINT('',#3964);
#1140=VERTEX_POINT('',#3966);
#1141=VERTEX_POINT('',#3970);
#1142=VERTEX_POINT('',#3971);
#1143=VERTEX_POINT('',#3973);
#1144=VERTEX_POINT('',#3975);
#1145=VERTEX_POINT('',#3979);
#1146=VERTEX_POINT('',#3980);
#1147=VERTEX_POINT('',#3982);
#1148=VERTEX_POINT('',#3984);
#1149=VERTEX_POINT('',#3988);
#1150=VERTEX_POINT('',#3989);
#1151=VERTEX_POINT('',#3991);
#1152=VERTEX_POINT('',#3994);
#1153=VERTEX_POINT('',#3996);
#1154=VERTEX_POINT('',#3998);
#1155=VERTEX_POINT('',#4003);
#1156=VERTEX_POINT('',#4005);
#1157=VERTEX_POINT('',#4009);
#1158=VERTEX_POINT('',#4010);
#1159=VERTEX_POINT('',#4012);
#1160=VERTEX_POINT('',#4014);
#1161=VERTEX_POINT('',#4016);
#1162=VERTEX_POINT('',#4018);
#1163=VERTEX_POINT('',#4020);
#1164=VERTEX_POINT('',#4022);
#1165=VERTEX_POINT('',#4024);
#1166=VERTEX_POINT('',#4026);
#1167=VERTEX_POINT('',#4028);
#1168=VERTEX_POINT('',#4030);
#1169=VERTEX_POINT('',#4032);
#1170=VERTEX_POINT('',#4034);
#1171=VERTEX_POINT('',#4036);
#1172=VERTEX_POINT('',#4038);
#1173=VERTEX_POINT('',#4042);
#1174=VERTEX_POINT('',#4043);
#1175=VERTEX_POINT('',#4045);
#1176=VERTEX_POINT('',#4048);
#1177=VERTEX_POINT('',#4050);
#1178=VERTEX_POINT('',#4052);
#1179=VERTEX_POINT('',#4054);
#1180=VERTEX_POINT('',#4058);
#1181=VERTEX_POINT('',#4060);
#1182=VERTEX_POINT('',#4062);
#1183=VERTEX_POINT('',#4064);
#1184=VERTEX_POINT('',#4066);
#1185=VERTEX_POINT('',#4068);
#1186=VERTEX_POINT('',#4070);
#1187=VERTEX_POINT('',#4074);
#1188=VERTEX_POINT('',#4075);
#1189=VERTEX_POINT('',#4077);
#1190=VERTEX_POINT('',#4079);
#1191=VERTEX_POINT('',#4081);
#1192=VERTEX_POINT('',#4083);
#1193=VERTEX_POINT('',#4085);
#1194=VERTEX_POINT('',#4087);
#1195=VERTEX_POINT('',#4089);
#1196=VERTEX_POINT('',#4091);
#1197=VERTEX_POINT('',#4093);
#1198=VERTEX_POINT('',#4095);
#1199=VERTEX_POINT('',#4097);
#1200=VERTEX_POINT('',#4099);
#1201=VERTEX_POINT('',#4101);
#1202=VERTEX_POINT('',#4103);
#1203=VERTEX_POINT('',#4107);
#1204=VERTEX_POINT('',#4108);
#1205=VERTEX_POINT('',#4110);
#1206=VERTEX_POINT('',#4113);
#1207=VERTEX_POINT('',#4115);
#1208=VERTEX_POINT('',#4117);
#1209=VERTEX_POINT('',#4121);
#1210=VERTEX_POINT('',#4123);
#1211=VERTEX_POINT('',#4127);
#1212=VERTEX_POINT('',#4130);
#1213=VERTEX_POINT('',#4134);
#1214=VERTEX_POINT('',#4136);
#1215=VERTEX_POINT('',#4141);
#1216=VERTEX_POINT('',#4145);
#1217=VERTEX_POINT('',#4147);
#1218=VERTEX_POINT('',#4151);
#1219=VERTEX_POINT('',#4154);
#1220=VERTEX_POINT('',#4158);
#1221=VERTEX_POINT('',#4160);
#1222=VERTEX_POINT('',#4165);
#1223=VERTEX_POINT('',#4169);
#1224=VERTEX_POINT('',#4171);
#1225=VERTEX_POINT('',#4175);
#1226=VERTEX_POINT('',#4180);
#1227=VERTEX_POINT('',#4182);
#1228=VERTEX_POINT('',#4186);
#1229=VERTEX_POINT('',#4188);
#1230=VERTEX_POINT('',#4192);
#1231=VERTEX_POINT('',#4196);
#1232=VERTEX_POINT('',#4198);
#1233=VERTEX_POINT('',#4200);
#1234=VERTEX_POINT('',#4202);
#1235=VERTEX_POINT('',#4206);
#1236=VERTEX_POINT('',#4208);
#1237=VERTEX_POINT('',#4212);
#1238=VERTEX_POINT('',#4216);
#1239=VERTEX_POINT('',#4218);
#1240=VERTEX_POINT('',#4222);
#1241=VERTEX_POINT('',#4226);
#1242=VERTEX_POINT('',#4230);
#1243=VERTEX_POINT('',#4232);
#1244=VERTEX_POINT('',#4236);
#1245=VERTEX_POINT('',#4239);
#1246=VERTEX_POINT('',#4243);
#1247=VERTEX_POINT('',#4247);
#1248=VERTEX_POINT('',#4251);
#1249=VERTEX_POINT('',#4255);
#1250=VERTEX_POINT('',#4259);
#1251=VERTEX_POINT('',#4261);
#1252=VERTEX_POINT('',#4265);
#1253=VERTEX_POINT('',#4269);
#1254=VERTEX_POINT('',#4271);
#1255=VERTEX_POINT('',#4273);
#1256=VERTEX_POINT('',#4275);
#1257=VERTEX_POINT('',#4279);
#1258=VERTEX_POINT('',#4281);
#1259=VERTEX_POINT('',#4285);
#1260=VERTEX_POINT('',#4289);
#1261=VERTEX_POINT('',#4291);
#1262=VERTEX_POINT('',#4295);
#1263=VERTEX_POINT('',#4296);
#1264=VERTEX_POINT('',#4300);
#1265=VERTEX_POINT('',#4304);
#1266=VERTEX_POINT('',#4307);
#1267=VERTEX_POINT('',#4309);
#1268=VERTEX_POINT('',#4313);
#1269=VERTEX_POINT('',#4314);
#1270=VERTEX_POINT('',#4316);
#1271=VERTEX_POINT('',#4318);
#1272=VERTEX_POINT('',#4321);
#1273=VERTEX_POINT('',#4323);
#1274=VERTEX_POINT('',#4325);
#1275=VERTEX_POINT('',#4327);
#1276=VERTEX_POINT('',#4331);
#1277=VERTEX_POINT('',#4333);
#1278=VERTEX_POINT('',#4337);
#1279=VERTEX_POINT('',#4339);
#1280=VERTEX_POINT('',#4343);
#1281=VERTEX_POINT('',#4345);
#1282=VERTEX_POINT('',#4347);
#1283=VERTEX_POINT('',#4349);
#1284=VERTEX_POINT('',#4350);
#1285=VERTEX_POINT('',#4353);
#1286=VERTEX_POINT('',#4355);
#1287=VERTEX_POINT('',#4357);
#1288=VERTEX_POINT('',#4362);
#1289=VERTEX_POINT('',#4366);
#1290=VERTEX_POINT('',#4369);
#1291=VERTEX_POINT('',#4375);
#1292=VERTEX_POINT('',#4379);
#1293=VERTEX_POINT('',#4382);
#1294=VERTEX_POINT('',#4388);
#1295=VERTEX_POINT('',#4392);
#1296=VERTEX_POINT('',#4393);
#1297=VERTEX_POINT('',#4397);
#1298=VERTEX_POINT('',#4401);
#1299=VERTEX_POINT('',#4404);
#1300=VERTEX_POINT('',#4410);
#1301=VERTEX_POINT('',#4414);
#1302=VERTEX_POINT('',#4417);
#1303=VERTEX_POINT('',#4423);
#1304=VERTEX_POINT('',#4427);
#1305=VERTEX_POINT('',#4430);
#1306=VERTEX_POINT('',#4436);
#1307=VERTEX_POINT('',#4440);
#1308=VERTEX_POINT('',#4443);
#1309=VERTEX_POINT('',#4453);
#1310=VERTEX_POINT('',#4454);
#1311=VERTEX_POINT('',#4463);
#1312=VERTEX_POINT('',#4465);
#1313=VERTEX_POINT('',#4469);
#1314=VERTEX_POINT('',#4473);
#1315=VERTEX_POINT('',#4477);
#1316=VERTEX_POINT('',#4484);
#1317=VERTEX_POINT('',#4485);
#1318=VERTEX_POINT('',#4495);
#1319=VERTEX_POINT('',#4497);
#1320=VERTEX_POINT('',#4500);
#1321=VERTEX_POINT('',#4502);
#1322=VERTEX_POINT('',#4506);
#1323=VERTEX_POINT('',#4507);
#1324=VERTEX_POINT('',#4526);
#1325=VERTEX_POINT('',#4529);
#1326=VERTEX_POINT('',#4535);
#1327=VERTEX_POINT('',#4537);
#1328=VERTEX_POINT('',#4541);
#1329=VERTEX_POINT('',#4543);
#1330=VERTEX_POINT('',#4547);
#1331=VERTEX_POINT('',#4549);
#1332=VERTEX_POINT('',#4553);
#1333=VERTEX_POINT('',#4557);
#1334=VERTEX_POINT('',#4561);
#1335=VERTEX_POINT('',#4565);
#1336=VERTEX_POINT('',#4566);
#1337=VERTEX_POINT('',#4568);
#1338=VERTEX_POINT('',#4570);
#1339=VERTEX_POINT('',#4573);
#1340=VERTEX_POINT('',#4576);
#1341=VERTEX_POINT('',#4579);
#1342=VERTEX_POINT('',#4581);
#1343=VERTEX_POINT('',#4583);
#1344=VERTEX_POINT('',#4608);
#1345=VERTEX_POINT('',#4610);
#1346=VERTEX_POINT('',#4614);
#1347=VERTEX_POINT('',#4618);
#1348=VERTEX_POINT('',#4619);
#1349=VERTEX_POINT('',#4624);
#1350=VERTEX_POINT('',#4628);
#1351=VERTEX_POINT('',#4630);
#1352=VERTEX_POINT('',#4634);
#1353=VERTEX_POINT('',#4636);
#1354=VERTEX_POINT('',#4640);
#1355=VERTEX_POINT('',#4644);
#1356=VERTEX_POINT('',#4648);
#1357=VERTEX_POINT('',#4652);
#1358=VERTEX_POINT('',#4656);
#1359=VERTEX_POINT('',#4660);
#1360=VERTEX_POINT('',#4664);
#1361=VERTEX_POINT('',#4668);
#1362=VERTEX_POINT('',#4681);
#1363=VERTEX_POINT('',#4683);
#1364=VERTEX_POINT('',#4687);
#1365=VERTEX_POINT('',#4689);
#1366=VERTEX_POINT('',#4691);
#1367=VERTEX_POINT('',#4693);
#1368=VERTEX_POINT('',#4706);
#1369=VERTEX_POINT('',#4707);
#1370=VERTEX_POINT('',#4712);
#1371=VERTEX_POINT('',#4713);
#1372=VERTEX_POINT('',#4718);
#1373=VERTEX_POINT('',#4724);
#1374=EDGE_CURVE('',#1124,#1125,#600,.T.);
#1375=EDGE_CURVE('',#1126,#1125,#601,.T.);
#1376=EDGE_CURVE('',#1127,#1126,#602,.T.);
#1377=EDGE_CURVE('',#1127,#1124,#603,.T.);
#1378=EDGE_CURVE('',#1128,#1129,#604,.T.);
#1379=EDGE_CURVE('',#1129,#1130,#124,.T.);
#1380=EDGE_CURVE('',#1130,#1127,#605,.T.);
#1381=EDGE_CURVE('',#1131,#1127,#606,.T.);
#1382=EDGE_CURVE('',#1131,#1132,#607,.T.);
#1383=EDGE_CURVE('',#1132,#1133,#608,.T.);
#1384=EDGE_CURVE('',#1133,#1134,#609,.T.);
#1385=EDGE_CURVE('',#1128,#1134,#610,.T.);
#1386=EDGE_CURVE('',#1124,#1135,#611,.T.);
#1387=EDGE_CURVE('',#1135,#1136,#125,.T.);
#1388=EDGE_CURVE('',#1136,#1137,#612,.T.);
#1389=EDGE_CURVE('',#1138,#1137,#613,.T.);
#1390=EDGE_CURVE('',#1139,#1138,#614,.T.);
#1391=EDGE_CURVE('',#1139,#1140,#615,.T.);
#1392=EDGE_CURVE('',#1140,#1124,#616,.T.);
#1393=EDGE_CURVE('',#1141,#1142,#617,.T.);
#1394=EDGE_CURVE('',#1141,#1143,#618,.T.);
#1395=EDGE_CURVE('',#1143,#1144,#619,.T.);
#1396=EDGE_CURVE('',#1142,#1144,#620,.T.);
#1397=EDGE_CURVE('',#1145,#1146,#621,.T.);
#1398=EDGE_CURVE('',#1147,#1146,#622,.T.);
#1399=EDGE_CURVE('',#1148,#1147,#623,.T.);
#1400=EDGE_CURVE('',#1148,#1145,#624,.T.);
#1401=EDGE_CURVE('',#1149,#1150,#625,.T.);
#1402=EDGE_CURVE('',#1150,#1151,#126,.T.);
#1403=EDGE_CURVE('',#1151,#1141,#626,.T.);
#1404=EDGE_CURVE('',#1152,#1141,#627,.T.);
#1405=EDGE_CURVE('',#1152,#1153,#628,.T.);
#1406=EDGE_CURVE('',#1153,#1154,#629,.T.);
#1407=EDGE_CURVE('',#1149,#1154,#630,.T.);
#1408=EDGE_CURVE('',#1143,#1148,#631,.T.);
#1409=EDGE_CURVE('',#1155,#1148,#632,.T.);
#1410=EDGE_CURVE('',#1155,#1156,#633,.T.);
#1411=EDGE_CURVE('',#1156,#1143,#634,.T.);
#1412=EDGE_CURVE('',#1157,#1158,#635,.T.);
#1413=EDGE_CURVE('',#1159,#1158,#636,.T.);
#1414=EDGE_CURVE('',#1160,#1159,#637,.T.);
#1415=EDGE_CURVE('',#1160,#1161,#638,.T.);
#1416=EDGE_CURVE('',#1161,#1162,#127,.T.);
#1417=EDGE_CURVE('',#1162,#1163,#639,.T.);
#1418=EDGE_CURVE('',#1163,#1164,#128,.T.);
#1419=EDGE_CURVE('',#1164,#1165,#640,.T.);
#1420=EDGE_CURVE('',#1165,#1166,#129,.T.);
#1421=EDGE_CURVE('',#1166,#1167,#641,.T.);
#1422=EDGE_CURVE('',#1167,#1168,#130,.T.);
#1423=EDGE_CURVE('',#1168,#1169,#642,.T.);
#1424=EDGE_CURVE('',#1169,#1170,#131,.T.);
#1425=EDGE_CURVE('',#1170,#1171,#643,.T.);
#1426=EDGE_CURVE('',#1171,#1172,#132,.T.);
#1427=EDGE_CURVE('',#1172,#1157,#644,.T.);
#1428=EDGE_CURVE('',#1173,#1174,#645,.T.);
#1429=EDGE_CURVE('',#1174,#1175,#133,.T.);
#1430=EDGE_CURVE('',#1175,#1160,#646,.T.);
#1431=EDGE_CURVE('',#1176,#1160,#647,.T.);
#1432=EDGE_CURVE('',#1176,#1177,#648,.T.);
#1433=EDGE_CURVE('',#1177,#1178,#649,.T.);
#1434=EDGE_CURVE('',#1178,#1179,#650,.T.);
#1435=EDGE_CURVE('',#1173,#1179,#651,.T.);
#1436=EDGE_CURVE('',#1157,#1180,#652,.T.);
#1437=EDGE_CURVE('',#1180,#1181,#134,.T.);
#1438=EDGE_CURVE('',#1181,#1182,#653,.T.);
#1439=EDGE_CURVE('',#1183,#1182,#654,.T.);
#1440=EDGE_CURVE('',#1184,#1183,#655,.T.);
#1441=EDGE_CURVE('',#1185,#1184,#656,.T.);
#1442=EDGE_CURVE('',#1185,#1186,#657,.T.);
#1443=EDGE_CURVE('',#1186,#1157,#658,.T.);
#1444=EDGE_CURVE('',#1187,#1188,#659,.T.);
#1445=EDGE_CURVE('',#1189,#1188,#660,.T.);
#1446=EDGE_CURVE('',#1190,#1189,#661,.T.);
#1447=EDGE_CURVE('',#1190,#1191,#662,.T.);
#1448=EDGE_CURVE('',#1191,#1192,#135,.T.);
#1449=EDGE_CURVE('',#1192,#1193,#663,.T.);
#1450=EDGE_CURVE('',#1193,#1194,#136,.T.);
#1451=EDGE_CURVE('',#1194,#1195,#664,.T.);
#1452=EDGE_CURVE('',#1195,#1196,#137,.T.);
#1453=EDGE_CURVE('',#1196,#1197,#665,.T.);
#1454=EDGE_CURVE('',#1197,#1198,#138,.T.);
#1455=EDGE_CURVE('',#1198,#1199,#666,.T.);
#1456=EDGE_CURVE('',#1199,#1200,#139,.T.);
#1457=EDGE_CURVE('',#1200,#1201,#667,.T.);
#1458=EDGE_CURVE('',#1201,#1202,#140,.T.);
#1459=EDGE_CURVE('',#1202,#1187,#668,.T.);
#1460=EDGE_CURVE('',#1203,#1204,#669,.T.);
#1461=EDGE_CURVE('',#1204,#1205,#141,.T.);
#1462=EDGE_CURVE('',#1205,#1190,#670,.T.);
#1463=EDGE_CURVE('',#1206,#1190,#671,.T.);
#1464=EDGE_CURVE('',#1206,#1207,#672,.T.);
#1465=EDGE_CURVE('',#1207,#1208,#673,.T.);
#1466=EDGE_CURVE('',#1203,#1208,#674,.T.);
#1467=EDGE_CURVE('',#1209,#1209,#142,.T.);
#1468=EDGE_CURVE('',#1209,#1210,#675,.T.);
#1469=EDGE_CURVE('',#1210,#1210,#143,.T.);
#1470=EDGE_CURVE('',#1211,#1211,#144,.T.);
#1471=EDGE_CURVE('',#1210,#1212,#676,.T.);
#1472=EDGE_CURVE('',#1212,#1212,#145,.T.);
#1473=EDGE_CURVE('',#1213,#1213,#146,.T.);
#1474=EDGE_CURVE('',#1213,#1214,#677,.T.);
#1475=EDGE_CURVE('',#1214,#1214,#147,.T.);
#1476=EDGE_CURVE('',#1215,#1215,#148,.T.);
#1477=EDGE_CURVE('',#1215,#1213,#678,.T.);
#1478=EDGE_CURVE('',#1216,#1216,#149,.T.);
#1479=EDGE_CURVE('',#1216,#1217,#679,.T.);
#1480=EDGE_CURVE('',#1217,#1217,#150,.T.);
#1481=EDGE_CURVE('',#1218,#1218,#151,.T.);
#1482=EDGE_CURVE('',#1217,#1219,#680,.T.);
#1483=EDGE_CURVE('',#1219,#1219,#152,.T.);
#1484=EDGE_CURVE('',#1220,#1220,#153,.T.);
#1485=EDGE_CURVE('',#1220,#1221,#681,.T.);
#1486=EDGE_CURVE('',#1221,#1221,#154,.T.);
#1487=EDGE_CURVE('',#1222,#1222,#155,.T.);
#1488=EDGE_CURVE('',#1222,#1220,#682,.T.);
#1489=EDGE_CURVE('',#1223,#1223,#156,.T.);
#1490=EDGE_CURVE('',#1223,#1224,#683,.T.);
#1491=EDGE_CURVE('',#1224,#1224,#157,.T.);
#1492=EDGE_CURVE('',#1225,#1225,#158,.T.);
#1493=EDGE_CURVE('',#1225,#1224,#684,.T.);
#1494=EDGE_CURVE('',#1185,#1132,#159,.T.);
#1495=EDGE_CURVE('',#1226,#1131,#685,.T.);
#1496=EDGE_CURVE('',#1226,#1227,#160,.T.);
#1497=EDGE_CURVE('',#1186,#1227,#686,.T.);
#1498=EDGE_CURVE('',#1228,#1228,#161,.T.);
#1499=EDGE_CURVE('',#1228,#1229,#687,.T.);
#1500=EDGE_CURVE('',#1229,#1229,#162,.T.);
#1501=EDGE_CURVE('',#1230,#1230,#163,.T.);
#1502=EDGE_CURVE('',#1230,#1229,#688,.T.);
#1503=EDGE_CURVE('',#1176,#1231,#689,.T.);
#1504=EDGE_CURVE('',#1231,#1232,#164,.T.);
#1505=EDGE_CURVE('',#1232,#1233,#690,.T.);
#1506=EDGE_CURVE('',#1234,#1233,#691,.T.);
#1507=EDGE_CURVE('',#1234,#1177,#165,.T.);
#1508=EDGE_CURVE('',#1235,#1235,#166,.T.);
#1509=EDGE_CURVE('',#1235,#1236,#692,.T.);
#1510=EDGE_CURVE('',#1236,#1236,#167,.T.);
#1511=EDGE_CURVE('',#1237,#1237,#168,.T.);
#1512=EDGE_CURVE('',#1237,#1236,#693,.T.);
#1513=EDGE_CURVE('',#1238,#1156,#694,.T.);
#1514=EDGE_CURVE('',#1239,#1155,#695,.T.);
#1515=EDGE_CURVE('',#1239,#1238,#169,.T.);
#1516=EDGE_CURVE('',#1218,#1240,#696,.T.);
#1517=EDGE_CURVE('',#1240,#1240,#170,.T.);
#1518=EDGE_CURVE('',#1241,#1241,#171,.T.);
#1519=EDGE_CURVE('',#1241,#1240,#697,.T.);
#1520=EDGE_CURVE('',#1242,#1242,#172,.T.);
#1521=EDGE_CURVE('',#1242,#1243,#698,.T.);
#1522=EDGE_CURVE('',#1243,#1243,#173,.T.);
#1523=EDGE_CURVE('',#1244,#1244,#174,.T.);
#1524=EDGE_CURVE('',#1245,#1245,#175,.T.);
#1525=EDGE_CURVE('',#1245,#1243,#699,.T.);
#1526=EDGE_CURVE('',#1244,#1246,#700,.T.);
#1527=EDGE_CURVE('',#1246,#1246,#176,.T.);
#1528=EDGE_CURVE('',#1247,#1247,#177,.T.);
#1529=EDGE_CURVE('',#1247,#1246,#701,.T.);
#1530=EDGE_CURVE('',#1211,#1248,#702,.T.);
#1531=EDGE_CURVE('',#1248,#1248,#178,.T.);
#1532=EDGE_CURVE('',#1249,#1249,#179,.T.);
#1533=EDGE_CURVE('',#1249,#1248,#703,.T.);
#1534=EDGE_CURVE('',#1250,#1250,#180,.T.);
#1535=EDGE_CURVE('',#1250,#1251,#704,.T.);
#1536=EDGE_CURVE('',#1251,#1251,#181,.T.);
#1537=EDGE_CURVE('',#1252,#1252,#182,.T.);
#1538=EDGE_CURVE('',#1252,#1251,#705,.T.);
#1539=EDGE_CURVE('',#1253,#1153,#183,.T.);
#1540=EDGE_CURVE('',#1254,#1152,#706,.T.);
#1541=EDGE_CURVE('',#1254,#1255,#184,.T.);
#1542=EDGE_CURVE('',#1256,#1255,#707,.T.);
#1543=EDGE_CURVE('',#1253,#1256,#708,.T.);
#1544=EDGE_CURVE('',#1257,#1257,#185,.T.);
#1545=EDGE_CURVE('',#1257,#1258,#709,.T.);
#1546=EDGE_CURVE('',#1258,#1258,#186,.T.);
#1547=EDGE_CURVE('',#1259,#1259,#187,.T.);
#1548=EDGE_CURVE('',#1259,#1258,#710,.T.);
#1549=EDGE_CURVE('',#1206,#1260,#711,.T.);
#1550=EDGE_CURVE('',#1260,#1261,#188,.T.);
#1551=EDGE_CURVE('',#1261,#1140,#712,.T.);
#1552=EDGE_CURVE('',#1139,#1207,#189,.T.);
#1553=EDGE_CURVE('',#1262,#1263,#190,.T.);
#1554=EDGE_CURVE('',#1263,#1262,#713,.T.);
#1555=EDGE_CURVE('',#1230,#1264,#714,.T.);
#1556=EDGE_CURVE('',#1264,#1264,#191,.T.);
#1557=EDGE_CURVE('',#1265,#1265,#192,.T.);
#1558=EDGE_CURVE('',#1266,#1266,#193,.T.);
#1559=EDGE_CURVE('',#1266,#1267,#715,.T.);
#1560=EDGE_CURVE('',#1267,#1267,#194,.T.);
#1561=EDGE_CURVE('',#1268,#1269,#716,.T.);
#1562=EDGE_CURVE('',#1270,#1269,#717,.T.);
#1563=EDGE_CURVE('',#1271,#1270,#718,.T.);
#1564=EDGE_CURVE('',#1149,#1271,#719,.T.);
#1565=EDGE_CURVE('',#1154,#1272,#195,.T.);
#1566=EDGE_CURVE('',#1272,#1273,#720,.T.);
#1567=EDGE_CURVE('',#1274,#1273,#721,.T.);
#1568=EDGE_CURVE('',#1275,#1274,#722,.T.);
#1569=EDGE_CURVE('',#1203,#1275,#723,.T.);
#1570=EDGE_CURVE('',#1208,#1138,#196,.T.);
#1571=EDGE_CURVE('',#1276,#1137,#724,.T.);
#1572=EDGE_CURVE('',#1277,#1276,#725,.T.);
#1573=EDGE_CURVE('',#1128,#1277,#726,.T.);
#1574=EDGE_CURVE('',#1134,#1183,#197,.T.);
#1575=EDGE_CURVE('',#1278,#1182,#727,.T.);
#1576=EDGE_CURVE('',#1279,#1278,#728,.T.);
#1577=EDGE_CURVE('',#1173,#1279,#729,.T.);
#1578=EDGE_CURVE('',#1179,#1268,#198,.T.);
#1579=EDGE_CURVE('',#1280,#1280,#199,.T.);
#1580=EDGE_CURVE('',#1281,#1281,#200,.T.);
#1581=EDGE_CURVE('',#1282,#1282,#201,.T.);
#1582=EDGE_CURVE('',#1283,#1284,#202,.T.);
#1583=EDGE_CURVE('',#1284,#1283,#730,.T.);
#1584=EDGE_CURVE('',#1285,#1285,#203,.T.);
#1585=EDGE_CURVE('',#1286,#1286,#204,.T.);
#1586=EDGE_CURVE('',#1287,#1287,#205,.T.);
#1587=EDGE_CURVE('',#1267,#1265,#731,.T.);
#1588=EDGE_CURVE('',#1237,#1288,#732,.T.);
#1589=EDGE_CURVE('',#1288,#1288,#206,.T.);
#1590=EDGE_CURVE('',#1289,#1289,#207,.T.);
#1591=EDGE_CURVE('',#1280,#1290,#733,.T.);
#1592=EDGE_CURVE('',#1290,#1290,#208,.T.);
#1593=EDGE_CURVE('',#1290,#1289,#734,.T.);
#1594=EDGE_CURVE('',#1252,#1291,#735,.T.);
#1595=EDGE_CURVE('',#1291,#1291,#209,.T.);
#1596=EDGE_CURVE('',#1292,#1292,#210,.T.);
#1597=EDGE_CURVE('',#1287,#1293,#736,.T.);
#1598=EDGE_CURVE('',#1293,#1293,#211,.T.);
#1599=EDGE_CURVE('',#1293,#1292,#737,.T.);
#1600=EDGE_CURVE('',#1259,#1294,#738,.T.);
#1601=EDGE_CURVE('',#1294,#1294,#212,.T.);
#1602=EDGE_CURVE('',#1295,#1296,#739,.T.);
#1603=EDGE_CURVE('',#1296,#1295,#213,.T.);
#1604=EDGE_CURVE('',#1249,#1297,#740,.T.);
#1605=EDGE_CURVE('',#1297,#1297,#214,.T.);
#1606=EDGE_CURVE('',#1298,#1298,#215,.T.);
#1607=EDGE_CURVE('',#1281,#1299,#741,.T.);
#1608=EDGE_CURVE('',#1299,#1299,#216,.T.);
#1609=EDGE_CURVE('',#1299,#1298,#742,.T.);
#1610=EDGE_CURVE('',#1245,#1300,#743,.T.);
#1611=EDGE_CURVE('',#1300,#1300,#217,.T.);
#1612=EDGE_CURVE('',#1301,#1301,#218,.T.);
#1613=EDGE_CURVE('',#1286,#1302,#744,.T.);
#1614=EDGE_CURVE('',#1302,#1302,#219,.T.);
#1615=EDGE_CURVE('',#1302,#1301,#745,.T.);
#1616=EDGE_CURVE('',#1241,#1303,#746,.T.);
#1617=EDGE_CURVE('',#1303,#1303,#220,.T.);
#1618=EDGE_CURVE('',#1304,#1304,#221,.T.);
#1619=EDGE_CURVE('',#1282,#1305,#747,.T.);
#1620=EDGE_CURVE('',#1305,#1305,#222,.T.);
#1621=EDGE_CURVE('',#1305,#1304,#748,.T.);
#1622=EDGE_CURVE('',#1225,#1306,#749,.T.);
#1623=EDGE_CURVE('',#1306,#1306,#223,.T.);
#1624=EDGE_CURVE('',#1307,#1307,#224,.T.);
#1625=EDGE_CURVE('',#1285,#1308,#750,.T.);
#1626=EDGE_CURVE('',#1308,#1308,#225,.T.);
#1627=EDGE_CURVE('',#1308,#1307,#751,.T.);
#1628=EDGE_CURVE('',#1283,#1296,#752,.T.);
#1629=EDGE_CURVE('',#1284,#1295,#753,.T.);
#1630=EDGE_CURVE('',#1309,#1310,#226,.T.);
#1631=EDGE_CURVE('',#1238,#1309,#754,.T.);
#1632=EDGE_CURVE('',#1239,#1310,#755,.T.);
#1633=EDGE_CURVE('',#1144,#1309,#756,.T.);
#1634=EDGE_CURVE('',#1310,#1147,#757,.T.);
#1635=EDGE_CURVE('',#1311,#1269,#758,.T.);
#1636=EDGE_CURVE('',#1312,#1268,#759,.T.);
#1637=EDGE_CURVE('',#1234,#1312,#760,.T.);
#1638=EDGE_CURVE('',#1233,#1145,#761,.T.);
#1639=EDGE_CURVE('',#1145,#1313,#762,.T.);
#1640=EDGE_CURVE('',#1313,#1311,#227,.T.);
#1641=EDGE_CURVE('',#1314,#1126,#763,.T.);
#1642=EDGE_CURVE('',#1226,#1314,#764,.T.);
#1643=EDGE_CURVE('',#1315,#1314,#228,.T.);
#1644=EDGE_CURVE('',#1227,#1315,#765,.T.);
#1645=EDGE_CURVE('',#1158,#1315,#766,.T.);
#1646=EDGE_CURVE('',#1316,#1317,#229,.T.);
#1647=EDGE_CURVE('',#1232,#1316,#767,.T.);
#1648=EDGE_CURVE('',#1231,#1317,#768,.T.);
#1649=EDGE_CURVE('',#1146,#1316,#769,.T.);
#1650=EDGE_CURVE('',#1317,#1159,#770,.T.);
#1651=EDGE_CURVE('',#1125,#1318,#771,.T.);
#1652=EDGE_CURVE('',#1318,#1319,#230,.T.);
#1653=EDGE_CURVE('',#1319,#1189,#772,.T.);
#1654=EDGE_CURVE('',#1188,#1320,#773,.T.);
#1655=EDGE_CURVE('',#1320,#1321,#231,.T.);
#1656=EDGE_CURVE('',#1321,#1142,#774,.T.);
#1657=EDGE_CURVE('',#1322,#1323,#775,.T.);
#1658=EDGE_CURVE('',#1262,#1322,#776,.T.);
#1659=EDGE_CURVE('',#1263,#1323,#777,.T.);
#1660=EDGE_CURVE('',#1261,#1318,#778,.T.);
#1661=EDGE_CURVE('',#1323,#1322,#232,.T.);
#1662=EDGE_CURVE('',#1260,#1319,#779,.T.);
#1663=EDGE_CURVE('',#1254,#1321,#780,.T.);
#1664=EDGE_CURVE('',#1255,#1320,#781,.T.);
#1665=EDGE_CURVE('',#1256,#1187,#782,.T.);
#1666=EDGE_CURVE('',#1324,#1273,#783,.T.);
#1667=EDGE_CURVE('',#1253,#1272,#784,.T.);
#1668=EDGE_CURVE('',#1187,#1325,#785,.T.);
#1669=EDGE_CURVE('',#1325,#1324,#233,.T.);
#1670=EDGE_CURVE('',#1192,#1326,#786,.T.);
#1671=EDGE_CURVE('',#1327,#1326,#787,.T.);
#1672=EDGE_CURVE('',#1193,#1327,#788,.T.);
#1673=EDGE_CURVE('',#1328,#1200,#789,.T.);
#1674=EDGE_CURVE('',#1329,#1328,#790,.T.);
#1675=EDGE_CURVE('',#1201,#1329,#791,.T.);
#1676=EDGE_CURVE('',#1330,#1195,#792,.T.);
#1677=EDGE_CURVE('',#1331,#1330,#234,.T.);
#1678=EDGE_CURVE('',#1331,#1196,#793,.T.);
#1679=EDGE_CURVE('',#1332,#1331,#794,.T.);
#1680=EDGE_CURVE('',#1197,#1332,#795,.T.);
#1681=EDGE_CURVE('',#1198,#1333,#796,.T.);
#1682=EDGE_CURVE('',#1333,#1332,#235,.T.);
#1683=EDGE_CURVE('',#1334,#1191,#797,.T.);
#1684=EDGE_CURVE('',#1326,#1334,#236,.T.);
#1685=EDGE_CURVE('',#1335,#1336,#798,.T.);
#1686=EDGE_CURVE('',#1337,#1335,#237,.T.);
#1687=EDGE_CURVE('',#1338,#1337,#799,.T.);
#1688=EDGE_CURVE('',#1338,#1329,#238,.T.);
#1689=EDGE_CURVE('',#1328,#1339,#239,.T.);
#1690=EDGE_CURVE('',#1333,#1339,#800,.T.);
#1691=EDGE_CURVE('',#1340,#1330,#801,.T.);
#1692=EDGE_CURVE('',#1340,#1327,#240,.T.);
#1693=EDGE_CURVE('',#1341,#1334,#802,.T.);
#1694=EDGE_CURVE('',#1342,#1341,#241,.T.);
#1695=EDGE_CURVE('',#1343,#1342,#803,.T.);
#1696=EDGE_CURVE('',#1336,#1343,#804,.T.);
#1697=EDGE_CURVE('',#1336,#1274,#805,.T.);
#1698=EDGE_CURVE('',#1275,#1343,#806,.T.);
#1699=EDGE_CURVE('',#1194,#1340,#807,.T.);
#1700=EDGE_CURVE('',#1339,#1199,#808,.T.);
#1701=EDGE_CURVE('',#1202,#1338,#809,.T.);
#1702=EDGE_CURVE('',#1335,#1324,#810,.T.);
#1703=EDGE_CURVE('',#1337,#1325,#811,.T.);
#1704=EDGE_CURVE('',#1342,#1204,#812,.T.);
#1705=EDGE_CURVE('',#1341,#1205,#813,.T.);
#1706=EDGE_CURVE('',#1279,#1344,#814,.T.);
#1707=EDGE_CURVE('',#1344,#1345,#815,.T.);
#1708=EDGE_CURVE('',#1345,#1174,#816,.T.);
#1709=EDGE_CURVE('',#1345,#1346,#242,.T.);
#1710=EDGE_CURVE('',#1175,#1346,#817,.T.);
#1711=EDGE_CURVE('',#1347,#1348,#818,.T.);
#1712=EDGE_CURVE('',#1348,#1278,#819,.T.);
#1713=EDGE_CURVE('',#1181,#1347,#820,.T.);
#1714=EDGE_CURVE('',#1349,#1347,#243,.T.);
#1715=EDGE_CURVE('',#1180,#1349,#821,.T.);
#1716=EDGE_CURVE('',#1350,#1169,#822,.T.);
#1717=EDGE_CURVE('',#1168,#1351,#823,.T.);
#1718=EDGE_CURVE('',#1351,#1350,#824,.T.);
#1719=EDGE_CURVE('',#1164,#1352,#825,.T.);
#1720=EDGE_CURVE('',#1352,#1353,#826,.T.);
#1721=EDGE_CURVE('',#1353,#1165,#827,.T.);
#1722=EDGE_CURVE('',#1354,#1349,#828,.T.);
#1723=EDGE_CURVE('',#1172,#1354,#829,.T.);
#1724=EDGE_CURVE('',#1346,#1355,#830,.T.);
#1725=EDGE_CURVE('',#1355,#1161,#831,.T.);
#1726=EDGE_CURVE('',#1356,#1355,#244,.T.);
#1727=EDGE_CURVE('',#1356,#1162,#832,.T.);
#1728=EDGE_CURVE('',#1163,#1357,#833,.T.);
#1729=EDGE_CURVE('',#1352,#1357,#245,.T.);
#1730=EDGE_CURVE('',#1358,#1171,#834,.T.);
#1731=EDGE_CURVE('',#1354,#1358,#246,.T.);
#1732=EDGE_CURVE('',#1359,#1350,#247,.T.);
#1733=EDGE_CURVE('',#1359,#1170,#835,.T.);
#1734=EDGE_CURVE('',#1360,#1353,#248,.T.);
#1735=EDGE_CURVE('',#1360,#1166,#836,.T.);
#1736=EDGE_CURVE('',#1361,#1360,#837,.T.);
#1737=EDGE_CURVE('',#1167,#1361,#838,.T.);
#1738=EDGE_CURVE('',#1351,#1361,#249,.T.);
#1739=EDGE_CURVE('',#1357,#1356,#839,.T.);
#1740=EDGE_CURVE('',#1358,#1359,#840,.T.);
#1741=EDGE_CURVE('',#1348,#1344,#841,.T.);
#1742=EDGE_CURVE('',#1271,#1362,#842,.T.);
#1743=EDGE_CURVE('',#1363,#1270,#843,.T.);
#1744=EDGE_CURVE('',#1363,#1362,#844,.T.);
#1745=EDGE_CURVE('',#1362,#1364,#845,.T.);
#1746=EDGE_CURVE('',#1365,#1363,#846,.T.);
#1747=EDGE_CURVE('',#1366,#1365,#250,.T.);
#1748=EDGE_CURVE('',#1367,#1366,#847,.T.);
#1749=EDGE_CURVE('',#1364,#1367,#251,.T.);
#1750=EDGE_CURVE('',#1311,#1365,#848,.T.);
#1751=EDGE_CURVE('',#1313,#1366,#849,.T.);
#1752=EDGE_CURVE('',#1151,#1367,#850,.T.);
#1753=EDGE_CURVE('',#1364,#1150,#851,.T.);
#1754=EDGE_CURVE('',#1368,#1369,#852,.T.);
#1755=EDGE_CURVE('',#1369,#1276,#853,.T.);
#1756=EDGE_CURVE('',#1368,#1136,#854,.T.);
#1757=EDGE_CURVE('',#1370,#1371,#252,.T.);
#1758=EDGE_CURVE('',#1371,#1130,#855,.T.);
#1759=EDGE_CURVE('',#1370,#1129,#856,.T.);
#1760=EDGE_CURVE('',#1371,#1372,#857,.T.);
#1761=EDGE_CURVE('',#1372,#1135,#858,.T.);
#1762=EDGE_CURVE('',#1372,#1368,#253,.T.);
#1763=EDGE_CURVE('',#1373,#1370,#859,.T.);
#1764=EDGE_CURVE('',#1277,#1373,#860,.T.);
#1765=EDGE_CURVE('',#1369,#1373,#861,.T.);
#1766=ORIENTED_EDGE('',*,*,#1374,.T.);
#1767=ORIENTED_EDGE('',*,*,#1375,.F.);
#1768=ORIENTED_EDGE('',*,*,#1376,.F.);
#1769=ORIENTED_EDGE('',*,*,#1377,.T.);
#1770=ORIENTED_EDGE('',*,*,#1378,.T.);
#1771=ORIENTED_EDGE('',*,*,#1379,.T.);
#1772=ORIENTED_EDGE('',*,*,#1380,.T.);
#1773=ORIENTED_EDGE('',*,*,#1381,.F.);
#1774=ORIENTED_EDGE('',*,*,#1382,.T.);
#1775=ORIENTED_EDGE('',*,*,#1383,.T.);
#1776=ORIENTED_EDGE('',*,*,#1384,.T.);
#1777=ORIENTED_EDGE('',*,*,#1385,.F.);
#1778=ORIENTED_EDGE('',*,*,#1386,.T.);
#1779=ORIENTED_EDGE('',*,*,#1387,.T.);
#1780=ORIENTED_EDGE('',*,*,#1388,.T.);
#1781=ORIENTED_EDGE('',*,*,#1389,.F.);
#1782=ORIENTED_EDGE('',*,*,#1390,.F.);
#1783=ORIENTED_EDGE('',*,*,#1391,.T.);
#1784=ORIENTED_EDGE('',*,*,#1392,.T.);
#1785=ORIENTED_EDGE('',*,*,#1393,.F.);
#1786=ORIENTED_EDGE('',*,*,#1394,.T.);
#1787=ORIENTED_EDGE('',*,*,#1395,.T.);
#1788=ORIENTED_EDGE('',*,*,#1396,.F.);
#1789=ORIENTED_EDGE('',*,*,#1397,.T.);
#1790=ORIENTED_EDGE('',*,*,#1398,.F.);
#1791=ORIENTED_EDGE('',*,*,#1399,.F.);
#1792=ORIENTED_EDGE('',*,*,#1400,.T.);
#1793=ORIENTED_EDGE('',*,*,#1401,.T.);
#1794=ORIENTED_EDGE('',*,*,#1402,.T.);
#1795=ORIENTED_EDGE('',*,*,#1403,.T.);
#1796=ORIENTED_EDGE('',*,*,#1404,.F.);
#1797=ORIENTED_EDGE('',*,*,#1405,.T.);
#1798=ORIENTED_EDGE('',*,*,#1406,.T.);
#1799=ORIENTED_EDGE('',*,*,#1407,.F.);
#1800=ORIENTED_EDGE('',*,*,#1408,.T.);
#1801=ORIENTED_EDGE('',*,*,#1409,.F.);
#1802=ORIENTED_EDGE('',*,*,#1410,.T.);
#1803=ORIENTED_EDGE('',*,*,#1411,.T.);
#1804=ORIENTED_EDGE('',*,*,#1412,.T.);
#1805=ORIENTED_EDGE('',*,*,#1413,.F.);
#1806=ORIENTED_EDGE('',*,*,#1414,.F.);
#1807=ORIENTED_EDGE('',*,*,#1415,.T.);
#1808=ORIENTED_EDGE('',*,*,#1416,.T.);
#1809=ORIENTED_EDGE('',*,*,#1417,.T.);
#1810=ORIENTED_EDGE('',*,*,#1418,.T.);
#1811=ORIENTED_EDGE('',*,*,#1419,.T.);
#1812=ORIENTED_EDGE('',*,*,#1420,.T.);
#1813=ORIENTED_EDGE('',*,*,#1421,.T.);
#1814=ORIENTED_EDGE('',*,*,#1422,.T.);
#1815=ORIENTED_EDGE('',*,*,#1423,.T.);
#1816=ORIENTED_EDGE('',*,*,#1424,.T.);
#1817=ORIENTED_EDGE('',*,*,#1425,.T.);
#1818=ORIENTED_EDGE('',*,*,#1426,.T.);
#1819=ORIENTED_EDGE('',*,*,#1427,.T.);
#1820=ORIENTED_EDGE('',*,*,#1428,.T.);
#1821=ORIENTED_EDGE('',*,*,#1429,.T.);
#1822=ORIENTED_EDGE('',*,*,#1430,.T.);
#1823=ORIENTED_EDGE('',*,*,#1431,.F.);
#1824=ORIENTED_EDGE('',*,*,#1432,.T.);
#1825=ORIENTED_EDGE('',*,*,#1433,.T.);
#1826=ORIENTED_EDGE('',*,*,#1434,.T.);
#1827=ORIENTED_EDGE('',*,*,#1435,.F.);
#1828=ORIENTED_EDGE('',*,*,#1436,.T.);
#1829=ORIENTED_EDGE('',*,*,#1437,.T.);
#1830=ORIENTED_EDGE('',*,*,#1438,.T.);
#1831=ORIENTED_EDGE('',*,*,#1439,.F.);
#1832=ORIENTED_EDGE('',*,*,#1440,.F.);
#1833=ORIENTED_EDGE('',*,*,#1441,.F.);
#1834=ORIENTED_EDGE('',*,*,#1442,.T.);
#1835=ORIENTED_EDGE('',*,*,#1443,.T.);
#1836=ORIENTED_EDGE('',*,*,#1444,.T.);
#1837=ORIENTED_EDGE('',*,*,#1445,.F.);
#1838=ORIENTED_EDGE('',*,*,#1446,.F.);
#1839=ORIENTED_EDGE('',*,*,#1447,.T.);
#1840=ORIENTED_EDGE('',*,*,#1448,.T.);
#1841=ORIENTED_EDGE('',*,*,#1449,.T.);
#1842=ORIENTED_EDGE('',*,*,#1450,.T.);
#1843=ORIENTED_EDGE('',*,*,#1451,.T.);
#1844=ORIENTED_EDGE('',*,*,#1452,.T.);
#1845=ORIENTED_EDGE('',*,*,#1453,.T.);
#1846=ORIENTED_EDGE('',*,*,#1454,.T.);
#1847=ORIENTED_EDGE('',*,*,#1455,.T.);
#1848=ORIENTED_EDGE('',*,*,#1456,.T.);
#1849=ORIENTED_EDGE('',*,*,#1457,.T.);
#1850=ORIENTED_EDGE('',*,*,#1458,.T.);
#1851=ORIENTED_EDGE('',*,*,#1459,.T.);
#1852=ORIENTED_EDGE('',*,*,#1460,.T.);
#1853=ORIENTED_EDGE('',*,*,#1461,.T.);
#1854=ORIENTED_EDGE('',*,*,#1462,.T.);
#1855=ORIENTED_EDGE('',*,*,#1463,.F.);
#1856=ORIENTED_EDGE('',*,*,#1464,.T.);
#1857=ORIENTED_EDGE('',*,*,#1465,.T.);
#1858=ORIENTED_EDGE('',*,*,#1466,.F.);
#1859=ORIENTED_EDGE('',*,*,#1467,.T.);
#1860=ORIENTED_EDGE('',*,*,#1468,.T.);
#1861=ORIENTED_EDGE('',*,*,#1469,.T.);
#1862=ORIENTED_EDGE('',*,*,#1468,.F.);
#1863=ORIENTED_EDGE('',*,*,#1467,.F.);
#1864=ORIENTED_EDGE('',*,*,#1470,.F.);
#1865=ORIENTED_EDGE('',*,*,#1469,.F.);
#1866=ORIENTED_EDGE('',*,*,#1471,.T.);
#1867=ORIENTED_EDGE('',*,*,#1472,.T.);
#1868=ORIENTED_EDGE('',*,*,#1471,.F.);
#1869=ORIENTED_EDGE('',*,*,#1473,.T.);
#1870=ORIENTED_EDGE('',*,*,#1474,.T.);
#1871=ORIENTED_EDGE('',*,*,#1475,.T.);
#1872=ORIENTED_EDGE('',*,*,#1474,.F.);
#1873=ORIENTED_EDGE('',*,*,#1475,.F.);
#1874=ORIENTED_EDGE('',*,*,#1472,.F.);
#1875=ORIENTED_EDGE('',*,*,#1476,.F.);
#1876=ORIENTED_EDGE('',*,*,#1477,.T.);
#1877=ORIENTED_EDGE('',*,*,#1473,.F.);
#1878=ORIENTED_EDGE('',*,*,#1477,.F.);
#1879=ORIENTED_EDGE('',*,*,#1478,.T.);
#1880=ORIENTED_EDGE('',*,*,#1479,.T.);
#1881=ORIENTED_EDGE('',*,*,#1480,.T.);
#1882=ORIENTED_EDGE('',*,*,#1479,.F.);
#1883=ORIENTED_EDGE('',*,*,#1478,.F.);
#1884=ORIENTED_EDGE('',*,*,#1481,.F.);
#1885=ORIENTED_EDGE('',*,*,#1480,.F.);
#1886=ORIENTED_EDGE('',*,*,#1482,.T.);
#1887=ORIENTED_EDGE('',*,*,#1483,.T.);
#1888=ORIENTED_EDGE('',*,*,#1482,.F.);
#1889=ORIENTED_EDGE('',*,*,#1484,.T.);
#1890=ORIENTED_EDGE('',*,*,#1485,.T.);
#1891=ORIENTED_EDGE('',*,*,#1486,.T.);
#1892=ORIENTED_EDGE('',*,*,#1485,.F.);
#1893=ORIENTED_EDGE('',*,*,#1486,.F.);
#1894=ORIENTED_EDGE('',*,*,#1483,.F.);
#1895=ORIENTED_EDGE('',*,*,#1487,.F.);
#1896=ORIENTED_EDGE('',*,*,#1488,.T.);
#1897=ORIENTED_EDGE('',*,*,#1484,.F.);
#1898=ORIENTED_EDGE('',*,*,#1488,.F.);
#1899=ORIENTED_EDGE('',*,*,#1489,.T.);
#1900=ORIENTED_EDGE('',*,*,#1490,.T.);
#1901=ORIENTED_EDGE('',*,*,#1491,.T.);
#1902=ORIENTED_EDGE('',*,*,#1490,.F.);
#1903=ORIENTED_EDGE('',*,*,#1492,.F.);
#1904=ORIENTED_EDGE('',*,*,#1493,.T.);
#1905=ORIENTED_EDGE('',*,*,#1491,.F.);
#1906=ORIENTED_EDGE('',*,*,#1493,.F.);
#1907=ORIENTED_EDGE('',*,*,#1494,.T.);
#1908=ORIENTED_EDGE('',*,*,#1382,.F.);
#1909=ORIENTED_EDGE('',*,*,#1495,.F.);
#1910=ORIENTED_EDGE('',*,*,#1496,.T.);
#1911=ORIENTED_EDGE('',*,*,#1497,.F.);
#1912=ORIENTED_EDGE('',*,*,#1442,.F.);
#1913=ORIENTED_EDGE('',*,*,#1489,.F.);
#1914=ORIENTED_EDGE('',*,*,#1498,.T.);
#1915=ORIENTED_EDGE('',*,*,#1499,.T.);
#1916=ORIENTED_EDGE('',*,*,#1500,.T.);
#1917=ORIENTED_EDGE('',*,*,#1499,.F.);
#1918=ORIENTED_EDGE('',*,*,#1501,.F.);
#1919=ORIENTED_EDGE('',*,*,#1502,.T.);
#1920=ORIENTED_EDGE('',*,*,#1500,.F.);
#1921=ORIENTED_EDGE('',*,*,#1502,.F.);
#1922=ORIENTED_EDGE('',*,*,#1503,.T.);
#1923=ORIENTED_EDGE('',*,*,#1504,.T.);
#1924=ORIENTED_EDGE('',*,*,#1505,.T.);
#1925=ORIENTED_EDGE('',*,*,#1506,.F.);
#1926=ORIENTED_EDGE('',*,*,#1507,.T.);
#1927=ORIENTED_EDGE('',*,*,#1432,.F.);
#1928=ORIENTED_EDGE('',*,*,#1498,.F.);
#1929=ORIENTED_EDGE('',*,*,#1508,.T.);
#1930=ORIENTED_EDGE('',*,*,#1509,.T.);
#1931=ORIENTED_EDGE('',*,*,#1510,.T.);
#1932=ORIENTED_EDGE('',*,*,#1509,.F.);
#1933=ORIENTED_EDGE('',*,*,#1511,.F.);
#1934=ORIENTED_EDGE('',*,*,#1512,.T.);
#1935=ORIENTED_EDGE('',*,*,#1510,.F.);
#1936=ORIENTED_EDGE('',*,*,#1512,.F.);
#1937=ORIENTED_EDGE('',*,*,#1513,.T.);
#1938=ORIENTED_EDGE('',*,*,#1410,.F.);
#1939=ORIENTED_EDGE('',*,*,#1514,.F.);
#1940=ORIENTED_EDGE('',*,*,#1515,.T.);
#1941=ORIENTED_EDGE('',*,*,#1508,.F.);
#1942=ORIENTED_EDGE('',*,*,#1481,.T.);
#1943=ORIENTED_EDGE('',*,*,#1516,.T.);
#1944=ORIENTED_EDGE('',*,*,#1517,.T.);
#1945=ORIENTED_EDGE('',*,*,#1516,.F.);
#1946=ORIENTED_EDGE('',*,*,#1518,.F.);
#1947=ORIENTED_EDGE('',*,*,#1519,.T.);
#1948=ORIENTED_EDGE('',*,*,#1517,.F.);
#1949=ORIENTED_EDGE('',*,*,#1519,.F.);
#1950=ORIENTED_EDGE('',*,*,#1520,.T.);
#1951=ORIENTED_EDGE('',*,*,#1521,.T.);
#1952=ORIENTED_EDGE('',*,*,#1522,.T.);
#1953=ORIENTED_EDGE('',*,*,#1521,.F.);
#1954=ORIENTED_EDGE('',*,*,#1523,.F.);
#1955=ORIENTED_EDGE('',*,*,#1520,.F.);
#1956=ORIENTED_EDGE('',*,*,#1524,.F.);
#1957=ORIENTED_EDGE('',*,*,#1525,.T.);
#1958=ORIENTED_EDGE('',*,*,#1522,.F.);
#1959=ORIENTED_EDGE('',*,*,#1525,.F.);
#1960=ORIENTED_EDGE('',*,*,#1523,.T.);
#1961=ORIENTED_EDGE('',*,*,#1526,.T.);
#1962=ORIENTED_EDGE('',*,*,#1527,.T.);
#1963=ORIENTED_EDGE('',*,*,#1526,.F.);
#1964=ORIENTED_EDGE('',*,*,#1528,.F.);
#1965=ORIENTED_EDGE('',*,*,#1529,.T.);
#1966=ORIENTED_EDGE('',*,*,#1527,.F.);
#1967=ORIENTED_EDGE('',*,*,#1529,.F.);
#1968=ORIENTED_EDGE('',*,*,#1470,.T.);
#1969=ORIENTED_EDGE('',*,*,#1530,.T.);
#1970=ORIENTED_EDGE('',*,*,#1531,.T.);
#1971=ORIENTED_EDGE('',*,*,#1530,.F.);
#1972=ORIENTED_EDGE('',*,*,#1532,.F.);
#1973=ORIENTED_EDGE('',*,*,#1533,.T.);
#1974=ORIENTED_EDGE('',*,*,#1531,.F.);
#1975=ORIENTED_EDGE('',*,*,#1533,.F.);
#1976=ORIENTED_EDGE('',*,*,#1534,.T.);
#1977=ORIENTED_EDGE('',*,*,#1535,.T.);
#1978=ORIENTED_EDGE('',*,*,#1536,.T.);
#1979=ORIENTED_EDGE('',*,*,#1535,.F.);
#1980=ORIENTED_EDGE('',*,*,#1537,.F.);
#1981=ORIENTED_EDGE('',*,*,#1538,.T.);
#1982=ORIENTED_EDGE('',*,*,#1536,.F.);
#1983=ORIENTED_EDGE('',*,*,#1538,.F.);
#1984=ORIENTED_EDGE('',*,*,#1539,.T.);
#1985=ORIENTED_EDGE('',*,*,#1405,.F.);
#1986=ORIENTED_EDGE('',*,*,#1540,.F.);
#1987=ORIENTED_EDGE('',*,*,#1541,.T.);
#1988=ORIENTED_EDGE('',*,*,#1542,.F.);
#1989=ORIENTED_EDGE('',*,*,#1543,.F.);
#1990=ORIENTED_EDGE('',*,*,#1534,.F.);
#1991=ORIENTED_EDGE('',*,*,#1544,.T.);
#1992=ORIENTED_EDGE('',*,*,#1545,.T.);
#1993=ORIENTED_EDGE('',*,*,#1546,.T.);
#1994=ORIENTED_EDGE('',*,*,#1545,.F.);
#1995=ORIENTED_EDGE('',*,*,#1547,.F.);
#1996=ORIENTED_EDGE('',*,*,#1548,.T.);
#1997=ORIENTED_EDGE('',*,*,#1546,.F.);
#1998=ORIENTED_EDGE('',*,*,#1548,.F.);
#1999=ORIENTED_EDGE('',*,*,#1549,.T.);
#2000=ORIENTED_EDGE('',*,*,#1550,.T.);
#2001=ORIENTED_EDGE('',*,*,#1551,.T.);
#2002=ORIENTED_EDGE('',*,*,#1391,.F.);
#2003=ORIENTED_EDGE('',*,*,#1552,.T.);
#2004=ORIENTED_EDGE('',*,*,#1464,.F.);
#2005=ORIENTED_EDGE('',*,*,#1553,.T.);
#2006=ORIENTED_EDGE('',*,*,#1554,.T.);
#2007=ORIENTED_EDGE('',*,*,#1544,.F.);
#2008=ORIENTED_EDGE('',*,*,#1501,.T.);
#2009=ORIENTED_EDGE('',*,*,#1555,.T.);
#2010=ORIENTED_EDGE('',*,*,#1556,.T.);
#2011=ORIENTED_EDGE('',*,*,#1555,.F.);
#2012=ORIENTED_EDGE('',*,*,#1557,.F.);
#2013=ORIENTED_EDGE('',*,*,#1556,.F.);
#2014=ORIENTED_EDGE('',*,*,#1558,.T.);
#2015=ORIENTED_EDGE('',*,*,#1559,.T.);
#2016=ORIENTED_EDGE('',*,*,#1560,.T.);
#2017=ORIENTED_EDGE('',*,*,#1559,.F.);
#2018=ORIENTED_EDGE('',*,*,#1561,.T.);
#2019=ORIENTED_EDGE('',*,*,#1562,.F.);
#2020=ORIENTED_EDGE('',*,*,#1563,.F.);
#2021=ORIENTED_EDGE('',*,*,#1564,.F.);
#2022=ORIENTED_EDGE('',*,*,#1407,.T.);
#2023=ORIENTED_EDGE('',*,*,#1565,.T.);
#2024=ORIENTED_EDGE('',*,*,#1566,.T.);
#2025=ORIENTED_EDGE('',*,*,#1567,.F.);
#2026=ORIENTED_EDGE('',*,*,#1568,.F.);
#2027=ORIENTED_EDGE('',*,*,#1569,.F.);
#2028=ORIENTED_EDGE('',*,*,#1466,.T.);
#2029=ORIENTED_EDGE('',*,*,#1570,.T.);
#2030=ORIENTED_EDGE('',*,*,#1389,.T.);
#2031=ORIENTED_EDGE('',*,*,#1571,.F.);
#2032=ORIENTED_EDGE('',*,*,#1572,.F.);
#2033=ORIENTED_EDGE('',*,*,#1573,.F.);
#2034=ORIENTED_EDGE('',*,*,#1385,.T.);
#2035=ORIENTED_EDGE('',*,*,#1574,.T.);
#2036=ORIENTED_EDGE('',*,*,#1439,.T.);
#2037=ORIENTED_EDGE('',*,*,#1575,.F.);
#2038=ORIENTED_EDGE('',*,*,#1576,.F.);
#2039=ORIENTED_EDGE('',*,*,#1577,.F.);
#2040=ORIENTED_EDGE('',*,*,#1435,.T.);
#2041=ORIENTED_EDGE('',*,*,#1578,.T.);
#2042=ORIENTED_EDGE('',*,*,#1579,.F.);
#2043=ORIENTED_EDGE('',*,*,#1580,.F.);
#2044=ORIENTED_EDGE('',*,*,#1581,.F.);
#2045=ORIENTED_EDGE('',*,*,#1582,.T.);
#2046=ORIENTED_EDGE('',*,*,#1583,.T.);
#2047=ORIENTED_EDGE('',*,*,#1584,.F.);
#2048=ORIENTED_EDGE('',*,*,#1585,.F.);
#2049=ORIENTED_EDGE('',*,*,#1586,.F.);
#2050=ORIENTED_EDGE('',*,*,#1558,.F.);
#2051=ORIENTED_EDGE('',*,*,#1560,.F.);
#2052=ORIENTED_EDGE('',*,*,#1587,.T.);
#2053=ORIENTED_EDGE('',*,*,#1557,.T.);
#2054=ORIENTED_EDGE('',*,*,#1587,.F.);
#2055=ORIENTED_EDGE('',*,*,#1511,.T.);
#2056=ORIENTED_EDGE('',*,*,#1588,.T.);
#2057=ORIENTED_EDGE('',*,*,#1589,.T.);
#2058=ORIENTED_EDGE('',*,*,#1588,.F.);
#2059=ORIENTED_EDGE('',*,*,#1590,.F.);
#2060=ORIENTED_EDGE('',*,*,#1589,.F.);
#2061=ORIENTED_EDGE('',*,*,#1579,.T.);
#2062=ORIENTED_EDGE('',*,*,#1591,.T.);
#2063=ORIENTED_EDGE('',*,*,#1592,.T.);
#2064=ORIENTED_EDGE('',*,*,#1591,.F.);
#2065=ORIENTED_EDGE('',*,*,#1592,.F.);
#2066=ORIENTED_EDGE('',*,*,#1593,.T.);
#2067=ORIENTED_EDGE('',*,*,#1590,.T.);
#2068=ORIENTED_EDGE('',*,*,#1593,.F.);
#2069=ORIENTED_EDGE('',*,*,#1537,.T.);
#2070=ORIENTED_EDGE('',*,*,#1594,.T.);
#2071=ORIENTED_EDGE('',*,*,#1595,.T.);
#2072=ORIENTED_EDGE('',*,*,#1594,.F.);
#2073=ORIENTED_EDGE('',*,*,#1596,.F.);
#2074=ORIENTED_EDGE('',*,*,#1595,.F.);
#2075=ORIENTED_EDGE('',*,*,#1586,.T.);
#2076=ORIENTED_EDGE('',*,*,#1597,.T.);
#2077=ORIENTED_EDGE('',*,*,#1598,.T.);
#2078=ORIENTED_EDGE('',*,*,#1597,.F.);
#2079=ORIENTED_EDGE('',*,*,#1598,.F.);
#2080=ORIENTED_EDGE('',*,*,#1599,.T.);
#2081=ORIENTED_EDGE('',*,*,#1596,.T.);
#2082=ORIENTED_EDGE('',*,*,#1599,.F.);
#2083=ORIENTED_EDGE('',*,*,#1547,.T.);
#2084=ORIENTED_EDGE('',*,*,#1600,.T.);
#2085=ORIENTED_EDGE('',*,*,#1601,.T.);
#2086=ORIENTED_EDGE('',*,*,#1600,.F.);
#2087=ORIENTED_EDGE('',*,*,#1602,.F.);
#2088=ORIENTED_EDGE('',*,*,#1603,.F.);
#2089=ORIENTED_EDGE('',*,*,#1601,.F.);
#2090=ORIENTED_EDGE('',*,*,#1532,.T.);
#2091=ORIENTED_EDGE('',*,*,#1604,.T.);
#2092=ORIENTED_EDGE('',*,*,#1605,.T.);
#2093=ORIENTED_EDGE('',*,*,#1604,.F.);
#2094=ORIENTED_EDGE('',*,*,#1606,.F.);
#2095=ORIENTED_EDGE('',*,*,#1605,.F.);
#2096=ORIENTED_EDGE('',*,*,#1580,.T.);
#2097=ORIENTED_EDGE('',*,*,#1607,.T.);
#2098=ORIENTED_EDGE('',*,*,#1608,.T.);
#2099=ORIENTED_EDGE('',*,*,#1607,.F.);
#2100=ORIENTED_EDGE('',*,*,#1608,.F.);
#2101=ORIENTED_EDGE('',*,*,#1609,.T.);
#2102=ORIENTED_EDGE('',*,*,#1606,.T.);
#2103=ORIENTED_EDGE('',*,*,#1609,.F.);
#2104=ORIENTED_EDGE('',*,*,#1524,.T.);
#2105=ORIENTED_EDGE('',*,*,#1610,.T.);
#2106=ORIENTED_EDGE('',*,*,#1611,.T.);
#2107=ORIENTED_EDGE('',*,*,#1610,.F.);
#2108=ORIENTED_EDGE('',*,*,#1612,.F.);
#2109=ORIENTED_EDGE('',*,*,#1611,.F.);
#2110=ORIENTED_EDGE('',*,*,#1585,.T.);
#2111=ORIENTED_EDGE('',*,*,#1613,.T.);
#2112=ORIENTED_EDGE('',*,*,#1614,.T.);
#2113=ORIENTED_EDGE('',*,*,#1613,.F.);
#2114=ORIENTED_EDGE('',*,*,#1614,.F.);
#2115=ORIENTED_EDGE('',*,*,#1615,.T.);
#2116=ORIENTED_EDGE('',*,*,#1612,.T.);
#2117=ORIENTED_EDGE('',*,*,#1615,.F.);
#2118=ORIENTED_EDGE('',*,*,#1518,.T.);
#2119=ORIENTED_EDGE('',*,*,#1616,.T.);
#2120=ORIENTED_EDGE('',*,*,#1617,.T.);
#2121=ORIENTED_EDGE('',*,*,#1616,.F.);
#2122=ORIENTED_EDGE('',*,*,#1618,.F.);
#2123=ORIENTED_EDGE('',*,*,#1617,.F.);
#2124=ORIENTED_EDGE('',*,*,#1581,.T.);
#2125=ORIENTED_EDGE('',*,*,#1619,.T.);
#2126=ORIENTED_EDGE('',*,*,#1620,.T.);
#2127=ORIENTED_EDGE('',*,*,#1619,.F.);
#2128=ORIENTED_EDGE('',*,*,#1620,.F.);
#2129=ORIENTED_EDGE('',*,*,#1621,.T.);
#2130=ORIENTED_EDGE('',*,*,#1618,.T.);
#2131=ORIENTED_EDGE('',*,*,#1621,.F.);
#2132=ORIENTED_EDGE('',*,*,#1492,.T.);
#2133=ORIENTED_EDGE('',*,*,#1622,.T.);
#2134=ORIENTED_EDGE('',*,*,#1623,.T.);
#2135=ORIENTED_EDGE('',*,*,#1622,.F.);
#2136=ORIENTED_EDGE('',*,*,#1624,.F.);
#2137=ORIENTED_EDGE('',*,*,#1623,.F.);
#2138=ORIENTED_EDGE('',*,*,#1584,.T.);
#2139=ORIENTED_EDGE('',*,*,#1625,.T.);
#2140=ORIENTED_EDGE('',*,*,#1626,.T.);
#2141=ORIENTED_EDGE('',*,*,#1625,.F.);
#2142=ORIENTED_EDGE('',*,*,#1626,.F.);
#2143=ORIENTED_EDGE('',*,*,#1627,.T.);
#2144=ORIENTED_EDGE('',*,*,#1624,.T.);
#2145=ORIENTED_EDGE('',*,*,#1627,.F.);
#2146=ORIENTED_EDGE('',*,*,#1582,.F.);
#2147=ORIENTED_EDGE('',*,*,#1628,.T.);
#2148=ORIENTED_EDGE('',*,*,#1603,.T.);
#2149=ORIENTED_EDGE('',*,*,#1629,.F.);
#2150=ORIENTED_EDGE('',*,*,#1583,.F.);
#2151=ORIENTED_EDGE('',*,*,#1629,.T.);
#2152=ORIENTED_EDGE('',*,*,#1602,.T.);
#2153=ORIENTED_EDGE('',*,*,#1628,.F.);
#2154=ORIENTED_EDGE('',*,*,#1630,.F.);
#2155=ORIENTED_EDGE('',*,*,#1631,.F.);
#2156=ORIENTED_EDGE('',*,*,#1515,.F.);
#2157=ORIENTED_EDGE('',*,*,#1632,.T.);
#2158=ORIENTED_EDGE('',*,*,#1633,.F.);
#2159=ORIENTED_EDGE('',*,*,#1395,.F.);
#2160=ORIENTED_EDGE('',*,*,#1411,.F.);
#2161=ORIENTED_EDGE('',*,*,#1513,.F.);
#2162=ORIENTED_EDGE('',*,*,#1631,.T.);
#2163=ORIENTED_EDGE('',*,*,#1634,.F.);
#2164=ORIENTED_EDGE('',*,*,#1632,.F.);
#2165=ORIENTED_EDGE('',*,*,#1514,.T.);
#2166=ORIENTED_EDGE('',*,*,#1409,.T.);
#2167=ORIENTED_EDGE('',*,*,#1399,.T.);
#2168=ORIENTED_EDGE('',*,*,#1635,.T.);
#2169=ORIENTED_EDGE('',*,*,#1561,.F.);
#2170=ORIENTED_EDGE('',*,*,#1636,.F.);
#2171=ORIENTED_EDGE('',*,*,#1637,.F.);
#2172=ORIENTED_EDGE('',*,*,#1506,.T.);
#2173=ORIENTED_EDGE('',*,*,#1638,.T.);
#2174=ORIENTED_EDGE('',*,*,#1639,.T.);
#2175=ORIENTED_EDGE('',*,*,#1640,.T.);
#2176=ORIENTED_EDGE('',*,*,#1641,.F.);
#2177=ORIENTED_EDGE('',*,*,#1642,.F.);
#2178=ORIENTED_EDGE('',*,*,#1495,.T.);
#2179=ORIENTED_EDGE('',*,*,#1381,.T.);
#2180=ORIENTED_EDGE('',*,*,#1376,.T.);
#2181=ORIENTED_EDGE('',*,*,#1643,.F.);
#2182=ORIENTED_EDGE('',*,*,#1644,.F.);
#2183=ORIENTED_EDGE('',*,*,#1496,.F.);
#2184=ORIENTED_EDGE('',*,*,#1642,.T.);
#2185=ORIENTED_EDGE('',*,*,#1645,.F.);
#2186=ORIENTED_EDGE('',*,*,#1412,.F.);
#2187=ORIENTED_EDGE('',*,*,#1443,.F.);
#2188=ORIENTED_EDGE('',*,*,#1497,.T.);
#2189=ORIENTED_EDGE('',*,*,#1644,.T.);
#2190=ORIENTED_EDGE('',*,*,#1494,.F.);
#2191=ORIENTED_EDGE('',*,*,#1441,.T.);
#2192=ORIENTED_EDGE('',*,*,#1440,.T.);
#2193=ORIENTED_EDGE('',*,*,#1574,.F.);
#2194=ORIENTED_EDGE('',*,*,#1384,.F.);
#2195=ORIENTED_EDGE('',*,*,#1383,.F.);
#2196=ORIENTED_EDGE('',*,*,#1646,.F.);
#2197=ORIENTED_EDGE('',*,*,#1647,.F.);
#2198=ORIENTED_EDGE('',*,*,#1504,.F.);
#2199=ORIENTED_EDGE('',*,*,#1648,.T.);
#2200=ORIENTED_EDGE('',*,*,#1649,.F.);
#2201=ORIENTED_EDGE('',*,*,#1397,.F.);
#2202=ORIENTED_EDGE('',*,*,#1638,.F.);
#2203=ORIENTED_EDGE('',*,*,#1505,.F.);
#2204=ORIENTED_EDGE('',*,*,#1647,.T.);
#2205=ORIENTED_EDGE('',*,*,#1507,.F.);
#2206=ORIENTED_EDGE('',*,*,#1637,.T.);
#2207=ORIENTED_EDGE('',*,*,#1636,.T.);
#2208=ORIENTED_EDGE('',*,*,#1578,.F.);
#2209=ORIENTED_EDGE('',*,*,#1434,.F.);
#2210=ORIENTED_EDGE('',*,*,#1433,.F.);
#2211=ORIENTED_EDGE('',*,*,#1650,.F.);
#2212=ORIENTED_EDGE('',*,*,#1648,.F.);
#2213=ORIENTED_EDGE('',*,*,#1503,.F.);
#2214=ORIENTED_EDGE('',*,*,#1431,.T.);
#2215=ORIENTED_EDGE('',*,*,#1414,.T.);
#2216=ORIENTED_EDGE('',*,*,#1634,.T.);
#2217=ORIENTED_EDGE('',*,*,#1398,.T.);
#2218=ORIENTED_EDGE('',*,*,#1649,.T.);
#2219=ORIENTED_EDGE('',*,*,#1646,.T.);
#2220=ORIENTED_EDGE('',*,*,#1650,.T.);
#2221=ORIENTED_EDGE('',*,*,#1413,.T.);
#2222=ORIENTED_EDGE('',*,*,#1645,.T.);
#2223=ORIENTED_EDGE('',*,*,#1643,.T.);
#2224=ORIENTED_EDGE('',*,*,#1641,.T.);
#2225=ORIENTED_EDGE('',*,*,#1375,.T.);
#2226=ORIENTED_EDGE('',*,*,#1651,.T.);
#2227=ORIENTED_EDGE('',*,*,#1652,.T.);
#2228=ORIENTED_EDGE('',*,*,#1653,.T.);
#2229=ORIENTED_EDGE('',*,*,#1445,.T.);
#2230=ORIENTED_EDGE('',*,*,#1654,.T.);
#2231=ORIENTED_EDGE('',*,*,#1655,.T.);
#2232=ORIENTED_EDGE('',*,*,#1656,.T.);
#2233=ORIENTED_EDGE('',*,*,#1396,.T.);
#2234=ORIENTED_EDGE('',*,*,#1633,.T.);
#2235=ORIENTED_EDGE('',*,*,#1630,.T.);
#2236=ORIENTED_EDGE('',*,*,#1487,.T.);
#2237=ORIENTED_EDGE('',*,*,#1528,.T.);
#2238=ORIENTED_EDGE('',*,*,#1476,.T.);
#2239=ORIENTED_EDGE('',*,*,#1657,.F.);
#2240=ORIENTED_EDGE('',*,*,#1658,.F.);
#2241=ORIENTED_EDGE('',*,*,#1554,.F.);
#2242=ORIENTED_EDGE('',*,*,#1659,.T.);
#2243=ORIENTED_EDGE('',*,*,#1651,.F.);
#2244=ORIENTED_EDGE('',*,*,#1374,.F.);
#2245=ORIENTED_EDGE('',*,*,#1392,.F.);
#2246=ORIENTED_EDGE('',*,*,#1551,.F.);
#2247=ORIENTED_EDGE('',*,*,#1660,.T.);
#2248=ORIENTED_EDGE('',*,*,#1661,.F.);
#2249=ORIENTED_EDGE('',*,*,#1659,.F.);
#2250=ORIENTED_EDGE('',*,*,#1553,.F.);
#2251=ORIENTED_EDGE('',*,*,#1658,.T.);
#2252=ORIENTED_EDGE('',*,*,#1652,.F.);
#2253=ORIENTED_EDGE('',*,*,#1660,.F.);
#2254=ORIENTED_EDGE('',*,*,#1550,.F.);
#2255=ORIENTED_EDGE('',*,*,#1662,.T.);
#2256=ORIENTED_EDGE('',*,*,#1653,.F.);
#2257=ORIENTED_EDGE('',*,*,#1662,.F.);
#2258=ORIENTED_EDGE('',*,*,#1549,.F.);
#2259=ORIENTED_EDGE('',*,*,#1463,.T.);
#2260=ORIENTED_EDGE('',*,*,#1446,.T.);
#2261=ORIENTED_EDGE('',*,*,#1657,.T.);
#2262=ORIENTED_EDGE('',*,*,#1661,.T.);
#2263=ORIENTED_EDGE('',*,*,#1656,.F.);
#2264=ORIENTED_EDGE('',*,*,#1663,.F.);
#2265=ORIENTED_EDGE('',*,*,#1540,.T.);
#2266=ORIENTED_EDGE('',*,*,#1404,.T.);
#2267=ORIENTED_EDGE('',*,*,#1393,.T.);
#2268=ORIENTED_EDGE('',*,*,#1655,.F.);
#2269=ORIENTED_EDGE('',*,*,#1664,.F.);
#2270=ORIENTED_EDGE('',*,*,#1541,.F.);
#2271=ORIENTED_EDGE('',*,*,#1663,.T.);
#2272=ORIENTED_EDGE('',*,*,#1654,.F.);
#2273=ORIENTED_EDGE('',*,*,#1444,.F.);
#2274=ORIENTED_EDGE('',*,*,#1665,.F.);
#2275=ORIENTED_EDGE('',*,*,#1542,.T.);
#2276=ORIENTED_EDGE('',*,*,#1664,.T.);
#2277=ORIENTED_EDGE('',*,*,#1666,.T.);
#2278=ORIENTED_EDGE('',*,*,#1566,.F.);
#2279=ORIENTED_EDGE('',*,*,#1667,.F.);
#2280=ORIENTED_EDGE('',*,*,#1543,.T.);
#2281=ORIENTED_EDGE('',*,*,#1665,.T.);
#2282=ORIENTED_EDGE('',*,*,#1668,.T.);
#2283=ORIENTED_EDGE('',*,*,#1669,.T.);
#2284=ORIENTED_EDGE('',*,*,#1390,.T.);
#2285=ORIENTED_EDGE('',*,*,#1570,.F.);
#2286=ORIENTED_EDGE('',*,*,#1465,.F.);
#2287=ORIENTED_EDGE('',*,*,#1552,.F.);
#2288=ORIENTED_EDGE('',*,*,#1667,.T.);
#2289=ORIENTED_EDGE('',*,*,#1565,.F.);
#2290=ORIENTED_EDGE('',*,*,#1406,.F.);
#2291=ORIENTED_EDGE('',*,*,#1539,.F.);
#2292=ORIENTED_EDGE('',*,*,#1670,.T.);
#2293=ORIENTED_EDGE('',*,*,#1671,.F.);
#2294=ORIENTED_EDGE('',*,*,#1672,.F.);
#2295=ORIENTED_EDGE('',*,*,#1449,.F.);
#2296=ORIENTED_EDGE('',*,*,#1673,.F.);
#2297=ORIENTED_EDGE('',*,*,#1674,.F.);
#2298=ORIENTED_EDGE('',*,*,#1675,.F.);
#2299=ORIENTED_EDGE('',*,*,#1457,.F.);
#2300=ORIENTED_EDGE('',*,*,#1676,.F.);
#2301=ORIENTED_EDGE('',*,*,#1677,.F.);
#2302=ORIENTED_EDGE('',*,*,#1678,.T.);
#2303=ORIENTED_EDGE('',*,*,#1452,.F.);
#2304=ORIENTED_EDGE('',*,*,#1678,.F.);
#2305=ORIENTED_EDGE('',*,*,#1679,.F.);
#2306=ORIENTED_EDGE('',*,*,#1680,.F.);
#2307=ORIENTED_EDGE('',*,*,#1453,.F.);
#2308=ORIENTED_EDGE('',*,*,#1681,.F.);
#2309=ORIENTED_EDGE('',*,*,#1454,.F.);
#2310=ORIENTED_EDGE('',*,*,#1680,.T.);
#2311=ORIENTED_EDGE('',*,*,#1682,.F.);
#2312=ORIENTED_EDGE('',*,*,#1683,.F.);
#2313=ORIENTED_EDGE('',*,*,#1684,.F.);
#2314=ORIENTED_EDGE('',*,*,#1670,.F.);
#2315=ORIENTED_EDGE('',*,*,#1448,.F.);
#2316=ORIENTED_EDGE('',*,*,#1685,.F.);
#2317=ORIENTED_EDGE('',*,*,#1686,.F.);
#2318=ORIENTED_EDGE('',*,*,#1687,.F.);
#2319=ORIENTED_EDGE('',*,*,#1688,.T.);
#2320=ORIENTED_EDGE('',*,*,#1674,.T.);
#2321=ORIENTED_EDGE('',*,*,#1689,.T.);
#2322=ORIENTED_EDGE('',*,*,#1690,.F.);
#2323=ORIENTED_EDGE('',*,*,#1682,.T.);
#2324=ORIENTED_EDGE('',*,*,#1679,.T.);
#2325=ORIENTED_EDGE('',*,*,#1677,.T.);
#2326=ORIENTED_EDGE('',*,*,#1691,.F.);
#2327=ORIENTED_EDGE('',*,*,#1692,.T.);
#2328=ORIENTED_EDGE('',*,*,#1671,.T.);
#2329=ORIENTED_EDGE('',*,*,#1684,.T.);
#2330=ORIENTED_EDGE('',*,*,#1693,.F.);
#2331=ORIENTED_EDGE('',*,*,#1694,.F.);
#2332=ORIENTED_EDGE('',*,*,#1695,.F.);
#2333=ORIENTED_EDGE('',*,*,#1696,.F.);
#2334=ORIENTED_EDGE('',*,*,#1697,.F.);
#2335=ORIENTED_EDGE('',*,*,#1696,.T.);
#2336=ORIENTED_EDGE('',*,*,#1698,.F.);
#2337=ORIENTED_EDGE('',*,*,#1568,.T.);
#2338=ORIENTED_EDGE('',*,*,#1699,.F.);
#2339=ORIENTED_EDGE('',*,*,#1450,.F.);
#2340=ORIENTED_EDGE('',*,*,#1672,.T.);
#2341=ORIENTED_EDGE('',*,*,#1692,.F.);
#2342=ORIENTED_EDGE('',*,*,#1700,.F.);
#2343=ORIENTED_EDGE('',*,*,#1689,.F.);
#2344=ORIENTED_EDGE('',*,*,#1673,.T.);
#2345=ORIENTED_EDGE('',*,*,#1456,.F.);
#2346=ORIENTED_EDGE('',*,*,#1701,.F.);
#2347=ORIENTED_EDGE('',*,*,#1458,.F.);
#2348=ORIENTED_EDGE('',*,*,#1675,.T.);
#2349=ORIENTED_EDGE('',*,*,#1688,.F.);
#2350=ORIENTED_EDGE('',*,*,#1686,.T.);
#2351=ORIENTED_EDGE('',*,*,#1702,.T.);
#2352=ORIENTED_EDGE('',*,*,#1669,.F.);
#2353=ORIENTED_EDGE('',*,*,#1703,.F.);
#2354=ORIENTED_EDGE('',*,*,#1687,.T.);
#2355=ORIENTED_EDGE('',*,*,#1703,.T.);
#2356=ORIENTED_EDGE('',*,*,#1668,.F.);
#2357=ORIENTED_EDGE('',*,*,#1459,.F.);
#2358=ORIENTED_EDGE('',*,*,#1701,.T.);
#2359=ORIENTED_EDGE('',*,*,#1704,.F.);
#2360=ORIENTED_EDGE('',*,*,#1694,.T.);
#2361=ORIENTED_EDGE('',*,*,#1705,.T.);
#2362=ORIENTED_EDGE('',*,*,#1461,.F.);
#2363=ORIENTED_EDGE('',*,*,#1700,.T.);
#2364=ORIENTED_EDGE('',*,*,#1455,.F.);
#2365=ORIENTED_EDGE('',*,*,#1681,.T.);
#2366=ORIENTED_EDGE('',*,*,#1690,.T.);
#2367=ORIENTED_EDGE('',*,*,#1705,.F.);
#2368=ORIENTED_EDGE('',*,*,#1693,.T.);
#2369=ORIENTED_EDGE('',*,*,#1683,.T.);
#2370=ORIENTED_EDGE('',*,*,#1447,.F.);
#2371=ORIENTED_EDGE('',*,*,#1462,.F.);
#2372=ORIENTED_EDGE('',*,*,#1699,.T.);
#2373=ORIENTED_EDGE('',*,*,#1691,.T.);
#2374=ORIENTED_EDGE('',*,*,#1676,.T.);
#2375=ORIENTED_EDGE('',*,*,#1451,.F.);
#2376=ORIENTED_EDGE('',*,*,#1569,.T.);
#2377=ORIENTED_EDGE('',*,*,#1698,.T.);
#2378=ORIENTED_EDGE('',*,*,#1695,.T.);
#2379=ORIENTED_EDGE('',*,*,#1704,.T.);
#2380=ORIENTED_EDGE('',*,*,#1460,.F.);
#2381=ORIENTED_EDGE('',*,*,#1685,.T.);
#2382=ORIENTED_EDGE('',*,*,#1697,.T.);
#2383=ORIENTED_EDGE('',*,*,#1567,.T.);
#2384=ORIENTED_EDGE('',*,*,#1666,.F.);
#2385=ORIENTED_EDGE('',*,*,#1702,.F.);
#2386=ORIENTED_EDGE('',*,*,#1577,.T.);
#2387=ORIENTED_EDGE('',*,*,#1706,.T.);
#2388=ORIENTED_EDGE('',*,*,#1707,.T.);
#2389=ORIENTED_EDGE('',*,*,#1708,.T.);
#2390=ORIENTED_EDGE('',*,*,#1428,.F.);
#2391=ORIENTED_EDGE('',*,*,#1708,.F.);
#2392=ORIENTED_EDGE('',*,*,#1709,.T.);
#2393=ORIENTED_EDGE('',*,*,#1710,.F.);
#2394=ORIENTED_EDGE('',*,*,#1429,.F.);
#2395=ORIENTED_EDGE('',*,*,#1711,.T.);
#2396=ORIENTED_EDGE('',*,*,#1712,.T.);
#2397=ORIENTED_EDGE('',*,*,#1575,.T.);
#2398=ORIENTED_EDGE('',*,*,#1438,.F.);
#2399=ORIENTED_EDGE('',*,*,#1713,.T.);
#2400=ORIENTED_EDGE('',*,*,#1714,.T.);
#2401=ORIENTED_EDGE('',*,*,#1713,.F.);
#2402=ORIENTED_EDGE('',*,*,#1437,.F.);
#2403=ORIENTED_EDGE('',*,*,#1715,.T.);
#2404=ORIENTED_EDGE('',*,*,#1716,.T.);
#2405=ORIENTED_EDGE('',*,*,#1423,.F.);
#2406=ORIENTED_EDGE('',*,*,#1717,.T.);
#2407=ORIENTED_EDGE('',*,*,#1718,.T.);
#2408=ORIENTED_EDGE('',*,*,#1719,.T.);
#2409=ORIENTED_EDGE('',*,*,#1720,.T.);
#2410=ORIENTED_EDGE('',*,*,#1721,.T.);
#2411=ORIENTED_EDGE('',*,*,#1419,.F.);
#2412=ORIENTED_EDGE('',*,*,#1722,.T.);
#2413=ORIENTED_EDGE('',*,*,#1715,.F.);
#2414=ORIENTED_EDGE('',*,*,#1436,.F.);
#2415=ORIENTED_EDGE('',*,*,#1427,.F.);
#2416=ORIENTED_EDGE('',*,*,#1723,.T.);
#2417=ORIENTED_EDGE('',*,*,#1710,.T.);
#2418=ORIENTED_EDGE('',*,*,#1724,.T.);
#2419=ORIENTED_EDGE('',*,*,#1725,.T.);
#2420=ORIENTED_EDGE('',*,*,#1415,.F.);
#2421=ORIENTED_EDGE('',*,*,#1430,.F.);
#2422=ORIENTED_EDGE('',*,*,#1725,.F.);
#2423=ORIENTED_EDGE('',*,*,#1726,.F.);
#2424=ORIENTED_EDGE('',*,*,#1727,.T.);
#2425=ORIENTED_EDGE('',*,*,#1416,.F.);
#2426=ORIENTED_EDGE('',*,*,#1719,.F.);
#2427=ORIENTED_EDGE('',*,*,#1418,.F.);
#2428=ORIENTED_EDGE('',*,*,#1728,.T.);
#2429=ORIENTED_EDGE('',*,*,#1729,.F.);
#2430=ORIENTED_EDGE('',*,*,#1723,.F.);
#2431=ORIENTED_EDGE('',*,*,#1426,.F.);
#2432=ORIENTED_EDGE('',*,*,#1730,.F.);
#2433=ORIENTED_EDGE('',*,*,#1731,.F.);
#2434=ORIENTED_EDGE('',*,*,#1716,.F.);
#2435=ORIENTED_EDGE('',*,*,#1732,.F.);
#2436=ORIENTED_EDGE('',*,*,#1733,.T.);
#2437=ORIENTED_EDGE('',*,*,#1424,.F.);
#2438=ORIENTED_EDGE('',*,*,#1721,.F.);
#2439=ORIENTED_EDGE('',*,*,#1734,.F.);
#2440=ORIENTED_EDGE('',*,*,#1735,.T.);
#2441=ORIENTED_EDGE('',*,*,#1420,.F.);
#2442=ORIENTED_EDGE('',*,*,#1735,.F.);
#2443=ORIENTED_EDGE('',*,*,#1736,.F.);
#2444=ORIENTED_EDGE('',*,*,#1737,.F.);
#2445=ORIENTED_EDGE('',*,*,#1421,.F.);
#2446=ORIENTED_EDGE('',*,*,#1717,.F.);
#2447=ORIENTED_EDGE('',*,*,#1422,.F.);
#2448=ORIENTED_EDGE('',*,*,#1737,.T.);
#2449=ORIENTED_EDGE('',*,*,#1738,.F.);
#2450=ORIENTED_EDGE('',*,*,#1727,.F.);
#2451=ORIENTED_EDGE('',*,*,#1739,.F.);
#2452=ORIENTED_EDGE('',*,*,#1728,.F.);
#2453=ORIENTED_EDGE('',*,*,#1417,.F.);
#2454=ORIENTED_EDGE('',*,*,#1733,.F.);
#2455=ORIENTED_EDGE('',*,*,#1740,.F.);
#2456=ORIENTED_EDGE('',*,*,#1730,.T.);
#2457=ORIENTED_EDGE('',*,*,#1425,.F.);
#2458=ORIENTED_EDGE('',*,*,#1707,.F.);
#2459=ORIENTED_EDGE('',*,*,#1741,.F.);
#2460=ORIENTED_EDGE('',*,*,#1711,.F.);
#2461=ORIENTED_EDGE('',*,*,#1714,.F.);
#2462=ORIENTED_EDGE('',*,*,#1722,.F.);
#2463=ORIENTED_EDGE('',*,*,#1731,.T.);
#2464=ORIENTED_EDGE('',*,*,#1740,.T.);
#2465=ORIENTED_EDGE('',*,*,#1732,.T.);
#2466=ORIENTED_EDGE('',*,*,#1718,.F.);
#2467=ORIENTED_EDGE('',*,*,#1738,.T.);
#2468=ORIENTED_EDGE('',*,*,#1736,.T.);
#2469=ORIENTED_EDGE('',*,*,#1734,.T.);
#2470=ORIENTED_EDGE('',*,*,#1720,.F.);
#2471=ORIENTED_EDGE('',*,*,#1729,.T.);
#2472=ORIENTED_EDGE('',*,*,#1739,.T.);
#2473=ORIENTED_EDGE('',*,*,#1726,.T.);
#2474=ORIENTED_EDGE('',*,*,#1724,.F.);
#2475=ORIENTED_EDGE('',*,*,#1709,.F.);
#2476=ORIENTED_EDGE('',*,*,#1706,.F.);
#2477=ORIENTED_EDGE('',*,*,#1576,.T.);
#2478=ORIENTED_EDGE('',*,*,#1712,.F.);
#2479=ORIENTED_EDGE('',*,*,#1741,.T.);
#2480=ORIENTED_EDGE('',*,*,#1742,.F.);
#2481=ORIENTED_EDGE('',*,*,#1563,.T.);
#2482=ORIENTED_EDGE('',*,*,#1743,.F.);
#2483=ORIENTED_EDGE('',*,*,#1744,.T.);
#2484=ORIENTED_EDGE('',*,*,#1745,.F.);
#2485=ORIENTED_EDGE('',*,*,#1744,.F.);
#2486=ORIENTED_EDGE('',*,*,#1746,.F.);
#2487=ORIENTED_EDGE('',*,*,#1747,.F.);
#2488=ORIENTED_EDGE('',*,*,#1748,.F.);
#2489=ORIENTED_EDGE('',*,*,#1749,.F.);
#2490=ORIENTED_EDGE('',*,*,#1746,.T.);
#2491=ORIENTED_EDGE('',*,*,#1743,.T.);
#2492=ORIENTED_EDGE('',*,*,#1562,.T.);
#2493=ORIENTED_EDGE('',*,*,#1635,.F.);
#2494=ORIENTED_EDGE('',*,*,#1750,.T.);
#2495=ORIENTED_EDGE('',*,*,#1747,.T.);
#2496=ORIENTED_EDGE('',*,*,#1750,.F.);
#2497=ORIENTED_EDGE('',*,*,#1640,.F.);
#2498=ORIENTED_EDGE('',*,*,#1751,.T.);
#2499=ORIENTED_EDGE('',*,*,#1748,.T.);
#2500=ORIENTED_EDGE('',*,*,#1751,.F.);
#2501=ORIENTED_EDGE('',*,*,#1639,.F.);
#2502=ORIENTED_EDGE('',*,*,#1400,.F.);
#2503=ORIENTED_EDGE('',*,*,#1408,.F.);
#2504=ORIENTED_EDGE('',*,*,#1394,.F.);
#2505=ORIENTED_EDGE('',*,*,#1403,.F.);
#2506=ORIENTED_EDGE('',*,*,#1752,.T.);
#2507=ORIENTED_EDGE('',*,*,#1749,.T.);
#2508=ORIENTED_EDGE('',*,*,#1752,.F.);
#2509=ORIENTED_EDGE('',*,*,#1402,.F.);
#2510=ORIENTED_EDGE('',*,*,#1753,.F.);
#2511=ORIENTED_EDGE('',*,*,#1745,.T.);
#2512=ORIENTED_EDGE('',*,*,#1753,.T.);
#2513=ORIENTED_EDGE('',*,*,#1401,.F.);
#2514=ORIENTED_EDGE('',*,*,#1564,.T.);
#2515=ORIENTED_EDGE('',*,*,#1742,.T.);
#2516=ORIENTED_EDGE('',*,*,#1754,.T.);
#2517=ORIENTED_EDGE('',*,*,#1755,.T.);
#2518=ORIENTED_EDGE('',*,*,#1571,.T.);
#2519=ORIENTED_EDGE('',*,*,#1388,.F.);
#2520=ORIENTED_EDGE('',*,*,#1756,.F.);
#2521=ORIENTED_EDGE('',*,*,#1757,.T.);
#2522=ORIENTED_EDGE('',*,*,#1758,.T.);
#2523=ORIENTED_EDGE('',*,*,#1379,.F.);
#2524=ORIENTED_EDGE('',*,*,#1759,.F.);
#2525=ORIENTED_EDGE('',*,*,#1760,.T.);
#2526=ORIENTED_EDGE('',*,*,#1761,.T.);
#2527=ORIENTED_EDGE('',*,*,#1386,.F.);
#2528=ORIENTED_EDGE('',*,*,#1377,.F.);
#2529=ORIENTED_EDGE('',*,*,#1380,.F.);
#2530=ORIENTED_EDGE('',*,*,#1758,.F.);
#2531=ORIENTED_EDGE('',*,*,#1762,.T.);
#2532=ORIENTED_EDGE('',*,*,#1756,.T.);
#2533=ORIENTED_EDGE('',*,*,#1387,.F.);
#2534=ORIENTED_EDGE('',*,*,#1761,.F.);
#2535=ORIENTED_EDGE('',*,*,#1763,.T.);
#2536=ORIENTED_EDGE('',*,*,#1759,.T.);
#2537=ORIENTED_EDGE('',*,*,#1378,.F.);
#2538=ORIENTED_EDGE('',*,*,#1573,.T.);
#2539=ORIENTED_EDGE('',*,*,#1764,.T.);
#2540=ORIENTED_EDGE('',*,*,#1754,.F.);
#2541=ORIENTED_EDGE('',*,*,#1762,.F.);
#2542=ORIENTED_EDGE('',*,*,#1760,.F.);
#2543=ORIENTED_EDGE('',*,*,#1757,.F.);
#2544=ORIENTED_EDGE('',*,*,#1763,.F.);
#2545=ORIENTED_EDGE('',*,*,#1765,.F.);
#2546=ORIENTED_EDGE('',*,*,#1755,.F.);
#2547=ORIENTED_EDGE('',*,*,#1765,.T.);
#2548=ORIENTED_EDGE('',*,*,#1764,.F.);
#2549=ORIENTED_EDGE('',*,*,#1572,.T.);
#2550=PLANE('',#2801);
#2551=PLANE('',#2802);
#2552=PLANE('',#2804);
#2553=PLANE('',#2806);
#2554=PLANE('',#2807);
#2555=PLANE('',#2808);
#2556=PLANE('',#2810);
#2557=PLANE('',#2811);
#2558=PLANE('',#2818);
#2559=PLANE('',#2820);
#2560=PLANE('',#2822);
#2561=PLANE('',#2829);
#2562=PLANE('',#2834);
#2563=PLANE('',#2841);
#2564=PLANE('',#2847);
#2565=PLANE('',#2854);
#2566=PLANE('',#2862);
#2567=PLANE('',#2870);
#2568=PLANE('',#2878);
#2569=PLANE('',#2887);
#2570=PLANE('',#2904);
#2571=PLANE('',#2912);
#2572=PLANE('',#2918);
#2573=PLANE('',#2923);
#2574=PLANE('',#2938);
#2575=PLANE('',#2945);
#2576=PLANE('',#2952);
#2577=PLANE('',#2956);
#2578=PLANE('',#2963);
#2579=PLANE('',#2970);
#2580=PLANE('',#2977);
#2581=PLANE('',#2983);
#2582=PLANE('',#2986);
#2583=PLANE('',#2987);
#2584=PLANE('',#2988);
#2585=PLANE('',#2990);
#2586=PLANE('',#2993);
#2587=PLANE('',#2997);
#2588=PLANE('',#2999);
#2589=PLANE('',#3000);
#2590=PLANE('',#3003);
#2591=PLANE('',#3004);
#2592=PLANE('',#3008);
#2593=PLANE('',#3009);
#2594=PLANE('',#3010);
#2595=PLANE('',#3012);
#2596=PLANE('',#3013);
#2597=PLANE('',#3017);
#2598=PLANE('',#3018);
#2599=PLANE('',#3021);
#2600=PLANE('',#3026);
#2601=PLANE('',#3032);
#2602=PLANE('',#3037);
#2603=PLANE('',#3039);
#2604=PLANE('',#3040);
#2605=PLANE('',#3041);
#2606=PLANE('',#3042);
#2607=PLANE('',#3043);
#2608=PLANE('',#3044);
#2609=PLANE('',#3047);
#2610=PLANE('',#3050);
#2611=PLANE('',#3051);
#2612=PLANE('',#3052);
#2613=PLANE('',#3053);
#2614=PLANE('',#3064);
#2615=PLANE('',#3067);
#2616=PLANE('',#3068);
#2617=PLANE('',#3069);
#2618=PLANE('',#3070);
#2619=PLANE('',#3071);
#2620=PLANE('',#3072);
#2621=PLANE('',#3075);
#2622=PLANE('',#3077);
#2623=PLANE('',#3079);
#2624=PLANE('',#3080);
#2625=PLANE('',#3083);
#2626=PLANE('',#3086);
#2627=PLANE('',#3087);
#2628=PLANE('',#3088);
#2629=ADVANCED_FACE('',(#254),#2550,.F.);
#2630=ADVANCED_FACE('',(#255),#2551,.F.);
#2631=ADVANCED_FACE('',(#256),#2552,.F.);
#2632=ADVANCED_FACE('',(#257),#2553,.F.);
#2633=ADVANCED_FACE('',(#258),#2554,.F.);
#2634=ADVANCED_FACE('',(#259),#2555,.F.);
#2635=ADVANCED_FACE('',(#260),#2556,.F.);
#2636=ADVANCED_FACE('',(#261),#2557,.F.);
#2637=ADVANCED_FACE('',(#262),#2558,.F.);
#2638=ADVANCED_FACE('',(#263),#2559,.F.);
#2639=ADVANCED_FACE('',(#264),#2560,.F.);
#2640=ADVANCED_FACE('',(#265),#2561,.F.);
#2641=ADVANCED_FACE('',(#266),#96,.T.);
#2642=ADVANCED_FACE('',(#267,#66),#2562,.T.);
#2643=ADVANCED_FACE('',(#268),#15,.T.);
#2644=ADVANCED_FACE('',(#269),#97,.T.);
#2645=ADVANCED_FACE('',(#270,#67),#2563,.T.);
#2646=ADVANCED_FACE('',(#271),#16,.T.);
#2647=ADVANCED_FACE('',(#272),#98,.T.);
#2648=ADVANCED_FACE('',(#273,#68),#2564,.T.);
#2649=ADVANCED_FACE('',(#274),#17,.T.);
#2650=ADVANCED_FACE('',(#275),#99,.T.);
#2651=ADVANCED_FACE('',(#276,#69),#2565,.T.);
#2652=ADVANCED_FACE('',(#277),#18,.T.);
#2653=ADVANCED_FACE('',(#278),#100,.F.);
#2654=ADVANCED_FACE('',(#279),#19,.F.);
#2655=ADVANCED_FACE('',(#280,#70),#2566,.T.);
#2656=ADVANCED_FACE('',(#281),#101,.F.);
#2657=ADVANCED_FACE('',(#282),#20,.F.);
#2658=ADVANCED_FACE('',(#283,#71),#2567,.T.);
#2659=ADVANCED_FACE('',(#284),#102,.F.);
#2660=ADVANCED_FACE('',(#285),#21,.F.);
#2661=ADVANCED_FACE('',(#286,#72),#2568,.T.);
#2662=ADVANCED_FACE('',(#287),#103,.F.);
#2663=ADVANCED_FACE('',(#288),#22,.F.);
#2664=ADVANCED_FACE('',(#289),#104,.F.);
#2665=ADVANCED_FACE('',(#290,#73),#2569,.T.);
#2666=ADVANCED_FACE('',(#291),#23,.F.);
#2667=ADVANCED_FACE('',(#292),#105,.T.);
#2668=ADVANCED_FACE('',(#293),#24,.T.);
#2669=ADVANCED_FACE('',(#294),#106,.F.);
#2670=ADVANCED_FACE('',(#295),#25,.F.);
#2671=ADVANCED_FACE('',(#296),#107,.F.);
#2672=ADVANCED_FACE('',(#297),#26,.F.);
#2673=ADVANCED_FACE('',(#298,#74),#2570,.T.);
#2674=ADVANCED_FACE('',(#299),#108,.F.);
#2675=ADVANCED_FACE('',(#300),#27,.F.);
#2676=ADVANCED_FACE('',(#301,#75,#76),#2571,.T.);
#2677=ADVANCED_FACE('',(#302),#109,.F.);
#2678=ADVANCED_FACE('',(#303,#77),#2572,.F.);
#2679=ADVANCED_FACE('',(#304),#110,.F.);
#2680=ADVANCED_FACE('',(#305,#78,#79,#80,#81,#82,#83,#84,#85),#2573,.F.);
#2681=ADVANCED_FACE('',(#306),#28,.F.);
#2682=ADVANCED_FACE('',(#307),#111,.F.);
#2683=ADVANCED_FACE('',(#308,#86),#2574,.F.);
#2684=ADVANCED_FACE('',(#309),#112,.F.);
#2685=ADVANCED_FACE('',(#310),#29,.F.);
#2686=ADVANCED_FACE('',(#311),#113,.F.);
#2687=ADVANCED_FACE('',(#312,#87),#2575,.F.);
#2688=ADVANCED_FACE('',(#313),#114,.F.);
#2689=ADVANCED_FACE('',(#314),#30,.F.);
#2690=ADVANCED_FACE('',(#315),#115,.F.);
#2691=ADVANCED_FACE('',(#316,#88),#2576,.F.);
#2692=ADVANCED_FACE('',(#317),#116,.F.);
#2693=ADVANCED_FACE('',(#318,#89),#2577,.F.);
#2694=ADVANCED_FACE('',(#319),#117,.F.);
#2695=ADVANCED_FACE('',(#320),#31,.F.);
#2696=ADVANCED_FACE('',(#321),#118,.F.);
#2697=ADVANCED_FACE('',(#322,#90),#2578,.F.);
#2698=ADVANCED_FACE('',(#323),#119,.F.);
#2699=ADVANCED_FACE('',(#324),#32,.F.);
#2700=ADVANCED_FACE('',(#325),#120,.F.);
#2701=ADVANCED_FACE('',(#326,#91),#2579,.F.);
#2702=ADVANCED_FACE('',(#327),#121,.F.);
#2703=ADVANCED_FACE('',(#328),#33,.F.);
#2704=ADVANCED_FACE('',(#329),#122,.F.);
#2705=ADVANCED_FACE('',(#330,#92),#2580,.F.);
#2706=ADVANCED_FACE('',(#331),#123,.F.);
#2707=ADVANCED_FACE('',(#332),#34,.F.);
#2708=ADVANCED_FACE('',(#333),#35,.F.);
#2709=ADVANCED_FACE('',(#334),#2581,.F.);
#2710=ADVANCED_FACE('',(#335),#36,.T.);
#2711=ADVANCED_FACE('',(#336),#2582,.T.);
#2712=ADVANCED_FACE('',(#337),#2583,.T.);
#2713=ADVANCED_FACE('',(#338),#2584,.F.);
#2714=ADVANCED_FACE('',(#339),#2585,.T.);
#2715=ADVANCED_FACE('',(#340),#37,.T.);
#2716=ADVANCED_FACE('',(#341),#2586,.T.);
#2717=ADVANCED_FACE('',(#342),#38,.T.);
#2718=ADVANCED_FACE('',(#343),#39,.T.);
#2719=ADVANCED_FACE('',(#344),#2587,.T.);
#2720=ADVANCED_FACE('',(#345),#40,.T.);
#2721=ADVANCED_FACE('',(#346),#2588,.T.);
#2722=ADVANCED_FACE('',(#347,#93,#94,#95),#2589,.T.);
#2723=ADVANCED_FACE('',(#348),#2590,.T.);
#2724=ADVANCED_FACE('',(#349),#2591,.T.);
#2725=ADVANCED_FACE('',(#350),#41,.F.);
#2726=ADVANCED_FACE('',(#351),#42,.T.);
#2727=ADVANCED_FACE('',(#352),#2592,.T.);
#2728=ADVANCED_FACE('',(#353),#2593,.T.);
#2729=ADVANCED_FACE('',(#354),#2594,.T.);
#2730=ADVANCED_FACE('',(#355),#43,.T.);
#2731=ADVANCED_FACE('',(#356),#2595,.T.);
#2732=ADVANCED_FACE('',(#357),#2596,.F.);
#2733=ADVANCED_FACE('',(#358),#44,.T.);
#2734=ADVANCED_FACE('',(#359),#45,.T.);
#2735=ADVANCED_FACE('',(#360),#2597,.F.);
#2736=ADVANCED_FACE('',(#361),#2598,.F.);
#2737=ADVANCED_FACE('',(#362),#46,.F.);
#2738=ADVANCED_FACE('',(#363),#2599,.F.);
#2739=ADVANCED_FACE('',(#364),#47,.F.);
#2740=ADVANCED_FACE('',(#365),#48,.F.);
#2741=ADVANCED_FACE('',(#366),#2600,.T.);
#2742=ADVANCED_FACE('',(#367),#2601,.T.);
#2743=ADVANCED_FACE('',(#368),#49,.F.);
#2744=ADVANCED_FACE('',(#369),#50,.F.);
#2745=ADVANCED_FACE('',(#370),#51,.F.);
#2746=ADVANCED_FACE('',(#371),#52,.T.);
#2747=ADVANCED_FACE('',(#372),#2602,.T.);
#2748=ADVANCED_FACE('',(#373),#53,.T.);
#2749=ADVANCED_FACE('',(#374),#2603,.T.);
#2750=ADVANCED_FACE('',(#375),#2604,.T.);
#2751=ADVANCED_FACE('',(#376),#2605,.T.);
#2752=ADVANCED_FACE('',(#377),#2606,.T.);
#2753=ADVANCED_FACE('',(#378),#2607,.T.);
#2754=ADVANCED_FACE('',(#379),#2608,.T.);
#2755=ADVANCED_FACE('',(#380),#54,.T.);
#2756=ADVANCED_FACE('',(#381),#2609,.T.);
#2757=ADVANCED_FACE('',(#382),#55,.T.);
#2758=ADVANCED_FACE('',(#383),#2610,.T.);
#2759=ADVANCED_FACE('',(#384),#2611,.T.);
#2760=ADVANCED_FACE('',(#385),#2612,.T.);
#2761=ADVANCED_FACE('',(#386),#2613,.T.);
#2762=ADVANCED_FACE('',(#387),#56,.F.);
#2763=ADVANCED_FACE('',(#388),#57,.F.);
#2764=ADVANCED_FACE('',(#389),#58,.F.);
#2765=ADVANCED_FACE('',(#390),#59,.F.);
#2766=ADVANCED_FACE('',(#391),#60,.F.);
#2767=ADVANCED_FACE('',(#392),#2614,.F.);
#2768=ADVANCED_FACE('',(#393),#61,.F.);
#2769=ADVANCED_FACE('',(#394),#2615,.F.);
#2770=ADVANCED_FACE('',(#395),#2616,.F.);
#2771=ADVANCED_FACE('',(#396),#2617,.T.);
#2772=ADVANCED_FACE('',(#397),#2618,.T.);
#2773=ADVANCED_FACE('',(#398),#2619,.T.);
#2774=ADVANCED_FACE('',(#399),#2620,.T.);
#2775=ADVANCED_FACE('',(#400),#2621,.T.);
#2776=ADVANCED_FACE('',(#401),#62,.T.);
#2777=ADVANCED_FACE('',(#402),#2622,.T.);
#2778=ADVANCED_FACE('',(#403),#63,.T.);
#2779=ADVANCED_FACE('',(#404),#2623,.T.);
#2780=ADVANCED_FACE('',(#405),#2624,.T.);
#2781=ADVANCED_FACE('',(#406),#64,.T.);
#2782=ADVANCED_FACE('',(#407),#2625,.T.);
#2783=ADVANCED_FACE('',(#408),#65,.T.);
#2784=ADVANCED_FACE('',(#409),#2626,.T.);
#2785=ADVANCED_FACE('',(#410),#2627,.T.);
#2786=ADVANCED_FACE('',(#411),#2628,.T.);
#2787=CLOSED_SHELL('',(#2629,#2630,#2631,#2632,#2633,#2634,#2635,#2636,
#2637,#2638,#2639,#2640,#2641,#2642,#2643,#2644,#2645,#2646,#2647,#2648,
#2649,#2650,#2651,#2652,#2653,#2654,#2655,#2656,#2657,#2658,#2659,#2660,
#2661,#2662,#2663,#2664,#2665,#2666,#2667,#2668,#2669,#2670,#2671,#2672,
#2673,#2674,#2675,#2676,#2677,#2678,#2679,#2680,#2681,#2682,#2683,#2684,
#2685,#2686,#2687,#2688,#2689,#2690,#2691,#2692,#2693,#2694,#2695,#2696,
#2697,#2698,#2699,#2700,#2701,#2702,#2703,#2704,#2705,#2706,#2707,#2708,
#2709,#2710,#2711,#2712,#2713,#2714,#2715,#2716,#2717,#2718,#2719,#2720,
#2721,#2722,#2723,#2724,#2725,#2726,#2727,#2728,#2729,#2730,#2731,#2732,
#2733,#2734,#2735,#2736,#2737,#2738,#2739,#2740,#2741,#2742,#2743,#2744,
#2745,#2746,#2747,#2748,#2749,#2750,#2751,#2752,#2753,#2754,#2755,#2756,
#2757,#2758,#2759,#2760,#2761,#2762,#2763,#2764,#2765,#2766,#2767,#2768,
#2769,#2770,#2771,#2772,#2773,#2774,#2775,#2776,#2777,#2778,#2779,#2780,
#2781,#2782,#2783,#2784,#2785,#2786));
#2788=DERIVED_UNIT_ELEMENT(#2790,1.);
#2789=DERIVED_UNIT_ELEMENT(#4735,-3.);
#2790=(
MASS_UNIT()
NAMED_UNIT(*)
SI_UNIT(.KILO.,.GRAM.)
);
#2791=DERIVED_UNIT((#2788,#2789));
#2792=MEASURE_REPRESENTATION_ITEM('density measure',
POSITIVE_RATIO_MEASURE(7850.),#2791);
#2793=PROPERTY_DEFINITION_REPRESENTATION(#2798,#2795);
#2794=PROPERTY_DEFINITION_REPRESENTATION(#2799,#2796);
#2795=REPRESENTATION('material name',(#2797),#4732);
#2796=REPRESENTATION('density',(#2792),#4732);
#2797=DESCRIPTIVE_REPRESENTATION_ITEM('Steel','Steel');
#2798=PROPERTY_DEFINITION('material property','material name',#4742);
#2799=PROPERTY_DEFINITION('material property','density of part',#4742);
#2800=AXIS2_PLACEMENT_3D('',#3929,#3089,#3090);
#2801=AXIS2_PLACEMENT_3D('',#3930,#3091,#3092);
#2802=AXIS2_PLACEMENT_3D('',#3939,#3097,#3098);
#2803=AXIS2_PLACEMENT_3D('',#3944,#3100,#3101);
#2804=AXIS2_PLACEMENT_3D('',#3955,#3108,#3109);
#2805=AXIS2_PLACEMENT_3D('',#3959,#3111,#3112);
#2806=AXIS2_PLACEMENT_3D('',#3969,#3118,#3119);
#2807=AXIS2_PLACEMENT_3D('',#3978,#3124,#3125);
#2808=AXIS2_PLACEMENT_3D('',#3987,#3130,#3131);
#2809=AXIS2_PLACEMENT_3D('',#3992,#3133,#3134);
#2810=AXIS2_PLACEMENT_3D('',#4001,#3140,#3141);
#2811=AXIS2_PLACEMENT_3D('',#4008,#3146,#3147);
#2812=AXIS2_PLACEMENT_3D('',#4019,#3152,#3153);
#2813=AXIS2_PLACEMENT_3D('',#4023,#3155,#3156);
#2814=AXIS2_PLACEMENT_3D('',#4027,#3158,#3159);
#2815=AXIS2_PLACEMENT_3D('',#4031,#3161,#3162);
#2816=AXIS2_PLACEMENT_3D('',#4035,#3164,#3165);
#2817=AXIS2_PLACEMENT_3D('',#4039,#3167,#3168);
#2818=AXIS2_PLACEMENT_3D('',#4041,#3170,#3171);
#2819=AXIS2_PLACEMENT_3D('',#4046,#3173,#3174);
#2820=AXIS2_PLACEMENT_3D('',#4057,#3181,#3182);
#2821=AXIS2_PLACEMENT_3D('',#4061,#3184,#3185);
#2822=AXIS2_PLACEMENT_3D('',#4073,#3192,#3193);
#2823=AXIS2_PLACEMENT_3D('',#4084,#3198,#3199);
#2824=AXIS2_PLACEMENT_3D('',#4088,#3201,#3202);
#2825=AXIS2_PLACEMENT_3D('',#4092,#3204,#3205);
#2826=AXIS2_PLACEMENT_3D('',#4096,#3207,#3208);
#2827=AXIS2_PLACEMENT_3D('',#4100,#3210,#3211);
#2828=AXIS2_PLACEMENT_3D('',#4104,#3213,#3214);
#2829=AXIS2_PLACEMENT_3D('',#4106,#3216,#3217);
#2830=AXIS2_PLACEMENT_3D('',#4111,#3219,#3220);
#2831=AXIS2_PLACEMENT_3D('',#4120,#3226,#3227);
#2832=AXIS2_PLACEMENT_3D('',#4122,#3228,#3229);
#2833=AXIS2_PLACEMENT_3D('',#4125,#3231,#3232);
#2834=AXIS2_PLACEMENT_3D('',#4126,#3233,#3234);
#2835=AXIS2_PLACEMENT_3D('',#4128,#3235,#3236);
#2836=AXIS2_PLACEMENT_3D('',#4129,#3237,#3238);
#2837=AXIS2_PLACEMENT_3D('',#4132,#3240,#3241);
#2838=AXIS2_PLACEMENT_3D('',#4133,#3242,#3243);
#2839=AXIS2_PLACEMENT_3D('',#4135,#3244,#3245);
#2840=AXIS2_PLACEMENT_3D('',#4138,#3247,#3248);
#2841=AXIS2_PLACEMENT_3D('',#4139,#3249,#3250);
#2842=AXIS2_PLACEMENT_3D('',#4140,#3251,#3252);
#2843=AXIS2_PLACEMENT_3D('',#4142,#3253,#3254);
#2844=AXIS2_PLACEMENT_3D('',#4144,#3256,#3257);
#2845=AXIS2_PLACEMENT_3D('',#4146,#3258,#3259);
#2846=AXIS2_PLACEMENT_3D('',#4149,#3261,#3262);
#2847=AXIS2_PLACEMENT_3D('',#4150,#3263,#3264);
#2848=AXIS2_PLACEMENT_3D('',#4152,#3265,#3266);
#2849=AXIS2_PLACEMENT_3D('',#4153,#3267,#3268);
#2850=AXIS2_PLACEMENT_3D('',#4156,#3270,#3271);
#2851=AXIS2_PLACEMENT_3D('',#4157,#3272,#3273);
#2852=AXIS2_PLACEMENT_3D('',#4159,#3274,#3275);
#2853=AXIS2_PLACEMENT_3D('',#4162,#3277,#3278);
#2854=AXIS2_PLACEMENT_3D('',#4163,#3279,#3280);
#2855=AXIS2_PLACEMENT_3D('',#4164,#3281,#3282);
#2856=AXIS2_PLACEMENT_3D('',#4166,#3283,#3284);
#2857=AXIS2_PLACEMENT_3D('',#4168,#3286,#3287);
#2858=AXIS2_PLACEMENT_3D('',#4170,#3288,#3289);
#2859=AXIS2_PLACEMENT_3D('',#4173,#3291,#3292);
#2860=AXIS2_PLACEMENT_3D('',#4174,#3293,#3294);
#2861=AXIS2_PLACEMENT_3D('',#4176,#3295,#3296);
#2862=AXIS2_PLACEMENT_3D('',#4178,#3298,#3299);
#2863=AXIS2_PLACEMENT_3D('',#4179,#3300,#3301);
#2864=AXIS2_PLACEMENT_3D('',#4183,#3303,#3304);
#2865=AXIS2_PLACEMENT_3D('',#4185,#3306,#3307);
#2866=AXIS2_PLACEMENT_3D('',#4187,#3308,#3309);
#2867=AXIS2_PLACEMENT_3D('',#4190,#3311,#3312);
#2868=AXIS2_PLACEMENT_3D('',#4191,#3313,#3314);
#2869=AXIS2_PLACEMENT_3D('',#4193,#3315,#3316);
#2870=AXIS2_PLACEMENT_3D('',#4195,#3318,#3319);
#2871=AXIS2_PLACEMENT_3D('',#4199,#3321,#3322);
#2872=AXIS2_PLACEMENT_3D('',#4204,#3325,#3326);
#2873=AXIS2_PLACEMENT_3D('',#4205,#3327,#3328);
#2874=AXIS2_PLACEMENT_3D('',#4207,#3329,#3330);
#2875=AXIS2_PLACEMENT_3D('',#4210,#3332,#3333);
#2876=AXIS2_PLACEMENT_3D('',#4211,#3334,#3335);
#2877=AXIS2_PLACEMENT_3D('',#4213,#3336,#3337);
#2878=AXIS2_PLACEMENT_3D('',#4215,#3339,#3340);
#2879=AXIS2_PLACEMENT_3D('',#4220,#3343,#3344);
#2880=AXIS2_PLACEMENT_3D('',#4221,#3345,#3346);
#2881=AXIS2_PLACEMENT_3D('',#4224,#3348,#3349);
#2882=AXIS2_PLACEMENT_3D('',#4225,#3350,#3351);
#2883=AXIS2_PLACEMENT_3D('',#4227,#3352,#3353);
#2884=AXIS2_PLACEMENT_3D('',#4229,#3355,#3356);
#2885=AXIS2_PLACEMENT_3D('',#4231,#3357,#3358);
#2886=AXIS2_PLACEMENT_3D('',#4234,#3360,#3361);
#2887=AXIS2_PLACEMENT_3D('',#4235,#3362,#3363);
#2888=AXIS2_PLACEMENT_3D('',#4237,#3364,#3365);
#2889=AXIS2_PLACEMENT_3D('',#4238,#3366,#3367);
#2890=AXIS2_PLACEMENT_3D('',#4240,#3368,#3369);
#2891=AXIS2_PLACEMENT_3D('',#4242,#3371,#3372);
#2892=AXIS2_PLACEMENT_3D('',#4245,#3374,#3375);
#2893=AXIS2_PLACEMENT_3D('',#4246,#3376,#3377);
#2894=AXIS2_PLACEMENT_3D('',#4248,#3378,#3379);
#2895=AXIS2_PLACEMENT_3D('',#4250,#3381,#3382);
#2896=AXIS2_PLACEMENT_3D('',#4253,#3384,#3385);
#2897=AXIS2_PLACEMENT_3D('',#4254,#3386,#3387);
#2898=AXIS2_PLACEMENT_3D('',#4256,#3388,#3389);
#2899=AXIS2_PLACEMENT_3D('',#4258,#3391,#3392);
#2900=AXIS2_PLACEMENT_3D('',#4260,#3393,#3394);
#2901=AXIS2_PLACEMENT_3D('',#4263,#3396,#3397);
#2902=AXIS2_PLACEMENT_3D('',#4264,#3398,#3399);
#2903=AXIS2_PLACEMENT_3D('',#4266,#3400,#3401);
#2904=AXIS2_PLACEMENT_3D('',#4268,#3403,#3404);
#2905=AXIS2_PLACEMENT_3D('',#4270,#3405,#3406);
#2906=AXIS2_PLACEMENT_3D('',#4274,#3408,#3409);
#2907=AXIS2_PLACEMENT_3D('',#4278,#3412,#3413);
#2908=AXIS2_PLACEMENT_3D('',#4280,#3414,#3415);
#2909=AXIS2_PLACEMENT_3D('',#4283,#3417,#3418);
#2910=AXIS2_PLACEMENT_3D('',#4284,#3419,#3420);
#2911=AXIS2_PLACEMENT_3D('',#4286,#3421,#3422);
#2912=AXIS2_PLACEMENT_3D('',#4288,#3424,#3425);
#2913=AXIS2_PLACEMENT_3D('',#4292,#3427,#3428);
#2914=AXIS2_PLACEMENT_3D('',#4294,#3430,#3431);
#2915=AXIS2_PLACEMENT_3D('',#4297,#3432,#3433);
#2916=AXIS2_PLACEMENT_3D('',#4299,#3435,#3436);
#2917=AXIS2_PLACEMENT_3D('',#4302,#3438,#3439);
#2918=AXIS2_PLACEMENT_3D('',#4303,#3440,#3441);
#2919=AXIS2_PLACEMENT_3D('',#4305,#3442,#3443);
#2920=AXIS2_PLACEMENT_3D('',#4306,#3444,#3445);
#2921=AXIS2_PLACEMENT_3D('',#4308,#3446,#3447);
#2922=AXIS2_PLACEMENT_3D('',#4311,#3449,#3450);
#2923=AXIS2_PLACEMENT_3D('',#4312,#3451,#3452);
#2924=AXIS2_PLACEMENT_3D('',#4322,#3457,#3458);
#2925=AXIS2_PLACEMENT_3D('',#4330,#3463,#3464);
#2926=AXIS2_PLACEMENT_3D('',#4336,#3468,#3469);
#2927=AXIS2_PLACEMENT_3D('',#4342,#3473,#3474);
#2928=AXIS2_PLACEMENT_3D('',#4344,#3475,#3476);
#2929=AXIS2_PLACEMENT_3D('',#4346,#3477,#3478);
#2930=AXIS2_PLACEMENT_3D('',#4348,#3479,#3480);
#2931=AXIS2_PLACEMENT_3D('',#4351,#3481,#3482);
#2932=AXIS2_PLACEMENT_3D('',#4354,#3484,#3485);
#2933=AXIS2_PLACEMENT_3D('',#4356,#3486,#3487);
#2934=AXIS2_PLACEMENT_3D('',#4358,#3488,#3489);
#2935=AXIS2_PLACEMENT_3D('',#4359,#3490,#3491);
#2936=AXIS2_PLACEMENT_3D('',#4361,#3493,#3494);
#2937=AXIS2_PLACEMENT_3D('',#4364,#3496,#3497);
#2938=AXIS2_PLACEMENT_3D('',#4365,#3498,#3499);
#2939=AXIS2_PLACEMENT_3D('',#4367,#3500,#3501);
#2940=AXIS2_PLACEMENT_3D('',#4368,#3502,#3503);
#2941=AXIS2_PLACEMENT_3D('',#4371,#3505,#3506);
#2942=AXIS2_PLACEMENT_3D('',#4372,#3507,#3508);
#2943=AXIS2_PLACEMENT_3D('',#4374,#3510,#3511);
#2944=AXIS2_PLACEMENT_3D('',#4377,#3513,#3514);
#2945=AXIS2_PLACEMENT_3D('',#4378,#3515,#3516);
#2946=AXIS2_PLACEMENT_3D('',#4380,#3517,#3518);
#2947=AXIS2_PLACEMENT_3D('',#4381,#3519,#3520);
#2948=AXIS2_PLACEMENT_3D('',#4384,#3522,#3523);
#2949=AXIS2_PLACEMENT_3D('',#4385,#3524,#3525);
#2950=AXIS2_PLACEMENT_3D('',#4387,#3527,#3528);
#2951=AXIS2_PLACEMENT_3D('',#4390,#3530,#3531);
#2952=AXIS2_PLACEMENT_3D('',#4391,#3532,#3533);
#2953=AXIS2_PLACEMENT_3D('',#4395,#3535,#3536);
#2954=AXIS2_PLACEMENT_3D('',#4396,#3537,#3538);
#2955=AXIS2_PLACEMENT_3D('',#4399,#3540,#3541);
#2956=AXIS2_PLACEMENT_3D('',#4400,#3542,#3543);
#2957=AXIS2_PLACEMENT_3D('',#4402,#3544,#3545);
#2958=AXIS2_PLACEMENT_3D('',#4403,#3546,#3547);
#2959=AXIS2_PLACEMENT_3D('',#4406,#3549,#3550);
#2960=AXIS2_PLACEMENT_3D('',#4407,#3551,#3552);
#2961=AXIS2_PLACEMENT_3D('',#4409,#3554,#3555);
#2962=AXIS2_PLACEMENT_3D('',#4412,#3557,#3558);
#2963=AXIS2_PLACEMENT_3D('',#4413,#3559,#3560);
#2964=AXIS2_PLACEMENT_3D('',#4415,#3561,#3562);
#2965=AXIS2_PLACEMENT_3D('',#4416,#3563,#3564);
#2966=AXIS2_PLACEMENT_3D('',#4419,#3566,#3567);
#2967=AXIS2_PLACEMENT_3D('',#4420,#3568,#3569);
#2968=AXIS2_PLACEMENT_3D('',#4422,#3571,#3572);
#2969=AXIS2_PLACEMENT_3D('',#4425,#3574,#3575);
#2970=AXIS2_PLACEMENT_3D('',#4426,#3576,#3577);
#2971=AXIS2_PLACEMENT_3D('',#4428,#3578,#3579);
#2972=AXIS2_PLACEMENT_3D('',#4429,#3580,#3581);
#2973=AXIS2_PLACEMENT_3D('',#4432,#3583,#3584);
#2974=AXIS2_PLACEMENT_3D('',#4433,#3585,#3586);
#2975=AXIS2_PLACEMENT_3D('',#4435,#3588,#3589);
#2976=AXIS2_PLACEMENT_3D('',#4438,#3591,#3592);
#2977=AXIS2_PLACEMENT_3D('',#4439,#3593,#3594);
#2978=AXIS2_PLACEMENT_3D('',#4441,#3595,#3596);
#2979=AXIS2_PLACEMENT_3D('',#4442,#3597,#3598);
#2980=AXIS2_PLACEMENT_3D('',#4445,#3600,#3601);
#2981=AXIS2_PLACEMENT_3D('',#4446,#3602,#3603);
#2982=AXIS2_PLACEMENT_3D('',#4448,#3605,#3606);
#2983=AXIS2_PLACEMENT_3D('',#4451,#3609,#3610);
#2984=AXIS2_PLACEMENT_3D('',#4452,#3611,#3612);
#2985=AXIS2_PLACEMENT_3D('',#4455,#3613,#3614);
#2986=AXIS2_PLACEMENT_3D('',#4458,#3617,#3618);
#2987=AXIS2_PLACEMENT_3D('',#4460,#3620,#3621);
#2988=AXIS2_PLACEMENT_3D('',#4462,#3623,#3624);
#2989=AXIS2_PLACEMENT_3D('',#4471,#3630,#3631);
#2990=AXIS2_PLACEMENT_3D('',#4472,#3632,#3633);
#2991=AXIS2_PLACEMENT_3D('',#4476,#3636,#3637);
#2992=AXIS2_PLACEMENT_3D('',#4478,#3638,#3639);
#2993=AXIS2_PLACEMENT_3D('',#4480,#3641,#3642);
#2994=AXIS2_PLACEMENT_3D('',#4482,#3644,#3645);
#2995=AXIS2_PLACEMENT_3D('',#4483,#3646,#3647);
#2996=AXIS2_PLACEMENT_3D('',#4486,#3648,#3649);
#2997=AXIS2_PLACEMENT_3D('',#4489,#3652,#3653);
#2998=AXIS2_PLACEMENT_3D('',#4491,#3655,#3656);
#2999=AXIS2_PLACEMENT_3D('',#4492,#3657,#3658);
#3000=AXIS2_PLACEMENT_3D('',#4494,#3660,#3661);
#3001=AXIS2_PLACEMENT_3D('',#4498,#3663,#3664);
#3002=AXIS2_PLACEMENT_3D('',#4503,#3667,#3668);
#3003=AXIS2_PLACEMENT_3D('',#4505,#3670,#3671);
#3004=AXIS2_PLACEMENT_3D('',#4511,#3675,#3676);
#3005=AXIS2_PLACEMENT_3D('',#4513,#3678,#3679);
#3006=AXIS2_PLACEMENT_3D('',#4514,#3680,#3681);
#3007=AXIS2_PLACEMENT_3D('',#4515,#3682,#3683);
#3008=AXIS2_PLACEMENT_3D('',#4517,#3685,#3686);
#3009=AXIS2_PLACEMENT_3D('',#4518,#3687,#3688);
#3010=AXIS2_PLACEMENT_3D('',#4519,#3689,#3690);
#3011=AXIS2_PLACEMENT_3D('',#4521,#3692,#3693);
#3012=AXIS2_PLACEMENT_3D('',#4523,#3695,#3696);
#3013=AXIS2_PLACEMENT_3D('',#4525,#3698,#3699);
#3014=AXIS2_PLACEMENT_3D('',#4531,#3703,#3704);
#3015=AXIS2_PLACEMENT_3D('',#4532,#3705,#3706);
#3016=AXIS2_PLACEMENT_3D('',#4533,#3707,#3708);
#3017=AXIS2_PLACEMENT_3D('',#4534,#3709,#3710);
#3018=AXIS2_PLACEMENT_3D('',#4540,#3714,#3715);
#3019=AXIS2_PLACEMENT_3D('',#4546,#3719,#3720);
#3020=AXIS2_PLACEMENT_3D('',#4550,#3722,#3723);
#3021=AXIS2_PLACEMENT_3D('',#4552,#3725,#3726);
#3022=AXIS2_PLACEMENT_3D('',#4556,#3729,#3730);
#3023=AXIS2_PLACEMENT_3D('',#4559,#3732,#3733);
#3024=AXIS2_PLACEMENT_3D('',#4560,#3734,#3735);
#3025=AXIS2_PLACEMENT_3D('',#4563,#3737,#3738);
#3026=AXIS2_PLACEMENT_3D('',#4564,#3739,#3740);
#3027=AXIS2_PLACEMENT_3D('',#4569,#3742,#3743);
#3028=AXIS2_PLACEMENT_3D('',#4572,#3745,#3746);
#3029=AXIS2_PLACEMENT_3D('',#4574,#3747,#3748);
#3030=AXIS2_PLACEMENT_3D('',#4578,#3751,#3752);
#3031=AXIS2_PLACEMENT_3D('',#4582,#3754,#3755);
#3032=AXIS2_PLACEMENT_3D('',#4586,#3758,#3759);
#3033=AXIS2_PLACEMENT_3D('',#4589,#3762,#3763);
#3034=AXIS2_PLACEMENT_3D('',#4591,#3765,#3766);
#3035=AXIS2_PLACEMENT_3D('',#4593,#3768,#3769);
#3036=AXIS2_PLACEMENT_3D('',#4595,#3771,#3772);
#3037=AXIS2_PLACEMENT_3D('',#4598,#3775,#3776);
#3038=AXIS2_PLACEMENT_3D('',#4599,#3777,#3778);
#3039=AXIS2_PLACEMENT_3D('',#4602,#3781,#3782);
#3040=AXIS2_PLACEMENT_3D('',#4603,#3783,#3784);
#3041=AXIS2_PLACEMENT_3D('',#4604,#3785,#3786);
#3042=AXIS2_PLACEMENT_3D('',#4605,#3787,#3788);
#3043=AXIS2_PLACEMENT_3D('',#4606,#3789,#3790);
#3044=AXIS2_PLACEMENT_3D('',#4607,#3791,#3792);
#3045=AXIS2_PLACEMENT_3D('',#4613,#3796,#3797);
#3046=AXIS2_PLACEMENT_3D('',#4615,#3798,#3799);
#3047=AXIS2_PLACEMENT_3D('',#4617,#3801,#3802);
#3048=AXIS2_PLACEMENT_3D('',#4623,#3806,#3807);
#3049=AXIS2_PLACEMENT_3D('',#4625,#3808,#3809);
#3050=AXIS2_PLACEMENT_3D('',#4627,#3811,#3812);
#3051=AXIS2_PLACEMENT_3D('',#4633,#3816,#3817);
#3052=AXIS2_PLACEMENT_3D('',#4639,#3821,#3822);
#3053=AXIS2_PLACEMENT_3D('',#4643,#3825,#3826);
#3054=AXIS2_PLACEMENT_3D('',#4647,#3829,#3830);
#3055=AXIS2_PLACEMENT_3D('',#4649,#3831,#3832);
#3056=AXIS2_PLACEMENT_3D('',#4651,#3834,#3835);
#3057=AXIS2_PLACEMENT_3D('',#4654,#3837,#3838);
#3058=AXIS2_PLACEMENT_3D('',#4655,#3839,#3840);
#3059=AXIS2_PLACEMENT_3D('',#4658,#3842,#3843);
#3060=AXIS2_PLACEMENT_3D('',#4659,#3844,#3845);
#3061=AXIS2_PLACEMENT_3D('',#4661,#3846,#3847);
#3062=AXIS2_PLACEMENT_3D('',#4663,#3849,#3850);
#3063=AXIS2_PLACEMENT_3D('',#4665,#3851,#3852);
#3064=AXIS2_PLACEMENT_3D('',#4667,#3854,#3855);
#3065=AXIS2_PLACEMENT_3D('',#4671,#3858,#3859);
#3066=AXIS2_PLACEMENT_3D('',#4672,#3860,#3861);
#3067=AXIS2_PLACEMENT_3D('',#4673,#3862,#3863);
#3068=AXIS2_PLACEMENT_3D('',#4675,#3865,#3866);
#3069=AXIS2_PLACEMENT_3D('',#4677,#3868,#3869);
#3070=AXIS2_PLACEMENT_3D('',#4679,#3871,#3872);
#3071=AXIS2_PLACEMENT_3D('',#4680,#3873,#3874);
#3072=AXIS2_PLACEMENT_3D('',#4686,#3878,#3879);
#3073=AXIS2_PLACEMENT_3D('',#4692,#3882,#3883);
#3074=AXIS2_PLACEMENT_3D('',#4695,#3885,#3886);
#3075=AXIS2_PLACEMENT_3D('',#4696,#3887,#3888);
#3076=AXIS2_PLACEMENT_3D('',#4698,#3890,#3891);
#3077=AXIS2_PLACEMENT_3D('',#4700,#3893,#3894);
#3078=AXIS2_PLACEMENT_3D('',#4702,#3896,#3897);
#3079=AXIS2_PLACEMENT_3D('',#4704,#3899,#3900);
#3080=AXIS2_PLACEMENT_3D('',#4705,#3901,#3902);
#3081=AXIS2_PLACEMENT_3D('',#4711,#3906,#3907);
#3082=AXIS2_PLACEMENT_3D('',#4714,#3908,#3909);
#3083=AXIS2_PLACEMENT_3D('',#4717,#3912,#3913);
#3084=AXIS2_PLACEMENT_3D('',#4721,#3916,#3917);
#3085=AXIS2_PLACEMENT_3D('',#4722,#3918,#3919);
#3086=AXIS2_PLACEMENT_3D('',#4723,#3920,#3921);
#3087=AXIS2_PLACEMENT_3D('',#4727,#3924,#3925);
#3088=AXIS2_PLACEMENT_3D('',#4729,#3927,#3928);
#3089=DIRECTION('axis',(0.,0.,1.));
#3090=DIRECTION('refdir',(1.,0.,0.));
#3091=DIRECTION('center_axis',(6.10536806805379E-17,0.,1.));
#3092=DIRECTION('ref_axis',(1.,0.,-6.10536806805379E-17));
#3093=DIRECTION('',(0.,-1.,0.));
#3094=DIRECTION('',(1.,0.,-6.10536806805379E-17));
#3095=DIRECTION('',(0.,-1.,0.));
#3096=DIRECTION('',(1.,0.,-6.10536806805379E-17));
#3097=DIRECTION('center_axis',(-6.10536806805379E-17,0.,-1.));
#3098=DIRECTION('ref_axis',(1.,0.,-6.10536806805379E-17));
#3099=DIRECTION('',(0.39872611141445,0.917070056253235,-2.43436966852904E-17));
#3100=DIRECTION('center_axis',(-6.10536806805379E-17,0.,-1.));
#3101=DIRECTION('ref_axis',(-2.2204460492503E-15,1.,0.));
#3102=DIRECTION('',(1.,0.,-6.10536806805379E-17));
#3103=DIRECTION('',(0.,-1.,0.));
#3104=DIRECTION('',(-1.,0.,1.22107354457632E-16));
#3105=DIRECTION('',(0.,-1.,0.));
#3106=DIRECTION('',(0.,-1.,0.));
#3107=DIRECTION('',(-1.,0.,6.10536806805379E-17));
#3108=DIRECTION('center_axis',(-6.10536806805379E-17,0.,-1.));
#3109=DIRECTION('ref_axis',(1.,0.,-6.10536806805379E-17));
#3110=DIRECTION('',(1.,0.,-6.10536806805379E-17));
#3111=DIRECTION('center_axis',(-6.10536806805379E-17,0.,-1.));
#3112=DIRECTION('ref_axis',(0.917070056253226,0.398726111414471,0.));
#3113=DIRECTION('',(0.398726111414456,-0.917070056253232,-2.43436966852908E-17));
#3114=DIRECTION('',(-1.,0.,6.10536806805379E-17));
#3115=DIRECTION('',(0.,-1.,0.));
#3116=DIRECTION('',(-1.,0.,1.22107354457632E-16));
#3117=DIRECTION('',(0.,-1.,0.));
#3118=DIRECTION('center_axis',(-9.25344847814403E-17,0.,-1.));
#3119=DIRECTION('ref_axis',(-1.,0.,9.25344847814403E-17));
#3120=DIRECTION('',(0.,-1.,0.));
#3121=DIRECTION('',(-1.,0.,9.25344847814403E-17));
#3122=DIRECTION('',(0.,-1.,0.));
#3123=DIRECTION('',(-1.,0.,9.15805210208069E-17));
#3124=DIRECTION('center_axis',(-9.25344847814403E-17,0.,-1.));
#3125=DIRECTION('ref_axis',(-1.,0.,9.25344847814403E-17));
#3126=DIRECTION('',(0.,-1.,0.));
#3127=DIRECTION('',(-1.,0.,9.15805210208069E-17));
#3128=DIRECTION('',(0.,-1.,0.));
#3129=DIRECTION('',(-1.,0.,9.25344847814403E-17));
#3130=DIRECTION('center_axis',(9.15805210208069E-17,0.,1.));
#3131=DIRECTION('ref_axis',(-1.,0.,9.15805210208069E-17));
#3132=DIRECTION('',(-0.398726111414456,0.917070056253232,3.65155450279361E-17));
#3133=DIRECTION('center_axis',(9.15805210208069E-17,0.,1.));
#3134=DIRECTION('ref_axis',(0.917070056253226,0.398726111414471,0.));
#3135=DIRECTION('',(-1.,0.,9.15805210208069E-17));
#3136=DIRECTION('',(0.,-1.,0.));
#3137=DIRECTION('',(1.,0.,9.15805158451723E-17));
#3138=DIRECTION('',(0.,-1.,0.));
#3139=DIRECTION('',(1.,0.,-9.15805210208069E-17));
#3140=DIRECTION('center_axis',(9.15805210208069E-17,0.,1.));
#3141=DIRECTION('ref_axis',(-1.,0.,9.15805210208069E-17));
#3142=DIRECTION('',(-1.,0.,9.15805210208069E-17));
#3143=DIRECTION('',(0.,-1.,0.));
#3144=DIRECTION('',(1.,0.,9.15805158451723E-17));
#3145=DIRECTION('',(0.,-1.,0.));
#3146=DIRECTION('center_axis',(-1.,0.,2.22779778193068E-18));
#3147=DIRECTION('ref_axis',(2.22779778193068E-18,0.,1.));
#3148=DIRECTION('',(0.,-1.,0.));
#3149=DIRECTION('',(0.,0.,1.));
#3150=DIRECTION('',(0.,-1.,0.));
#3151=DIRECTION('',(2.22779778193068E-18,1.33492315662172E-16,1.));
#3152=DIRECTION('center_axis',(-1.,0.,2.22779778193068E-18));
#3153=DIRECTION('ref_axis',(-2.22044604925031E-15,-1.,0.));
#3154=DIRECTION('',(2.22779778193068E-18,-6.01928145881109E-16,1.));
#3155=DIRECTION('center_axis',(-1.,0.,2.22779778193068E-18));
#3156=DIRECTION('ref_axis',(2.22044604925031E-15,1.,0.));
#3157=DIRECTION('',(2.22779778193068E-18,1.33492315662172E-16,1.));
#3158=DIRECTION('center_axis',(-1.,0.,2.22779778193068E-18));
#3159=DIRECTION('ref_axis',(-2.22044604925031E-15,-1.,7.55896527404362E-15));
#3160=DIRECTION('',(2.22779778193068E-18,7.4322409312395E-15,1.));
#3161=DIRECTION('center_axis',(-1.,0.,2.22779778193068E-18));
#3162=DIRECTION('ref_axis',(2.22044604925031E-15,1.,-7.55896527404361E-15));
#3163=DIRECTION('',(2.22779778193068E-18,1.33492315662172E-16,1.));
#3164=DIRECTION('center_axis',(-1.,0.,2.22779778193068E-18));
#3165=DIRECTION('ref_axis',(-2.24820162486594E-15,-1.,0.));
#3166=DIRECTION('',(2.22779778193068E-18,-4.61311506076935E-16,1.));
#3167=DIRECTION('center_axis',(-1.,0.,2.22779778193068E-18));
#3168=DIRECTION('ref_axis',(2.24820162486594E-15,1.,0.));
#3169=DIRECTION('',(2.22779778193068E-18,1.33492315662172E-16,1.));
#3170=DIRECTION('center_axis',(1.,0.,0.));
#3171=DIRECTION('ref_axis',(0.,0.,1.));
#3172=DIRECTION('',(0.,0.917070056253235,0.39872611141445));
#3173=DIRECTION('center_axis',(1.,0.,0.));
#3174=DIRECTION('ref_axis',(0.,0.398726111414453,-0.917070056253234));
#3175=DIRECTION('',(0.,1.33492315662172E-16,1.));
#3176=DIRECTION('',(0.,-1.,0.));
#3177=DIRECTION('',(0.,0.,-1.));
#3178=DIRECTION('',(0.,-1.,0.));
#3179=DIRECTION('',(0.,-1.,0.));
#3180=DIRECTION('',(0.,0.,-1.));
#3181=DIRECTION('center_axis',(1.,0.,0.));
#3182=DIRECTION('ref_axis',(0.,0.,1.));
#3183=DIRECTION('',(0.,1.33492315662172E-16,1.));
#3184=DIRECTION('center_axis',(1.,0.,0.));
#3185=DIRECTION('ref_axis',(0.,1.,0.));
#3186=DIRECTION('',(0.,-0.917070056253236,0.398726111414448));
#3187=DIRECTION('',(0.,0.,-1.));
#3188=DIRECTION('',(0.,-1.,0.));
#3189=DIRECTION('',(0.,-1.,0.));
#3190=DIRECTION('',(0.,0.,-1.));
#3191=DIRECTION('',(0.,-1.,0.));
#3192=DIRECTION('center_axis',(1.,0.,2.85158116087128E-16));
#3193=DIRECTION('ref_axis',(2.85158116087128E-16,0.,-1.));
#3194=DIRECTION('',(0.,-1.,0.));
#3195=DIRECTION('',(2.85158116087128E-16,0.,-1.));
#3196=DIRECTION('',(0.,-1.,0.));
#3197=DIRECTION('',(2.85158116087128E-16,-1.33492315662172E-16,-1.));
#3198=DIRECTION('center_axis',(1.,0.,2.85158116087128E-16));
#3199=DIRECTION('ref_axis',(2.24820162486594E-15,1.,0.));
#3200=DIRECTION('',(2.85158116087128E-16,4.61311506076934E-16,-1.));
#3201=DIRECTION('center_axis',(1.,0.,2.85158116087128E-16));
#3202=DIRECTION('ref_axis',(-2.24820162486594E-15,-1.,0.));
#3203=DIRECTION('',(2.85158116087128E-16,-1.33492315662172E-16,-1.));
#3204=DIRECTION('center_axis',(1.,0.,2.85158116087128E-16));
#3205=DIRECTION('ref_axis',(2.22044604925031E-15,1.,-7.55896527404361E-15));
#3206=DIRECTION('',(2.85158116087128E-16,-7.4322409312395E-15,-1.));
#3207=DIRECTION('center_axis',(1.,0.,2.85158116087128E-16));
#3208=DIRECTION('ref_axis',(-2.22044604925031E-15,-1.,7.55896527404362E-15));
#3209=DIRECTION('',(2.85158116087128E-16,-1.33492315662172E-16,-1.));
#3210=DIRECTION('center_axis',(1.,0.,2.85158116087128E-16));
#3211=DIRECTION('ref_axis',(2.22044604925031E-15,1.,0.));
#3212=DIRECTION('',(2.85158116087128E-16,6.01928145881108E-16,-1.));
#3213=DIRECTION('center_axis',(1.,0.,2.85158116087128E-16));
#3214=DIRECTION('ref_axis',(-2.22044604925031E-15,-1.,0.));
#3215=DIRECTION('',(2.85158116087128E-16,-1.33492315662172E-16,-1.));
#3216=DIRECTION('center_axis',(-1.,0.,-2.85158116087128E-16));
#3217=DIRECTION('ref_axis',(2.85158116087128E-16,0.,-1.));
#3218=DIRECTION('',(1.1369998676569E-16,0.917070056253236,-0.398726111414448));
#3219=DIRECTION('center_axis',(-1.,0.,-2.85158116087128E-16));
#3220=DIRECTION('ref_axis',(0.,1.,0.));
#3221=DIRECTION('',(2.85158116087128E-16,-1.33492315662172E-16,-1.));
#3222=DIRECTION('',(0.,-1.,0.));
#3223=DIRECTION('',(0.,0.,1.));
#3224=DIRECTION('',(0.,-1.,0.));
#3225=DIRECTION('',(-2.85158116087128E-16,0.,1.));
#3226=DIRECTION('center_axis',(0.,-1.,0.));
#3227=DIRECTION('ref_axis',(1.,0.,0.));
#3228=DIRECTION('center_axis',(0.,-1.,0.));
#3229=DIRECTION('ref_axis',(1.,0.,0.));
#3230=DIRECTION('',(-0.70710678118654,-0.707106781186555,8.65956056235484E-17));
#3231=DIRECTION('center_axis',(0.,1.,0.));
#3232=DIRECTION('ref_axis',(1.,0.,0.));
#3233=DIRECTION('center_axis',(0.,1.,0.));
#3234=DIRECTION('ref_axis',(1.,0.,0.));
#3235=DIRECTION('center_axis',(0.,1.,0.));
#3236=DIRECTION('ref_axis',(1.,0.,0.));
#3237=DIRECTION('center_axis',(0.,-1.,0.));
#3238=DIRECTION('ref_axis',(1.,0.,0.));
#3239=DIRECTION('',(0.,-1.,0.));
#3240=DIRECTION('center_axis',(0.,1.,0.));
#3241=DIRECTION('ref_axis',(1.,0.,0.));
#3242=DIRECTION('center_axis',(0.,-1.,0.));
#3243=DIRECTION('ref_axis',(1.,0.,0.));
#3244=DIRECTION('center_axis',(0.,1.,0.));
#3245=DIRECTION('ref_axis',(1.,0.,0.));
#3246=DIRECTION('',(0.70710678118654,0.707106781186555,8.65956056235484E-17));
#3247=DIRECTION('center_axis',(0.,-1.,0.));
#3248=DIRECTION('ref_axis',(1.,0.,0.));
#3249=DIRECTION('center_axis',(0.,1.,0.));
#3250=DIRECTION('ref_axis',(1.,0.,0.));
#3251=DIRECTION('center_axis',(0.,-1.,0.));
#3252=DIRECTION('ref_axis',(1.,0.,0.));
#3253=DIRECTION('center_axis',(0.,-1.,0.));
#3254=DIRECTION('ref_axis',(1.,0.,0.));
#3255=DIRECTION('',(0.,1.,0.));
#3256=DIRECTION('center_axis',(0.,-1.,0.));
#3257=DIRECTION('ref_axis',(1.,0.,0.));
#3258=DIRECTION('center_axis',(0.,-1.,0.));
#3259=DIRECTION('ref_axis',(1.,0.,0.));
#3260=DIRECTION('',(-0.70710678118654,-0.707106781186555,8.65956056235484E-17));
#3261=DIRECTION('center_axis',(0.,1.,0.));
#3262=DIRECTION('ref_axis',(1.,0.,0.));
#3263=DIRECTION('center_axis',(0.,1.,0.));
#3264=DIRECTION('ref_axis',(1.,0.,0.));
#3265=DIRECTION('center_axis',(0.,1.,0.));
#3266=DIRECTION('ref_axis',(1.,0.,0.));
#3267=DIRECTION('center_axis',(0.,-1.,0.));
#3268=DIRECTION('ref_axis',(1.,0.,0.));
#3269=DIRECTION('',(0.,-1.,0.));
#3270=DIRECTION('center_axis',(0.,1.,0.));
#3271=DIRECTION('ref_axis',(1.,0.,0.));
#3272=DIRECTION('center_axis',(0.,-1.,0.));
#3273=DIRECTION('ref_axis',(1.,0.,0.));
#3274=DIRECTION('center_axis',(0.,1.,0.));
#3275=DIRECTION('ref_axis',(1.,0.,0.));
#3276=DIRECTION('',(0.70710678118654,0.707106781186555,8.65956056235484E-17));
#3277=DIRECTION('center_axis',(0.,-1.,0.));
#3278=DIRECTION('ref_axis',(1.,0.,0.));
#3279=DIRECTION('center_axis',(0.,1.,0.));
#3280=DIRECTION('ref_axis',(1.,0.,0.));
#3281=DIRECTION('center_axis',(0.,-1.,0.));
#3282=DIRECTION('ref_axis',(1.,0.,0.));
#3283=DIRECTION('center_axis',(0.,-1.,0.));
#3284=DIRECTION('ref_axis',(1.,0.,0.));
#3285=DIRECTION('',(0.,1.,0.));
#3286=DIRECTION('center_axis',(0.,1.,0.));
#3287=DIRECTION('ref_axis',(1.,0.,0.));
#3288=DIRECTION('center_axis',(0.,1.,0.));
#3289=DIRECTION('ref_axis',(1.,0.,0.));
#3290=DIRECTION('',(0.707106781186548,-0.707106781186548,-8.65956056235494E-17));
#3291=DIRECTION('center_axis',(0.,-1.,0.));
#3292=DIRECTION('ref_axis',(1.,0.,0.));
#3293=DIRECTION('center_axis',(0.,-1.,0.));
#3294=DIRECTION('ref_axis',(1.,0.,0.));
#3295=DIRECTION('center_axis',(0.,1.,0.));
#3296=DIRECTION('ref_axis',(1.,0.,0.));
#3297=DIRECTION('',(0.,1.,0.));
#3298=DIRECTION('center_axis',(0.,1.,0.));
#3299=DIRECTION('ref_axis',(1.,0.,0.));
#3300=DIRECTION('center_axis',(0.,1.,0.));
#3301=DIRECTION('ref_axis',(-0.999917239529926,0.,-0.0128652279751707));
#3302=DIRECTION('',(0.,0.,1.));
#3303=DIRECTION('center_axis',(0.,1.,0.));
#3304=DIRECTION('ref_axis',(1.,0.,0.));
#3305=DIRECTION('',(1.,0.,0.));
#3306=DIRECTION('center_axis',(0.,1.,0.));
#3307=DIRECTION('ref_axis',(1.,0.,0.));
#3308=DIRECTION('center_axis',(0.,1.,0.));
#3309=DIRECTION('ref_axis',(1.,0.,0.));
#3310=DIRECTION('',(0.707106781186548,-0.707106781186548,-8.65956056235494E-17));
#3311=DIRECTION('center_axis',(0.,-1.,0.));
#3312=DIRECTION('ref_axis',(1.,0.,0.));
#3313=DIRECTION('center_axis',(0.,-1.,0.));
#3314=DIRECTION('ref_axis',(1.,0.,0.));
#3315=DIRECTION('center_axis',(0.,1.,0.));
#3316=DIRECTION('ref_axis',(1.,0.,0.));
#3317=DIRECTION('',(0.,1.,0.));
#3318=DIRECTION('center_axis',(0.,1.,0.));
#3319=DIRECTION('ref_axis',(1.,0.,0.));
#3320=DIRECTION('',(1.,0.,0.));
#3321=DIRECTION('center_axis',(0.,1.,0.));
#3322=DIRECTION('ref_axis',(1.,0.,0.));
#3323=DIRECTION('',(0.,0.,-1.));
#3324=DIRECTION('',(1.,0.,9.15805158451723E-17));
#3325=DIRECTION('center_axis',(0.,1.,0.));
#3326=DIRECTION('ref_axis',(0.0128652279749774,0.,-0.999917239529928));
#3327=DIRECTION('center_axis',(0.,1.,0.));
#3328=DIRECTION('ref_axis',(1.,0.,0.));
#3329=DIRECTION('center_axis',(0.,1.,0.));
#3330=DIRECTION('ref_axis',(1.,0.,0.));
#3331=DIRECTION('',(0.70710678118654,-0.707106781186555,-8.65956056235484E-17));
#3332=DIRECTION('center_axis',(0.,-1.,0.));
#3333=DIRECTION('ref_axis',(1.,0.,0.));
#3334=DIRECTION('center_axis',(0.,-1.,0.));
#3335=DIRECTION('ref_axis',(1.,0.,0.));
#3336=DIRECTION('center_axis',(0.,1.,0.));
#3337=DIRECTION('ref_axis',(1.,0.,0.));
#3338=DIRECTION('',(0.,1.,0.));
#3339=DIRECTION('center_axis',(0.,1.,0.));
#3340=DIRECTION('ref_axis',(1.,0.,0.));
#3341=DIRECTION('',(0.,0.,-1.));
#3342=DIRECTION('',(0.,0.,-1.));
#3343=DIRECTION('center_axis',(0.,1.,0.));
#3344=DIRECTION('ref_axis',(1.,0.,0.));
#3345=DIRECTION('center_axis',(0.,1.,0.));
#3346=DIRECTION('ref_axis',(1.,0.,0.));
#3347=DIRECTION('',(0.70710678118654,-0.707106781186555,-8.65956056235484E-17));
#3348=DIRECTION('center_axis',(0.,-1.,0.));
#3349=DIRECTION('ref_axis',(1.,0.,0.));
#3350=DIRECTION('center_axis',(0.,-1.,0.));
#3351=DIRECTION('ref_axis',(1.,0.,0.));
#3352=DIRECTION('center_axis',(0.,1.,0.));
#3353=DIRECTION('ref_axis',(1.,0.,0.));
#3354=DIRECTION('',(0.,1.,0.));
#3355=DIRECTION('center_axis',(0.,1.,0.));
#3356=DIRECTION('ref_axis',(1.,0.,0.));
#3357=DIRECTION('center_axis',(0.,1.,0.));
#3358=DIRECTION('ref_axis',(1.,0.,0.));
#3359=DIRECTION('',(0.70710678118654,-0.707106781186555,-8.65956056235484E-17));
#3360=DIRECTION('center_axis',(0.,-1.,0.));
#3361=DIRECTION('ref_axis',(1.,0.,0.));
#3362=DIRECTION('center_axis',(0.,1.,0.));
#3363=DIRECTION('ref_axis',(1.,0.,0.));
#3364=DIRECTION('center_axis',(0.,-1.,0.));
#3365=DIRECTION('ref_axis',(1.,0.,0.));
#3366=DIRECTION('center_axis',(0.,-1.,0.));
#3367=DIRECTION('ref_axis',(1.,0.,0.));
#3368=DIRECTION('center_axis',(0.,1.,0.));
#3369=DIRECTION('ref_axis',(1.,0.,0.));
#3370=DIRECTION('',(0.,1.,0.));
#3371=DIRECTION('center_axis',(0.,-1.,0.));
#3372=DIRECTION('ref_axis',(1.,0.,0.));
#3373=DIRECTION('',(-0.70710678118654,-0.707106781186555,8.65956056235484E-17));
#3374=DIRECTION('center_axis',(0.,1.,0.));
#3375=DIRECTION('ref_axis',(1.,0.,0.));
#3376=DIRECTION('center_axis',(0.,-1.,0.));
#3377=DIRECTION('ref_axis',(1.,0.,0.));
#3378=DIRECTION('center_axis',(0.,-1.,0.));
#3379=DIRECTION('ref_axis',(1.,0.,0.));
#3380=DIRECTION('',(0.,1.,0.));
#3381=DIRECTION('center_axis',(0.,1.,0.));
#3382=DIRECTION('ref_axis',(1.,0.,0.));
#3383=DIRECTION('',(0.70710678118654,-0.707106781186555,-8.65956056235484E-17));
#3384=DIRECTION('center_axis',(0.,-1.,0.));
#3385=DIRECTION('ref_axis',(1.,0.,0.));
#3386=DIRECTION('center_axis',(0.,-1.,0.));
#3387=DIRECTION('ref_axis',(1.,0.,0.));
#3388=DIRECTION('center_axis',(0.,1.,0.));
#3389=DIRECTION('ref_axis',(1.,0.,0.));
#3390=DIRECTION('',(0.,1.,0.));
#3391=DIRECTION('center_axis',(0.,1.,0.));
#3392=DIRECTION('ref_axis',(1.,0.,0.));
#3393=DIRECTION('center_axis',(0.,1.,0.));
#3394=DIRECTION('ref_axis',(1.,0.,0.));
#3395=DIRECTION('',(0.70710678118654,-0.707106781186555,-8.65956056235484E-17));
#3396=DIRECTION('center_axis',(0.,-1.,0.));
#3397=DIRECTION('ref_axis',(1.,0.,0.));
#3398=DIRECTION('center_axis',(0.,-1.,0.));
#3399=DIRECTION('ref_axis',(1.,0.,0.));
#3400=DIRECTION('center_axis',(0.,1.,0.));
#3401=DIRECTION('ref_axis',(1.,0.,0.));
#3402=DIRECTION('',(0.,1.,0.));
#3403=DIRECTION('center_axis',(0.,1.,0.));
#3404=DIRECTION('ref_axis',(1.,0.,0.));
#3405=DIRECTION('center_axis',(0.,1.,0.));
#3406=DIRECTION('ref_axis',(1.,0.,0.));
#3407=DIRECTION('',(0.,0.,-1.));
#3408=DIRECTION('center_axis',(0.,1.,0.));
#3409=DIRECTION('ref_axis',(1.,0.,0.));
#3410=DIRECTION('',(-1.,0.,0.));
#3411=DIRECTION('',(0.,0.,1.));
#3412=DIRECTION('center_axis',(0.,1.,0.));
#3413=DIRECTION('ref_axis',(1.,0.,0.));
#3414=DIRECTION('center_axis',(0.,1.,0.));
#3415=DIRECTION('ref_axis',(1.,0.,0.));
#3416=DIRECTION('',(0.70710678118654,-0.707106781186555,-8.65956056235484E-17));
#3417=DIRECTION('center_axis',(0.,-1.,0.));
#3418=DIRECTION('ref_axis',(1.,0.,0.));
#3419=DIRECTION('center_axis',(0.,-1.,0.));
#3420=DIRECTION('ref_axis',(1.,0.,0.));
#3421=DIRECTION('center_axis',(0.,1.,0.));
#3422=DIRECTION('ref_axis',(1.,0.,0.));
#3423=DIRECTION('',(0.,1.,0.));
#3424=DIRECTION('center_axis',(0.,1.,0.));
#3425=DIRECTION('ref_axis',(1.,0.,0.));
#3426=DIRECTION('',(-1.,0.,0.));
#3427=DIRECTION('center_axis',(0.,1.,0.));
#3428=DIRECTION('ref_axis',(1.,0.,0.));
#3429=DIRECTION('',(0.,0.,1.));
#3430=DIRECTION('center_axis',(0.,1.,0.));
#3431=DIRECTION('ref_axis',(0.,0.,1.));
#3432=DIRECTION('center_axis',(0.,-1.,0.));
#3433=DIRECTION('ref_axis',(1.,0.,0.));
#3434=DIRECTION('',(1.,0.,-1.2210708114376E-16));
#3435=DIRECTION('center_axis',(0.,-1.,0.));
#3436=DIRECTION('ref_axis',(1.,0.,0.));
#3437=DIRECTION('',(-0.707106781186548,-0.707106781186548,8.65956056235494E-17));
#3438=DIRECTION('center_axis',(0.,-1.,0.));
#3439=DIRECTION('ref_axis',(1.,0.,0.));
#3440=DIRECTION('center_axis',(0.,1.,0.));
#3441=DIRECTION('ref_axis',(1.,0.,0.));
#3442=DIRECTION('center_axis',(0.,1.,0.));
#3443=DIRECTION('ref_axis',(1.,0.,0.));
#3444=DIRECTION('center_axis',(0.,-1.,0.));
#3445=DIRECTION('ref_axis',(1.,0.,0.));
#3446=DIRECTION('center_axis',(0.,-1.,0.));
#3447=DIRECTION('ref_axis',(1.,0.,0.));
#3448=DIRECTION('',(0.707106781186547,0.707106781186547,8.65956056235493E-17));
#3449=DIRECTION('center_axis',(0.,1.,0.));
#3450=DIRECTION('ref_axis',(1.,0.,0.));
#3451=DIRECTION('center_axis',(0.,1.,0.));
#3452=DIRECTION('ref_axis',(1.,0.,0.));
#3453=DIRECTION('',(1.,0.,-9.15805210208069E-17));
#3454=DIRECTION('',(0.,0.,1.));
#3455=DIRECTION('',(-1.,0.,9.15805210208069E-17));
#3456=DIRECTION('',(0.,0.,-1.));
#3457=DIRECTION('center_axis',(0.,-1.,0.));
#3458=DIRECTION('ref_axis',(1.,0.,0.));
#3459=DIRECTION('',(-2.85158116087128E-16,0.,1.));
#3460=DIRECTION('',(-1.,0.,0.));
#3461=DIRECTION('',(2.85158116087128E-16,0.,-1.));
#3462=DIRECTION('',(1.,0.,0.));
#3463=DIRECTION('center_axis',(0.,-1.,0.));
#3464=DIRECTION('ref_axis',(0.,0.,1.));
#3465=DIRECTION('',(0.,0.,-1.));
#3466=DIRECTION('',(1.,0.,-6.10536806805379E-17));
#3467=DIRECTION('',(0.,0.,1.));
#3468=DIRECTION('center_axis',(0.,-1.,0.));
#3469=DIRECTION('ref_axis',(-0.999917239529926,0.,-0.0128652279751707));
#3470=DIRECTION('',(1.,0.,0.));
#3471=DIRECTION('',(0.,0.,1.));
#3472=DIRECTION('',(-1.,0.,0.));
#3473=DIRECTION('center_axis',(0.,-1.,0.));
#3474=DIRECTION('ref_axis',(0.0128652279749774,0.,-0.999917239529928));
#3475=DIRECTION('center_axis',(0.,-1.,0.));
#3476=DIRECTION('ref_axis',(1.,0.,0.));
#3477=DIRECTION('center_axis',(0.,-1.,0.));
#3478=DIRECTION('ref_axis',(1.,0.,0.));
#3479=DIRECTION('center_axis',(0.,-1.,0.));
#3480=DIRECTION('ref_axis',(1.,0.,0.));
#3481=DIRECTION('center_axis',(0.,1.,0.));
#3482=DIRECTION('ref_axis',(1.,0.,0.));
#3483=DIRECTION('',(0.,0.,1.));
#3484=DIRECTION('center_axis',(0.,-1.,0.));
#3485=DIRECTION('ref_axis',(1.,0.,0.));
#3486=DIRECTION('center_axis',(0.,-1.,0.));
#3487=DIRECTION('ref_axis',(1.,0.,0.));
#3488=DIRECTION('center_axis',(0.,-1.,0.));
#3489=DIRECTION('ref_axis',(1.,0.,0.));
#3490=DIRECTION('center_axis',(0.,1.,0.));
#3491=DIRECTION('ref_axis',(1.,0.,0.));
#3492=DIRECTION('',(0.,1.,0.));
#3493=DIRECTION('center_axis',(0.,-1.,0.));
#3494=DIRECTION('ref_axis',(1.,0.,0.));
#3495=DIRECTION('',(-0.70710678118654,-0.707106781186555,8.65956056235484E-17));
#3496=DIRECTION('center_axis',(0.,-1.,0.));
#3497=DIRECTION('ref_axis',(1.,0.,0.));
#3498=DIRECTION('center_axis',(0.,1.,0.));
#3499=DIRECTION('ref_axis',(1.,0.,0.));
#3500=DIRECTION('center_axis',(0.,1.,0.));
#3501=DIRECTION('ref_axis',(1.,0.,0.));
#3502=DIRECTION('center_axis',(0.,-1.,0.));
#3503=DIRECTION('ref_axis',(1.,0.,0.));
#3504=DIRECTION('',(0.70710678118654,0.707106781186555,8.65956056235484E-17));
#3505=DIRECTION('center_axis',(0.,1.,0.));
#3506=DIRECTION('ref_axis',(1.,0.,0.));
#3507=DIRECTION('center_axis',(0.,1.,0.));
#3508=DIRECTION('ref_axis',(1.,0.,0.));
#3509=DIRECTION('',(0.,1.,0.));
#3510=DIRECTION('center_axis',(0.,-1.,0.));
#3511=DIRECTION('ref_axis',(1.,0.,0.));
#3512=DIRECTION('',(-0.70710678118654,-0.707106781186555,8.65956056235484E-17));
#3513=DIRECTION('center_axis',(0.,-1.,0.));
#3514=DIRECTION('ref_axis',(1.,0.,0.));
#3515=DIRECTION('center_axis',(0.,1.,0.));
#3516=DIRECTION('ref_axis',(1.,0.,0.));
#3517=DIRECTION('center_axis',(0.,1.,0.));
#3518=DIRECTION('ref_axis',(1.,0.,0.));
#3519=DIRECTION('center_axis',(0.,-1.,0.));
#3520=DIRECTION('ref_axis',(1.,0.,0.));
#3521=DIRECTION('',(0.70710678118654,0.707106781186555,8.65956056235484E-17));
#3522=DIRECTION('center_axis',(0.,1.,0.));
#3523=DIRECTION('ref_axis',(1.,0.,0.));
#3524=DIRECTION('center_axis',(0.,1.,0.));
#3525=DIRECTION('ref_axis',(1.,0.,0.));
#3526=DIRECTION('',(0.,1.,0.));
#3527=DIRECTION('center_axis',(0.,-1.,0.));
#3528=DIRECTION('ref_axis',(1.,0.,0.));
#3529=DIRECTION('',(-0.70710678118654,-0.707106781186555,8.65956056235484E-17));
#3530=DIRECTION('center_axis',(0.,-1.,0.));
#3531=DIRECTION('ref_axis',(1.,0.,0.));
#3532=DIRECTION('center_axis',(0.,1.,0.));
#3533=DIRECTION('ref_axis',(1.,0.,0.));
#3534=DIRECTION('',(0.,0.,1.));
#3535=DIRECTION('center_axis',(0.,1.,0.));
#3536=DIRECTION('ref_axis',(1.,0.,0.));
#3537=DIRECTION('center_axis',(0.,-1.,0.));
#3538=DIRECTION('ref_axis',(1.,0.,0.));
#3539=DIRECTION('',(-0.70710678118654,-0.707106781186555,8.65956056235484E-17));
#3540=DIRECTION('center_axis',(0.,-1.,0.));
#3541=DIRECTION('ref_axis',(1.,0.,0.));
#3542=DIRECTION('center_axis',(0.,1.,0.));
#3543=DIRECTION('ref_axis',(1.,0.,0.));
#3544=DIRECTION('center_axis',(0.,1.,0.));
#3545=DIRECTION('ref_axis',(1.,0.,0.));
#3546=DIRECTION('center_axis',(0.,-1.,0.));
#3547=DIRECTION('ref_axis',(1.,0.,0.));
#3548=DIRECTION('',(0.70710678118654,0.707106781186555,8.65956056235484E-17));
#3549=DIRECTION('center_axis',(0.,1.,0.));
#3550=DIRECTION('ref_axis',(1.,0.,0.));
#3551=DIRECTION('center_axis',(0.,1.,0.));
#3552=DIRECTION('ref_axis',(1.,0.,0.));
#3553=DIRECTION('',(0.,1.,0.));
#3554=DIRECTION('center_axis',(0.,-1.,0.));
#3555=DIRECTION('ref_axis',(1.,0.,0.));
#3556=DIRECTION('',(-0.70710678118654,-0.707106781186555,8.65956056235484E-17));
#3557=DIRECTION('center_axis',(0.,-1.,0.));
#3558=DIRECTION('ref_axis',(1.,0.,0.));
#3559=DIRECTION('center_axis',(0.,1.,0.));
#3560=DIRECTION('ref_axis',(1.,0.,0.));
#3561=DIRECTION('center_axis',(0.,1.,0.));
#3562=DIRECTION('ref_axis',(1.,0.,0.));
#3563=DIRECTION('center_axis',(0.,-1.,0.));
#3564=DIRECTION('ref_axis',(1.,0.,0.));
#3565=DIRECTION('',(0.70710678118654,0.707106781186555,8.65956056235484E-17));
#3566=DIRECTION('center_axis',(0.,1.,0.));
#3567=DIRECTION('ref_axis',(1.,0.,0.));
#3568=DIRECTION('center_axis',(0.,1.,0.));
#3569=DIRECTION('ref_axis',(1.,0.,0.));
#3570=DIRECTION('',(0.,1.,0.));
#3571=DIRECTION('center_axis',(0.,-1.,0.));
#3572=DIRECTION('ref_axis',(1.,0.,0.));
#3573=DIRECTION('',(-0.70710678118654,-0.707106781186555,8.65956056235484E-17));
#3574=DIRECTION('center_axis',(0.,-1.,0.));
#3575=DIRECTION('ref_axis',(1.,0.,0.));
#3576=DIRECTION('center_axis',(0.,1.,0.));
#3577=DIRECTION('ref_axis',(1.,0.,0.));
#3578=DIRECTION('center_axis',(0.,1.,0.));
#3579=DIRECTION('ref_axis',(1.,0.,0.));
#3580=DIRECTION('center_axis',(0.,-1.,0.));
#3581=DIRECTION('ref_axis',(1.,0.,0.));
#3582=DIRECTION('',(0.70710678118654,0.707106781186555,8.65956056235484E-17));
#3583=DIRECTION('center_axis',(0.,1.,0.));
#3584=DIRECTION('ref_axis',(1.,0.,0.));
#3585=DIRECTION('center_axis',(0.,1.,0.));
#3586=DIRECTION('ref_axis',(1.,0.,0.));
#3587=DIRECTION('',(0.,1.,0.));
#3588=DIRECTION('center_axis',(0.,-1.,0.));
#3589=DIRECTION('ref_axis',(1.,0.,0.));
#3590=DIRECTION('',(-0.707106781186548,-0.707106781186548,8.65956056235494E-17));
#3591=DIRECTION('center_axis',(0.,-1.,0.));
#3592=DIRECTION('ref_axis',(1.,0.,0.));
#3593=DIRECTION('center_axis',(0.,1.,0.));
#3594=DIRECTION('ref_axis',(1.,0.,0.));
#3595=DIRECTION('center_axis',(0.,1.,0.));
#3596=DIRECTION('ref_axis',(1.,0.,0.));
#3597=DIRECTION('center_axis',(0.,-1.,0.));
#3598=DIRECTION('ref_axis',(1.,0.,0.));
#3599=DIRECTION('',(0.707106781186547,0.707106781186547,8.65956056235493E-17));
#3600=DIRECTION('center_axis',(0.,1.,0.));
#3601=DIRECTION('ref_axis',(1.,0.,0.));
#3602=DIRECTION('center_axis',(0.,1.,0.));
#3603=DIRECTION('ref_axis',(1.,0.,0.));
#3604=DIRECTION('',(0.,1.,0.));
#3605=DIRECTION('center_axis',(0.,1.,0.));
#3606=DIRECTION('ref_axis',(1.,0.,0.));
#3607=DIRECTION('',(0.,1.,0.));
#3608=DIRECTION('',(0.,1.,0.));
#3609=DIRECTION('center_axis',(-1.,0.,0.));
#3610=DIRECTION('ref_axis',(0.,0.,1.));
#3611=DIRECTION('center_axis',(0.,-1.,0.));
#3612=DIRECTION('ref_axis',(1.,0.,0.));
#3613=DIRECTION('center_axis',(0.,-1.,0.));
#3614=DIRECTION('ref_axis',(1.,0.,0.));
#3615=DIRECTION('',(0.,-1.,0.));
#3616=DIRECTION('',(0.,-1.,0.));
#3617=DIRECTION('center_axis',(1.,0.,0.));
#3618=DIRECTION('ref_axis',(0.,0.,1.));
#3619=DIRECTION('',(0.,0.,1.));
#3620=DIRECTION('center_axis',(-1.,0.,0.));
#3621=DIRECTION('ref_axis',(0.,0.,-1.));
#3622=DIRECTION('',(0.,0.,-1.));
#3623=DIRECTION('center_axis',(9.15805210208069E-17,0.,1.));
#3624=DIRECTION('ref_axis',(-1.,0.,9.15805210208069E-17));
#3625=DIRECTION('',(-0.39872611141445,-0.917070056253235,3.65155450279356E-17));
#3626=DIRECTION('',(0.,-1.,0.));
#3627=DIRECTION('',(0.,-1.,0.));
#3628=DIRECTION('',(0.,-1.,0.));
#3629=DIRECTION('',(-1.,0.,9.15805210208069E-17));
#3630=DIRECTION('center_axis',(9.15805210208069E-17,0.,1.));
#3631=DIRECTION('ref_axis',(-2.2204460492503E-15,1.,0.));
#3632=DIRECTION('center_axis',(1.,0.,0.));
#3633=DIRECTION('ref_axis',(0.,0.,1.));
#3634=DIRECTION('',(0.,0.,1.));
#3635=DIRECTION('',(0.,-1.,0.));
#3636=DIRECTION('center_axis',(0.,-1.,0.));
#3637=DIRECTION('ref_axis',(1.,0.,0.));
#3638=DIRECTION('center_axis',(0.,-1.,0.));
#3639=DIRECTION('ref_axis',(1.,0.,0.));
#3640=DIRECTION('',(0.,-1.,0.));
#3641=DIRECTION('center_axis',(0.,0.,-1.));
#3642=DIRECTION('ref_axis',(1.,0.,0.));
#3643=DIRECTION('',(1.,0.,0.));
#3644=DIRECTION('center_axis',(0.,-1.,0.));
#3645=DIRECTION('ref_axis',(-0.999917239529926,0.,-0.0128652279751707));
#3646=DIRECTION('center_axis',(0.,-1.,0.));
#3647=DIRECTION('ref_axis',(1.,0.,0.));
#3648=DIRECTION('center_axis',(0.,-1.,0.));
#3649=DIRECTION('ref_axis',(1.,0.,0.));
#3650=DIRECTION('',(0.,-1.,0.));
#3651=DIRECTION('',(0.,-1.,0.));
#3652=DIRECTION('center_axis',(1.,0.,0.));
#3653=DIRECTION('ref_axis',(0.,0.,1.));
#3654=DIRECTION('',(0.,0.,1.));
#3655=DIRECTION('center_axis',(0.,-1.,0.));
#3656=DIRECTION('ref_axis',(0.0128652279749774,0.,-0.999917239529928));
#3657=DIRECTION('center_axis',(0.,0.,1.));
#3658=DIRECTION('ref_axis',(-1.,0.,0.));
#3659=DIRECTION('',(-1.,0.,0.));
#3660=DIRECTION('center_axis',(0.,1.,0.));
#3661=DIRECTION('ref_axis',(1.,0.,0.));
#3662=DIRECTION('',(0.,0.,-1.));
#3663=DIRECTION('center_axis',(0.,-1.,0.));
#3664=DIRECTION('ref_axis',(1.,0.,0.));
#3665=DIRECTION('',(1.,0.,0.));
#3666=DIRECTION('',(-1.,0.,0.));
#3667=DIRECTION('center_axis',(0.,-1.,0.));
#3668=DIRECTION('ref_axis',(1.,0.,0.));
#3669=DIRECTION('',(0.,0.,-1.));
#3670=DIRECTION('center_axis',(1.2210708114376E-16,0.,1.));
#3671=DIRECTION('ref_axis',(-1.,0.,1.2210708114376E-16));
#3672=DIRECTION('',(-1.,0.,1.2210708114376E-16));
#3673=DIRECTION('',(0.,-1.,0.));
#3674=DIRECTION('',(0.,-1.,0.));
#3675=DIRECTION('center_axis',(-1.,0.,0.));
#3676=DIRECTION('ref_axis',(0.,0.,-1.));
#3677=DIRECTION('',(0.,-1.,0.));
#3678=DIRECTION('center_axis',(0.,-1.,0.));
#3679=DIRECTION('ref_axis',(1.,0.,0.));
#3680=DIRECTION('center_axis',(0.,1.,0.));
#3681=DIRECTION('ref_axis',(1.,0.,0.));
#3682=DIRECTION('center_axis',(0.,-1.,0.));
#3683=DIRECTION('ref_axis',(1.,0.,0.));
#3684=DIRECTION('',(0.,-1.,0.));
#3685=DIRECTION('center_axis',(0.,0.,-1.));
#3686=DIRECTION('ref_axis',(1.,0.,0.));
#3687=DIRECTION('center_axis',(0.,1.,0.));
#3688=DIRECTION('ref_axis',(1.,0.,0.));
#3689=DIRECTION('center_axis',(-1.,0.,0.));
#3690=DIRECTION('ref_axis',(0.,0.,-1.));
#3691=DIRECTION('',(0.,-1.,0.));
#3692=DIRECTION('center_axis',(0.,-1.,0.));
#3693=DIRECTION('ref_axis',(1.,0.,0.));
#3694=DIRECTION('',(0.,-1.,0.));
#3695=DIRECTION('center_axis',(0.,0.,1.));
#3696=DIRECTION('ref_axis',(-1.,0.,0.));
#3697=DIRECTION('',(0.,-1.,0.));
#3698=DIRECTION('center_axis',(-1.,0.,-2.85158116087128E-16));
#3699=DIRECTION('ref_axis',(2.85158116087128E-16,0.,-1.));
#3700=DIRECTION('',(1.13699986765691E-16,-0.917070056253235,-0.39872611141445));
#3701=DIRECTION('',(0.,-1.,0.));
#3702=DIRECTION('',(2.85158116087128E-16,-1.33492315662172E-16,-1.));
#3703=DIRECTION('center_axis',(-1.,0.,-2.85158116087128E-16));
#3704=DIRECTION('ref_axis',(0.,0.398726111414453,-0.917070056253234));
#3705=DIRECTION('center_axis',(0.,-1.,0.));
#3706=DIRECTION('ref_axis',(0.,0.,1.));
#3707=DIRECTION('center_axis',(0.,-1.,0.));
#3708=DIRECTION('ref_axis',(1.,0.,0.));
#3709=DIRECTION('center_axis',(-2.24820162486594E-15,-1.,-4.61311506076935E-16));
#3710=DIRECTION('ref_axis',(0.,4.61311506076935E-16,-1.));
#3711=DIRECTION('',(1.,-2.24820162486594E-15,0.));
#3712=DIRECTION('',(-2.85158116087128E-16,-4.61311506076934E-16,1.));
#3713=DIRECTION('',(1.,-2.24820162486594E-15,0.));
#3714=DIRECTION('center_axis',(-2.22044604925031E-15,-1.,-6.01928145881109E-16));
#3715=DIRECTION('ref_axis',(0.,6.01928145881109E-16,-1.));
#3716=DIRECTION('',(-1.,0.,0.));
#3717=DIRECTION('',(-2.85158116087128E-16,-6.01928145881108E-16,1.));
#3718=DIRECTION('',(1.,-2.22044604925031E-15,0.));
#3719=DIRECTION('center_axis',(1.,-2.22044604925031E-15,0.));
#3720=DIRECTION('ref_axis',(2.22044604925031E-15,1.,-7.55896527404361E-15));
#3721=DIRECTION('',(-1.,2.22044604925031E-15,0.));
#3722=DIRECTION('center_axis',(-1.,0.,-2.85158116087128E-16));
#3723=DIRECTION('ref_axis',(2.22044604925031E-15,1.,-7.55896527404361E-15));
#3724=DIRECTION('',(-1.,0.,0.));
#3725=DIRECTION('center_axis',(-2.22044604925031E-15,-1.,7.4322409312395E-15));
#3726=DIRECTION('ref_axis',(0.,-7.4322409312395E-15,-1.));
#3727=DIRECTION('',(-2.85158116087128E-16,7.4322409312395E-15,1.));
#3728=DIRECTION('',(1.,-2.22044604925031E-15,0.));
#3729=DIRECTION('center_axis',(1.,-2.22044604925031E-15,0.));
#3730=DIRECTION('ref_axis',(-2.22044604925031E-15,-1.,7.55896527404362E-15));
#3731=DIRECTION('',(1.,-2.22044604925031E-15,0.));
#3732=DIRECTION('center_axis',(-1.,0.,-2.85158116087128E-16));
#3733=DIRECTION('ref_axis',(-2.22044604925031E-15,-1.,7.55896527404362E-15));
#3734=DIRECTION('center_axis',(1.,-2.24820162486594E-15,0.));
#3735=DIRECTION('ref_axis',(2.24820162486594E-15,1.,0.));
#3736=DIRECTION('',(-1.,0.,0.));
#3737=DIRECTION('center_axis',(-1.,0.,-2.85158116087128E-16));
#3738=DIRECTION('ref_axis',(2.24820162486594E-15,1.,0.));
#3739=DIRECTION('center_axis',(1.,0.,2.85158116087128E-16));
#3740=DIRECTION('ref_axis',(2.85158116087128E-16,0.,-1.));
#3741=DIRECTION('',(1.13699986765691E-16,-0.917070056253235,-0.39872611141445));
#3742=DIRECTION('center_axis',(-1.,0.,-2.85158116087128E-16));
#3743=DIRECTION('ref_axis',(0.,0.398726111414453,-0.917070056253234));
#3744=DIRECTION('',(2.85158116087128E-16,-1.33492315662172E-16,-1.));
#3745=DIRECTION('center_axis',(-1.,0.,-2.85158116087128E-16));
#3746=DIRECTION('ref_axis',(-2.22044604925031E-15,-1.,0.));
#3747=DIRECTION('center_axis',(-1.,0.,-2.85158116087128E-16));
#3748=DIRECTION('ref_axis',(2.22044604925031E-15,1.,0.));
#3749=DIRECTION('',(2.85158116087128E-16,-1.33492315662172E-16,-1.));
#3750=DIRECTION('',(2.85158116087128E-16,-1.33492315662172E-16,-1.));
#3751=DIRECTION('center_axis',(-1.,0.,-2.85158116087128E-16));
#3752=DIRECTION('ref_axis',(-2.24820162486594E-15,-1.,0.));
#3753=DIRECTION('',(2.85158116087128E-16,-1.33492315662172E-16,-1.));
#3754=DIRECTION('center_axis',(-1.,0.,-2.85158116087128E-16));
#3755=DIRECTION('ref_axis',(0.,1.,0.));
#3756=DIRECTION('',(1.1369998676569E-16,0.917070056253236,-0.398726111414448));
#3757=DIRECTION('',(-2.85158116087128E-16,0.,1.));
#3758=DIRECTION('center_axis',(0.707106781186543,-0.707106781186552,2.01637237595587E-16));
#3759=DIRECTION('ref_axis',(2.85158116087128E-16,0.,-1.));
#3760=DIRECTION('',(-0.675886164291873,-0.675886164291864,-0.293863549692115));
#3761=DIRECTION('',(0.675886164291874,0.675886164291865,-0.293863549692113));
#3762=DIRECTION('center_axis',(1.,-2.24820162486594E-15,0.));
#3763=DIRECTION('ref_axis',(-2.24820162486594E-15,-1.,0.));
#3764=DIRECTION('',(1.,-2.24820162486594E-15,0.));
#3765=DIRECTION('center_axis',(1.,-2.22044604925031E-15,0.));
#3766=DIRECTION('ref_axis',(2.22044604925031E-15,1.,0.));
#3767=DIRECTION('',(-1.,0.,0.));
#3768=DIRECTION('center_axis',(1.,-2.22044604925031E-15,0.));
#3769=DIRECTION('ref_axis',(-2.22044604925031E-15,-1.,0.));
#3770=DIRECTION('',(1.,-2.22044604925031E-15,0.));
#3771=DIRECTION('center_axis',(1.,0.,0.));
#3772=DIRECTION('ref_axis',(0.,0.398726111414453,-0.917070056253234));
#3773=DIRECTION('',(-1.,0.,0.));
#3774=DIRECTION('',(-1.,0.,0.));
#3775=DIRECTION('center_axis',(0.,1.,-1.33492315662172E-16));
#3776=DIRECTION('ref_axis',(0.,1.33492315662172E-16,1.));
#3777=DIRECTION('center_axis',(1.,0.,0.));
#3778=DIRECTION('ref_axis',(0.,1.,0.));
#3779=DIRECTION('',(-1.,0.,0.));
#3780=DIRECTION('',(-1.,0.,0.));
#3781=DIRECTION('center_axis',(0.,1.,-1.33492315662172E-16));
#3782=DIRECTION('ref_axis',(0.,1.33492315662172E-16,1.));
#3783=DIRECTION('center_axis',(0.,1.,-1.33492315662172E-16));
#3784=DIRECTION('ref_axis',(0.,1.33492315662172E-16,1.));
#3785=DIRECTION('center_axis',(0.,1.,-1.33492315662172E-16));
#3786=DIRECTION('ref_axis',(0.,1.33492315662172E-16,1.));
#3787=DIRECTION('center_axis',(0.,0.398726111414448,0.917070056253236));
#3788=DIRECTION('ref_axis',(0.,-0.917070056253236,0.398726111414448));
#3789=DIRECTION('center_axis',(0.,0.39872611141445,-0.917070056253235));
#3790=DIRECTION('ref_axis',(0.,0.917070056253235,0.39872611141445));
#3791=DIRECTION('center_axis',(0.,0.39872611141445,-0.917070056253235));
#3792=DIRECTION('ref_axis',(0.,0.917070056253235,0.39872611141445));
#3793=DIRECTION('',(-0.675886164291868,0.675886164291869,0.293863549692117));
#3794=DIRECTION('',(0.,0.917070056253235,0.39872611141445));
#3795=DIRECTION('',(1.,0.,0.));
#3796=DIRECTION('center_axis',(1.,0.,0.));
#3797=DIRECTION('ref_axis',(0.,0.398726111414453,-0.917070056253234));
#3798=DIRECTION('center_axis',(1.,0.,0.));
#3799=DIRECTION('ref_axis',(0.,0.398726111414453,-0.917070056253234));
#3800=DIRECTION('',(-1.,0.,0.));
#3801=DIRECTION('center_axis',(0.,0.398726111414448,0.917070056253236));
#3802=DIRECTION('ref_axis',(0.,-0.917070056253236,0.398726111414448));
#3803=DIRECTION('',(0.,-0.917070056253236,0.398726111414448));
#3804=DIRECTION('',(0.675886164291868,-0.675886164291869,0.293863549692116));
#3805=DIRECTION('',(-1.,0.,0.));
#3806=DIRECTION('center_axis',(1.,0.,0.));
#3807=DIRECTION('ref_axis',(0.,1.,0.));
#3808=DIRECTION('center_axis',(1.,0.,0.));
#3809=DIRECTION('ref_axis',(0.,1.,0.));
#3810=DIRECTION('',(-1.,0.,0.));
#3811=DIRECTION('center_axis',(0.,1.,-1.33492315662172E-16));
#3812=DIRECTION('ref_axis',(0.,1.33492315662172E-16,1.));
#3813=DIRECTION('',(1.,-2.24820162486594E-15,0.));
#3814=DIRECTION('',(-1.,2.22044604925031E-15,0.));
#3815=DIRECTION('',(0.,1.33492315662172E-16,1.));
#3816=DIRECTION('center_axis',(0.,1.,-1.33492315662172E-16));
#3817=DIRECTION('ref_axis',(0.,1.33492315662172E-16,1.));
#3818=DIRECTION('',(-1.,2.22044604925031E-15,0.));
#3819=DIRECTION('',(0.,1.33492315662172E-16,1.));
#3820=DIRECTION('',(1.,-2.22044604925031E-15,0.));
#3821=DIRECTION('center_axis',(0.,1.,-1.33492315662172E-16));
#3822=DIRECTION('ref_axis',(0.,1.33492315662172E-16,1.));
#3823=DIRECTION('',(0.,1.33492315662172E-16,1.));
#3824=DIRECTION('',(-1.,2.24820162486594E-15,0.));
#3825=DIRECTION('center_axis',(0.,1.,-1.33492315662172E-16));
#3826=DIRECTION('ref_axis',(0.,1.33492315662172E-16,1.));
#3827=DIRECTION('',(0.,1.33492315662172E-16,1.));
#3828=DIRECTION('',(1.,-2.22044604925031E-15,0.));
#3829=DIRECTION('center_axis',(1.,-2.22044604925031E-15,0.));
#3830=DIRECTION('ref_axis',(-2.22044604925031E-15,-1.,0.));
#3831=DIRECTION('center_axis',(1.,0.,0.));
#3832=DIRECTION('ref_axis',(-2.22044604925031E-15,-1.,0.));
#3833=DIRECTION('',(1.,0.,0.));
#3834=DIRECTION('center_axis',(1.,-2.22044604925031E-15,0.));
#3835=DIRECTION('ref_axis',(2.22044604925031E-15,1.,0.));
#3836=DIRECTION('',(-1.,2.2526783306104E-15,0.));
#3837=DIRECTION('center_axis',(1.,0.,0.));
#3838=DIRECTION('ref_axis',(2.22044604925031E-15,1.,0.));
#3839=DIRECTION('center_axis',(1.,-2.24820162486594E-15,0.));
#3840=DIRECTION('ref_axis',(2.24820162486594E-15,1.,0.));
#3841=DIRECTION('',(1.,0.,0.));
#3842=DIRECTION('center_axis',(1.,0.,0.));
#3843=DIRECTION('ref_axis',(2.24820162486594E-15,1.,0.));
#3844=DIRECTION('center_axis',(1.,-2.24820162486594E-15,0.));
#3845=DIRECTION('ref_axis',(-2.24820162486594E-15,-1.,0.));
#3846=DIRECTION('center_axis',(1.,0.,0.));
#3847=DIRECTION('ref_axis',(-2.24820162486594E-15,-1.,0.));
#3848=DIRECTION('',(1.,0.,0.));
#3849=DIRECTION('center_axis',(1.,-2.22044604925031E-15,0.));
#3850=DIRECTION('ref_axis',(-2.22044604925031E-15,-1.,7.55896527404362E-15));
#3851=DIRECTION('center_axis',(1.,0.,0.));
#3852=DIRECTION('ref_axis',(-2.22044604925031E-15,-1.,7.55896527404362E-15));
#3853=DIRECTION('',(1.,0.,0.));
#3854=DIRECTION('center_axis',(-2.22044604925031E-15,-1.,7.4322409312395E-15));
#3855=DIRECTION('ref_axis',(0.,-7.4322409312395E-15,-1.));
#3856=DIRECTION('',(0.,-7.4322409312395E-15,-1.));
#3857=DIRECTION('',(-1.,2.2526783306104E-15,0.));
#3858=DIRECTION('center_axis',(1.,-2.22044604925031E-15,0.));
#3859=DIRECTION('ref_axis',(2.22044604925031E-15,1.,-7.55896527404361E-15));
#3860=DIRECTION('center_axis',(1.,0.,0.));
#3861=DIRECTION('ref_axis',(2.22044604925031E-15,1.,-7.55896527404361E-15));
#3862=DIRECTION('center_axis',(-2.22044604925031E-15,-1.,-6.01928145881109E-16));
#3863=DIRECTION('ref_axis',(0.,6.01928145881109E-16,-1.));
#3864=DIRECTION('',(0.,6.01928145881109E-16,-1.));
#3865=DIRECTION('center_axis',(-2.24820162486594E-15,-1.,-4.61311506076935E-16));
#3866=DIRECTION('ref_axis',(0.,4.61311506076935E-16,-1.));
#3867=DIRECTION('',(0.,4.61311506076935E-16,-1.));
#3868=DIRECTION('center_axis',(-1.,0.,0.));
#3869=DIRECTION('ref_axis',(0.,0.,1.));
#3870=DIRECTION('',(0.,0.,-1.));
#3871=DIRECTION('center_axis',(-0.707106781186548,-0.707106781186547,0.));
#3872=DIRECTION('ref_axis',(0.,0.,1.));
#3873=DIRECTION('center_axis',(-6.47572074384099E-17,-0.707106781186545,
-0.70710678118655));
#3874=DIRECTION('ref_axis',(-1.,0.,9.15805210208069E-17));
#3875=DIRECTION('',(-0.293863549692122,0.67588616429187,-0.675886164291865));
#3876=DIRECTION('',(-0.293863549692118,-0.67588616429187,0.675886164291866));
#3877=DIRECTION('',(1.,0.,-9.15805210208069E-17));
#3878=DIRECTION('center_axis',(-9.15805210208069E-17,0.,-1.));
#3879=DIRECTION('ref_axis',(-1.,0.,9.15805210208069E-17));
#3880=DIRECTION('',(-0.398726111414456,0.917070056253232,3.65155450279361E-17));
#3881=DIRECTION('',(-0.39872611141445,-0.917070056253235,3.65155450279356E-17));
#3882=DIRECTION('center_axis',(9.15805210208069E-17,0.,1.));
#3883=DIRECTION('ref_axis',(-2.2204460492503E-15,1.,0.));
#3884=DIRECTION('',(-1.,0.,9.15805210208069E-17));
#3885=DIRECTION('center_axis',(9.15805210208069E-17,0.,1.));
#3886=DIRECTION('ref_axis',(0.917070056253226,0.398726111414471,0.));
#3887=DIRECTION('center_axis',(-0.917070056253235,0.39872611141445,0.));
#3888=DIRECTION('ref_axis',(-0.39872611141445,-0.917070056253235,0.));
#3889=DIRECTION('',(0.,0.,-1.));
#3890=DIRECTION('center_axis',(0.,0.,1.));
#3891=DIRECTION('ref_axis',(-2.2204460492503E-15,1.,0.));
#3892=DIRECTION('',(0.,0.,-1.));
#3893=DIRECTION('center_axis',(0.,1.,0.));
#3894=DIRECTION('ref_axis',(-1.,0.,0.));
#3895=DIRECTION('',(0.,0.,-1.));
#3896=DIRECTION('center_axis',(0.,0.,1.));
#3897=DIRECTION('ref_axis',(0.917070056253226,0.398726111414471,0.));
#3898=DIRECTION('',(0.,0.,1.));
#3899=DIRECTION('center_axis',(0.917070056253233,0.398726111414456,0.));
#3900=DIRECTION('ref_axis',(-0.398726111414456,0.917070056253232,0.));
#3901=DIRECTION('center_axis',(0.917070056253233,0.398726111414456,0.));
#3902=DIRECTION('ref_axis',(-0.398726111414456,0.917070056253232,0.));
#3903=DIRECTION('',(0.398726111414456,-0.917070056253232,-2.43436966852908E-17));
#3904=DIRECTION('',(0.293863549692115,-0.675886164291852,-0.675886164291885));
#3905=DIRECTION('',(0.,0.,-1.));
#3906=DIRECTION('center_axis',(0.,0.,1.));
#3907=DIRECTION('ref_axis',(-2.2204460492503E-15,1.,0.));
#3908=DIRECTION('center_axis',(-6.10536806805379E-17,0.,-1.));
#3909=DIRECTION('ref_axis',(-2.2204460492503E-15,1.,0.));
#3910=DIRECTION('',(0.,0.,-1.));
#3911=DIRECTION('',(0.,0.,-1.));
#3912=DIRECTION('center_axis',(0.,1.,0.));
#3913=DIRECTION('ref_axis',(-1.,0.,0.));
#3914=DIRECTION('',(1.,0.,-6.10536806805379E-17));
#3915=DIRECTION('',(0.,0.,-1.));
#3916=DIRECTION('center_axis',(0.,0.,1.));
#3917=DIRECTION('ref_axis',(0.917070056253226,0.398726111414471,0.));
#3918=DIRECTION('center_axis',(-6.10536806805379E-17,0.,-1.));
#3919=DIRECTION('ref_axis',(0.917070056253226,0.398726111414471,0.));
#3920=DIRECTION('center_axis',(-0.917070056253235,0.39872611141445,0.));
#3921=DIRECTION('ref_axis',(-0.39872611141445,-0.917070056253235,0.));
#3922=DIRECTION('',(0.39872611141445,0.917070056253235,-2.43436966852904E-17));
#3923=DIRECTION('',(0.29386354969211,0.675886164291853,0.675886164291886));
#3924=DIRECTION('center_axis',(6.10536806805379E-17,0.,1.));
#3925=DIRECTION('ref_axis',(1.,0.,-6.10536806805379E-17));
#3926=DIRECTION('',(-1.,0.,6.10536806805379E-17));
#3927=DIRECTION('center_axis',(4.31714716256054E-17,-0.707106781186565,
0.70710678118653));
#3928=DIRECTION('ref_axis',(1.,0.,-6.10536806805379E-17));
#3929=CARTESIAN_POINT('',(0.,0.,0.));
#3930=CARTESIAN_POINT('Origin',(0.,0.,126.6875));
#3931=CARTESIAN_POINT('',(283.95,-3.6,126.6875));
#3932=CARTESIAN_POINT('',(283.95,-6.7,126.6875));
#3933=CARTESIAN_POINT('',(283.95,-1.5,126.6875));
#3934=CARTESIAN_POINT('',(7.,-6.7,126.6875));
#3935=CARTESIAN_POINT('',(72.7375,-6.7,126.6875));
#3936=CARTESIAN_POINT('',(6.99999999999999,-3.6,126.6875));
#3937=CARTESIAN_POINT('',(7.,-1.5,126.6875));
#3938=CARTESIAN_POINT('',(142.397176686783,-3.6,126.6875));
#3939=CARTESIAN_POINT('Origin',(0.,0.,126.6875));
#3940=CARTESIAN_POINT('',(3.49999999999998,-8.2,126.6875));
#3941=CARTESIAN_POINT('',(5.2385765701802,-4.20127388858555,126.6875));
#3942=CARTESIAN_POINT('',(4.72098569157392,-5.39173290937997,126.6875));
#3943=CARTESIAN_POINT('',(6.15564662643344,-3.6,126.6875));
#3944=CARTESIAN_POINT('Origin',(6.15564662643343,-4.6,126.6875));
#3945=CARTESIAN_POINT('',(3.07782331321671,-3.6,126.6875));
#3946=CARTESIAN_POINT('',(7.,-1.5,126.6875));
#3947=CARTESIAN_POINT('',(7.,-1.5,126.6875));
#3948=CARTESIAN_POINT('',(-1.64491070009376E-5,-1.5,126.6875));
#3949=CARTESIAN_POINT('',(290.95,-1.5,126.6875));
#3950=CARTESIAN_POINT('',(0.,-6.7,126.6875));
#3951=CARTESIAN_POINT('',(-1.64491070009376E-5,-1.5,126.6875));
#3952=CARTESIAN_POINT('',(0.,-8.2,126.6875));
#3953=CARTESIAN_POINT('',(0.,0.,126.6875));
#3954=CARTESIAN_POINT('',(72.7375,-8.2,126.6875));
#3955=CARTESIAN_POINT('Origin',(0.,0.,126.6875));
#3956=CARTESIAN_POINT('',(284.794353373567,-3.6,126.6875));
#3957=CARTESIAN_POINT('',(3.07782331321671,-3.6,126.6875));
#3958=CARTESIAN_POINT('',(285.71142342982,-4.20127388858556,126.6875));
#3959=CARTESIAN_POINT('Origin',(284.794353373567,-4.60000000000003,126.6875));
#3960=CARTESIAN_POINT('',(287.45,-8.2,126.6875));
#3961=CARTESIAN_POINT('',(262.231745101237,49.8019862671545,126.6875));
#3962=CARTESIAN_POINT('',(290.95,-8.2,126.6875));
#3963=CARTESIAN_POINT('',(72.7375,-8.2,126.6875));
#3964=CARTESIAN_POINT('',(290.95,-1.5,126.6875));
#3965=CARTESIAN_POINT('',(290.95,0.,126.6875));
#3966=CARTESIAN_POINT('',(283.95,-1.5,126.6875));
#3967=CARTESIAN_POINT('',(290.95,-1.5,126.6875));
#3968=CARTESIAN_POINT('',(283.95,-1.5,126.6875));
#3969=CARTESIAN_POINT('Origin',(290.95,0.,-2.10000000000003));
#3970=CARTESIAN_POINT('',(283.95,-3.6,-2.1));
#3971=CARTESIAN_POINT('',(283.95,-6.7,-2.1));
#3972=CARTESIAN_POINT('',(283.95,-1.5,-2.1));
#3973=CARTESIAN_POINT('',(149.975,-3.6,-2.10000000000002));
#3974=CARTESIAN_POINT('',(287.872176686783,-3.6,-2.10000000000003));
#3975=CARTESIAN_POINT('',(149.975,-6.7,-2.10000000000001));
#3976=CARTESIAN_POINT('',(149.975,-1.5,-2.10000000000001));
#3977=CARTESIAN_POINT('',(218.2125,-6.7,-2.10000000000002));
#3978=CARTESIAN_POINT('Origin',(290.95,0.,-2.10000000000003));
#3979=CARTESIAN_POINT('',(7.,-3.6,-2.10000000000003));
#3980=CARTESIAN_POINT('',(7.,-6.7,-2.10000000000003));
#3981=CARTESIAN_POINT('',(7.,-1.5,-2.10000000000003));
#3982=CARTESIAN_POINT('',(140.975,-6.7,-2.10000000000002));
#3983=CARTESIAN_POINT('',(218.2125,-6.7,-2.10000000000002));
#3984=CARTESIAN_POINT('',(140.975,-3.6,-2.10000000000002));
#3985=CARTESIAN_POINT('',(140.975,-1.5,-2.10000000000002));
#3986=CARTESIAN_POINT('',(287.872176686783,-3.6,-2.10000000000003));
#3987=CARTESIAN_POINT('Origin',(290.95,0.,-2.10000000000003));
#3988=CARTESIAN_POINT('',(287.45,-8.2,-2.10000000000004));
#3989=CARTESIAN_POINT('',(285.71142342982,-4.20127388858556,-2.10000000000002));
#3990=CARTESIAN_POINT('',(286.229014308426,-5.39173290938,-2.10000000000003));
#3991=CARTESIAN_POINT('',(284.794353373567,-3.6,-2.10000000000002));
#3992=CARTESIAN_POINT('Origin',(284.794353373567,-4.60000000000003,-2.10000000000003));
#3993=CARTESIAN_POINT('',(287.872176686783,-3.6,-2.10000000000003));
#3994=CARTESIAN_POINT('',(283.95,-1.5,-2.1));
#3995=CARTESIAN_POINT('',(283.95,-1.5,-2.1));
#3996=CARTESIAN_POINT('',(290.95,-1.5,-2.1));
#3997=CARTESIAN_POINT('',(-1.64429174117931E-5,-1.5,-2.10000000000003));
#3998=CARTESIAN_POINT('',(290.95,-8.2,-2.10000000000003));
#3999=CARTESIAN_POINT('',(290.95,0.,-2.10000000000003));
#4000=CARTESIAN_POINT('',(218.2125,-8.2,-2.10000000000002));
#4001=CARTESIAN_POINT('Origin',(290.95,0.,-2.10000000000003));
#4002=CARTESIAN_POINT('',(287.872176686783,-3.6,-2.10000000000003));
#4003=CARTESIAN_POINT('',(140.975,-1.5,-2.10000000000002));
#4004=CARTESIAN_POINT('',(140.975,-1.5,-2.10000000000002));
#4005=CARTESIAN_POINT('',(149.975,-1.5,-2.10000000000001));
#4006=CARTESIAN_POINT('',(-1.64429174117931E-5,-1.5,-2.10000000000003));
#4007=CARTESIAN_POINT('',(149.975,-1.5,-2.10000000000001));
#4008=CARTESIAN_POINT('Origin',(-2.1,0.,1.77635683940025E-14));
#4009=CARTESIAN_POINT('',(-2.10000000000001,-3.59999999999998,117.588));
#4010=CARTESIAN_POINT('',(-2.10000000000001,-6.7,117.588));
#4011=CARTESIAN_POINT('',(-2.1,-1.5,117.588));
#4012=CARTESIAN_POINT('',(-2.1,-6.7,6.99999999999999));
#4013=CARTESIAN_POINT('',(-2.10000000000001,-6.7,31.146875));
#4014=CARTESIAN_POINT('',(-2.10000000000001,-3.6,6.99999999999999));
#4015=CARTESIAN_POINT('',(-2.1,-1.5,6.99999999999999));
#4016=CARTESIAN_POINT('',(-2.09999999999999,-3.6,7.30002420737741));
#4017=CARTESIAN_POINT('',(-2.10000000000001,-3.6,3.07782331321669));
#4018=CARTESIAN_POINT('',(-2.09999999999999,-5.80999688377324,9.50000149414989));
#4019=CARTESIAN_POINT('Origin',(-2.09999999999999,-3.60999688377325,9.50000149414989));
#4020=CARTESIAN_POINT('',(-2.09999999999999,-5.80999688377325,26.1000014941499));
#4021=CARTESIAN_POINT('',(-2.10000000000001,-5.80999688377325,13.050000747075));
#4022=CARTESIAN_POINT('',(-2.09999999999999,-3.6,28.2999787809224));
#4023=CARTESIAN_POINT('Origin',(-2.09999999999999,-3.60999688377326,26.1000014941499));
#4024=CARTESIAN_POINT('',(-2.09999999999999,-3.59999999999999,51.500454416955));
#4025=CARTESIAN_POINT('',(-2.10000000000001,-3.6,3.07782331321669));
#4026=CARTESIAN_POINT('',(-2.09999999999999,-6.10999688377335,53.8450014941498));
#4027=CARTESIAN_POINT('Origin',(-2.09999999999999,-3.75999688377335,53.8450014941498));
#4028=CARTESIAN_POINT('',(-2.09999999999999,-6.10999688377318,75.5050014941498));
#4029=CARTESIAN_POINT('',(-2.10000000000001,-6.10999688377347,37.7525007470749));
#4030=CARTESIAN_POINT('',(-2.09999999999999,-3.59999999999999,77.8495485713447));
#4031=CARTESIAN_POINT('Origin',(-2.09999999999999,-3.75999688377319,75.5050014941498));
#4032=CARTESIAN_POINT('',(-2.09999999999999,-3.59999999999999,91.1129544169549));
#4033=CARTESIAN_POINT('',(-2.10000000000001,-3.6,3.07782331321669));
#4034=CARTESIAN_POINT('',(-2.09999999999999,-6.10999688377326,93.4575014941497));
#4035=CARTESIAN_POINT('Origin',(-2.09999999999999,-3.75999688377326,93.4575014941497));
#4036=CARTESIAN_POINT('',(-2.09999999999999,-6.10999688377327,115.11750149415));
#4037=CARTESIAN_POINT('',(-2.10000000000001,-6.10999688377324,57.5587507470749));
#4038=CARTESIAN_POINT('',(-2.09999999999999,-3.59999999999998,117.462048571345));
#4039=CARTESIAN_POINT('Origin',(-2.09999999999999,-3.75999688377327,115.11750149415));
#4040=CARTESIAN_POINT('',(-2.10000000000001,-3.6,3.07782331321669));
#4041=CARTESIAN_POINT('Origin',(-2.1,0.,1.77635683940025E-14));
#4042=CARTESIAN_POINT('',(-2.10000000000001,-8.2,3.49999999999989));
#4043=CARTESIAN_POINT('',(-2.09999999999999,-4.20127388858555,5.23857657018011));
#4044=CARTESIAN_POINT('',(-2.1,-5.39173290937995,4.72098569157384));
#4045=CARTESIAN_POINT('',(-2.09999999999999,-3.6,6.15564662643337));
#4046=CARTESIAN_POINT('Origin',(-2.1,-4.6,6.15564662643334));
#4047=CARTESIAN_POINT('',(-2.1,-3.6,3.07782331321669));
#4048=CARTESIAN_POINT('',(-2.1,-1.5,6.99999999999999));
#4049=CARTESIAN_POINT('',(-2.1,-1.5,6.99999999999999));
#4050=CARTESIAN_POINT('',(-2.1,-1.5,-1.64491070009376E-5));
#4051=CARTESIAN_POINT('',(-2.1,-1.5,124.587516442917));
#4052=CARTESIAN_POINT('',(-2.1,-6.7,1.77635683940025E-14));
#4053=CARTESIAN_POINT('',(-2.1,-1.5,-1.64491070009376E-5));
#4054=CARTESIAN_POINT('',(-2.1,-8.2,1.77635683940025E-14));
#4055=CARTESIAN_POINT('',(-2.1,0.,1.77635683940025E-14));
#4056=CARTESIAN_POINT('',(-2.10000000000001,-8.2,31.146875));
#4057=CARTESIAN_POINT('Origin',(-2.1,0.,1.77635683940025E-14));
#4058=CARTESIAN_POINT('',(-2.09999999999999,-3.59999999999998,118.431853373567));
#4059=CARTESIAN_POINT('',(-2.1,-3.59999999999999,58.7310242856723));
#4060=CARTESIAN_POINT('',(-2.09999999999999,-4.20127388858555,119.34892342982));
#4061=CARTESIAN_POINT('Origin',(-2.1,-4.59999999999998,118.431853373567));
#4062=CARTESIAN_POINT('',(-2.10000000000001,-8.2,121.0875));
#4063=CARTESIAN_POINT('',(-2.1,19.3859489062636,109.09360917119));
#4064=CARTESIAN_POINT('',(-2.1,-8.2,124.5875));
#4065=CARTESIAN_POINT('',(-2.10000000000001,-8.2,31.146875));
#4066=CARTESIAN_POINT('',(-2.1,-6.7,124.5875));
#4067=CARTESIAN_POINT('',(-2.1,0.,124.5875));
#4068=CARTESIAN_POINT('',(-2.1,-1.5,124.587516442917));
#4069=CARTESIAN_POINT('',(-2.1,-1.5,124.587516442917));
#4070=CARTESIAN_POINT('',(-2.1,-1.5,117.588));
#4071=CARTESIAN_POINT('',(-2.1,-1.5,124.587516442917));
#4072=CARTESIAN_POINT('',(-2.1,-1.5,117.588));
#4073=CARTESIAN_POINT('Origin',(293.05,0.,124.5875));
#4074=CARTESIAN_POINT('',(293.05,-3.6,6.99999999999999));
#4075=CARTESIAN_POINT('',(293.05,-6.7,6.99999999999999));
#4076=CARTESIAN_POINT('',(293.05,-1.5,6.99999999999999));
#4077=CARTESIAN_POINT('',(293.05,-6.7,117.588));
#4078=CARTESIAN_POINT('',(293.05,-6.7,93.440625));
#4079=CARTESIAN_POINT('',(293.05,-3.59999999999998,117.588));
#4080=CARTESIAN_POINT('',(293.05,-1.5,117.588));
#4081=CARTESIAN_POINT('',(293.05,-3.59999999999998,117.462048571345));
#4082=CARTESIAN_POINT('',(293.05,-3.59999999999999,65.3715733132167));
#4083=CARTESIAN_POINT('',(293.05,-6.10999688377393,115.11750149415));
#4084=CARTESIAN_POINT('Origin',(293.05,-3.75999688377393,115.11750149415));
#4085=CARTESIAN_POINT('',(293.05,-6.10999688377392,93.4575014941497));
#4086=CARTESIAN_POINT('',(293.05,-6.10999688377393,119.852500747075));
#4087=CARTESIAN_POINT('',(293.05,-3.59999999999999,91.1129544169549));
#4088=CARTESIAN_POINT('Origin',(293.05,-3.75999688377392,93.4575014941497));
#4089=CARTESIAN_POINT('',(293.05,-3.59999999999999,77.8495485713446));
#4090=CARTESIAN_POINT('',(293.05,-3.59999999999999,65.3715733132167));
#4091=CARTESIAN_POINT('',(293.05,-6.10999688377384,75.5050014941498));
#4092=CARTESIAN_POINT('Origin',(293.05,-3.75999688377384,75.5050014941498));
#4093=CARTESIAN_POINT('',(293.05,-6.109996883774,53.8450014941498));
#4094=CARTESIAN_POINT('',(293.05,-6.10999688377366,100.046250747075));
#4095=CARTESIAN_POINT('',(293.05,-3.59999999999999,51.500454416955));
#4096=CARTESIAN_POINT('Origin',(293.05,-3.75999688377401,53.8450014941498));
#4097=CARTESIAN_POINT('',(293.05,-3.6,28.2999787809224));
#4098=CARTESIAN_POINT('',(293.05,-3.59999999999999,65.3715733132167));
#4099=CARTESIAN_POINT('',(293.05,-5.80999688377391,26.1000014941499));
#4100=CARTESIAN_POINT('Origin',(293.05,-3.60999688377391,26.1000014941499));
#4101=CARTESIAN_POINT('',(293.05,-5.8099968837739,9.50000149414989));
#4102=CARTESIAN_POINT('',(293.05,-5.80999688377394,75.343750747075));
#4103=CARTESIAN_POINT('',(293.05,-3.6,7.30002420737741));
#4104=CARTESIAN_POINT('Origin',(293.05,-3.6099968837739,9.50000149414989));
#4105=CARTESIAN_POINT('',(293.05,-3.59999999999999,65.3715733132167));
#4106=CARTESIAN_POINT('Origin',(293.05,0.,124.5875));
#4107=CARTESIAN_POINT('',(293.05,-8.2,121.0875));
#4108=CARTESIAN_POINT('',(293.05,-4.20127388858555,119.34892342982));
#4109=CARTESIAN_POINT('',(293.05,-5.39173290937997,119.866514308426));
#4110=CARTESIAN_POINT('',(293.05,-3.59999999999998,118.431853373567));
#4111=CARTESIAN_POINT('Origin',(293.05,-4.59999999999998,118.431853373567));
#4112=CARTESIAN_POINT('',(293.05,-3.59999999999998,121.509676686783));
#4113=CARTESIAN_POINT('',(293.05,-1.5,117.588));
#4114=CARTESIAN_POINT('',(293.05,-1.5,117.588));
#4115=CARTESIAN_POINT('',(293.05,-1.5,124.5875));
#4116=CARTESIAN_POINT('',(293.05,-1.5,0.));
#4117=CARTESIAN_POINT('',(293.05,-8.2,124.5875));
#4118=CARTESIAN_POINT('',(293.05,0.,124.5875));
#4119=CARTESIAN_POINT('',(293.05,-8.2,93.440625));
#4120=CARTESIAN_POINT('Origin',(202.6375,-1.6,63.9125));
#4121=CARTESIAN_POINT('',(199.8375,-1.5,63.9125));
#4122=CARTESIAN_POINT('Origin',(202.6375,-1.5,63.9125));
#4123=CARTESIAN_POINT('',(199.6375,-1.7,63.9125));
#4124=CARTESIAN_POINT('',(199.7375,-1.6,63.9125));
#4125=CARTESIAN_POINT('Origin',(202.6375,-1.7,63.9125));
#4126=CARTESIAN_POINT('Origin',(202.6375,-1.5,63.9125));
#4127=CARTESIAN_POINT('',(200.8375,-1.5,63.9125));
#4128=CARTESIAN_POINT('Origin',(202.6375,-1.5,63.9125));
#4129=CARTESIAN_POINT('Origin',(202.6375,0.,63.9125));
#4130=CARTESIAN_POINT('',(199.6375,-3.5,63.9125));
#4131=CARTESIAN_POINT('',(199.6375,0.,63.9125));
#4132=CARTESIAN_POINT('Origin',(202.6375,-3.5,63.9125));
#4133=CARTESIAN_POINT('Origin',(202.6375,-3.6,63.9125));
#4134=CARTESIAN_POINT('',(198.1375,-3.7,63.9125));
#4135=CARTESIAN_POINT('Origin',(202.6375,-3.7,63.9125));
#4136=CARTESIAN_POINT('',(198.3375,-3.5,63.9125));
#4137=CARTESIAN_POINT('',(198.2375,-3.6,63.9125));
#4138=CARTESIAN_POINT('Origin',(202.6375,-3.5,63.9125));
#4139=CARTESIAN_POINT('Origin',(202.6375,-3.5,63.9125));
#4140=CARTESIAN_POINT('Origin',(202.6375,-1.5,63.9125));
#4141=CARTESIAN_POINT('',(198.1375,-6.7,63.9125));
#4142=CARTESIAN_POINT('Origin',(202.6375,-6.7,63.9125));
#4143=CARTESIAN_POINT('',(198.1375,-1.5,63.9125));
#4144=CARTESIAN_POINT('Origin',(88.3375,-1.6,63.9125));
#4145=CARTESIAN_POINT('',(85.5375,-1.5,63.9125));
#4146=CARTESIAN_POINT('Origin',(88.3375,-1.5,63.9125));
#4147=CARTESIAN_POINT('',(85.3375,-1.7,63.9125));
#4148=CARTESIAN_POINT('',(85.4375,-1.6,63.9125));
#4149=CARTESIAN_POINT('Origin',(88.3375,-1.7,63.9125));
#4150=CARTESIAN_POINT('Origin',(88.3375,-1.5,63.9125));
#4151=CARTESIAN_POINT('',(86.5375,-1.5,63.9125));
#4152=CARTESIAN_POINT('Origin',(88.3375,-1.5,63.9125));
#4153=CARTESIAN_POINT('Origin',(88.3375,0.,63.9125));
#4154=CARTESIAN_POINT('',(85.3375,-3.5,63.9125));
#4155=CARTESIAN_POINT('',(85.3375,0.,63.9125));
#4156=CARTESIAN_POINT('Origin',(88.3375,-3.5,63.9125));
#4157=CARTESIAN_POINT('Origin',(88.3375,-3.6,63.9125));
#4158=CARTESIAN_POINT('',(83.8375,-3.7,63.9125));
#4159=CARTESIAN_POINT('Origin',(88.3375,-3.7,63.9125));
#4160=CARTESIAN_POINT('',(84.0375,-3.5,63.9125));
#4161=CARTESIAN_POINT('',(83.9375,-3.6,63.9125));
#4162=CARTESIAN_POINT('Origin',(88.3375,-3.5,63.9125));
#4163=CARTESIAN_POINT('Origin',(88.3375,-3.5,63.9125));
#4164=CARTESIAN_POINT('Origin',(88.3375,-1.5,63.9125));
#4165=CARTESIAN_POINT('',(83.8375,-6.7,63.9125));
#4166=CARTESIAN_POINT('Origin',(88.3375,-6.7,63.9125));
#4167=CARTESIAN_POINT('',(83.8375,-1.5,63.9125));
#4168=CARTESIAN_POINT('Origin',(2.5,-1.6,122.0875));
#4169=CARTESIAN_POINT('',(0.7,-1.5,122.0875));
#4170=CARTESIAN_POINT('Origin',(2.5,-1.5,122.0875));
#4171=CARTESIAN_POINT('',(0.9,-1.7,122.0875));
#4172=CARTESIAN_POINT('',(0.8,-1.6,122.0875));
#4173=CARTESIAN_POINT('Origin',(2.5,-1.7,122.0875));
#4174=CARTESIAN_POINT('Origin',(2.5,-1.5,122.0875));
#4175=CARTESIAN_POINT('',(0.9,-6.3,122.0875));
#4176=CARTESIAN_POINT('Origin',(2.5,-6.3,122.0875));
#4177=CARTESIAN_POINT('',(0.9,-1.5,122.0875));
#4178=CARTESIAN_POINT('Origin',(2.44991419893615,-1.5,122.137835801025));
#4179=CARTESIAN_POINT('Origin',(-0.0266922278475699,-1.5,124.614192227769));
#4180=CARTESIAN_POINT('',(6.99999998611111,-1.5,122.087500000002));
#4181=CARTESIAN_POINT('',(7.,-1.5,122.0875));
#4182=CARTESIAN_POINT('',(2.5,-1.5,117.588));
#4183=CARTESIAN_POINT('Origin',(2.5,-1.5,122.088));
#4184=CARTESIAN_POINT('',(-3.7,-1.5,117.588));
#4185=CARTESIAN_POINT('Origin',(2.5,-1.6,2.49999999999999));
#4186=CARTESIAN_POINT('',(0.7,-1.5,2.49999999999999));
#4187=CARTESIAN_POINT('Origin',(2.5,-1.5,2.49999999999999));
#4188=CARTESIAN_POINT('',(0.9,-1.7,2.49999999999999));
#4189=CARTESIAN_POINT('',(0.8,-1.6,2.49999999999999));
#4190=CARTESIAN_POINT('Origin',(2.5,-1.7,2.49999999999999));
#4191=CARTESIAN_POINT('Origin',(2.5,-1.5,2.49999999999999));
#4192=CARTESIAN_POINT('',(0.9,-6.3,2.49999999999999));
#4193=CARTESIAN_POINT('Origin',(2.5,-6.3,2.49999999999999));
#4194=CARTESIAN_POINT('',(0.9,-1.5,2.49999999999999));
#4195=CARTESIAN_POINT('Origin',(2.44991419897546,-1.5,2.44991419893613));
#4196=CARTESIAN_POINT('',(2.5,-1.5,6.99999999999999));
#4197=CARTESIAN_POINT('',(-3.7,-1.5,6.99999999999999));
#4198=CARTESIAN_POINT('',(7.,-1.5,2.49999999999999));
#4199=CARTESIAN_POINT('Origin',(2.5,-1.5,2.49999999999999));
#4200=CARTESIAN_POINT('',(7.,-1.5,-2.10000000000003));
#4201=CARTESIAN_POINT('',(7.,-1.5,2.49999999999999));
#4202=CARTESIAN_POINT('',(-1.64429174117931E-5,-1.5,-2.10000000000003));
#4203=CARTESIAN_POINT('',(-1.64429174117931E-5,-1.5,-2.10000000000003));
#4204=CARTESIAN_POINT('Origin',(-0.0266922277689393,-1.5,-0.0266922278475907));
#4205=CARTESIAN_POINT('Origin',(145.475,-1.6,2.49999999999999));
#4206=CARTESIAN_POINT('',(143.675,-1.5,2.49999999999999));
#4207=CARTESIAN_POINT('Origin',(145.475,-1.5,2.49999999999999));
#4208=CARTESIAN_POINT('',(143.875,-1.7,2.49999999999999));
#4209=CARTESIAN_POINT('',(143.775,-1.6,2.49999999999999));
#4210=CARTESIAN_POINT('Origin',(145.475,-1.7,2.49999999999999));
#4211=CARTESIAN_POINT('Origin',(145.475,-1.5,2.49999999999999));
#4212=CARTESIAN_POINT('',(143.875,-6.3,2.49999999999999));
#4213=CARTESIAN_POINT('Origin',(145.475,-6.3,2.49999999999999));
#4214=CARTESIAN_POINT('',(143.875,-1.5,2.49999999999999));
#4215=CARTESIAN_POINT('Origin',(145.475,-1.5,2.44999999999998));
#4216=CARTESIAN_POINT('',(149.975,-1.5,2.49999999999999));
#4217=CARTESIAN_POINT('',(149.975,-1.5,2.49999999999999));
#4218=CARTESIAN_POINT('',(140.975,-1.5,2.49999999999999));
#4219=CARTESIAN_POINT('',(140.975,-1.5,2.49999999999999));
#4220=CARTESIAN_POINT('Origin',(145.475,-1.5,2.49999999999999));
#4221=CARTESIAN_POINT('Origin',(88.3375,-1.6,63.9125));
#4222=CARTESIAN_POINT('',(86.7375,-1.7,63.9125));
#4223=CARTESIAN_POINT('',(86.6375,-1.6,63.9125));
#4224=CARTESIAN_POINT('Origin',(88.3375,-1.7,63.9125));
#4225=CARTESIAN_POINT('Origin',(88.3375,-1.5,63.9125));
#4226=CARTESIAN_POINT('',(86.7375,-6.3,63.9125));
#4227=CARTESIAN_POINT('Origin',(88.3375,-6.3,63.9125));
#4228=CARTESIAN_POINT('',(86.7375,-1.5,63.9125));
#4229=CARTESIAN_POINT('Origin',(152.35625,-1.6,112.3));
#4230=CARTESIAN_POINT('',(150.55625,-1.5,112.3));
#4231=CARTESIAN_POINT('Origin',(152.35625,-1.5,112.3));
#4232=CARTESIAN_POINT('',(150.75625,-1.7,112.3));
#4233=CARTESIAN_POINT('',(150.65625,-1.6,112.3));
#4234=CARTESIAN_POINT('Origin',(152.35625,-1.7,112.3));
#4235=CARTESIAN_POINT('Origin',(152.35625,-1.5,112.3));
#4236=CARTESIAN_POINT('',(148.05625,-1.5,112.3));
#4237=CARTESIAN_POINT('Origin',(152.35625,-1.5,112.3));
#4238=CARTESIAN_POINT('Origin',(152.35625,-1.5,112.3));
#4239=CARTESIAN_POINT('',(150.75625,-6.3,112.3));
#4240=CARTESIAN_POINT('Origin',(152.35625,-6.3,112.3));
#4241=CARTESIAN_POINT('',(150.75625,-1.5,112.3));
#4242=CARTESIAN_POINT('Origin',(152.35625,-1.6,112.3));
#4243=CARTESIAN_POINT('',(147.85625,-1.7,112.3));
#4244=CARTESIAN_POINT('',(147.95625,-1.6,112.3));
#4245=CARTESIAN_POINT('Origin',(152.35625,-1.7,112.3));
#4246=CARTESIAN_POINT('Origin',(152.35625,-1.5,112.3));
#4247=CARTESIAN_POINT('',(147.85625,-6.7,112.3));
#4248=CARTESIAN_POINT('Origin',(152.35625,-6.7,112.3));
#4249=CARTESIAN_POINT('',(147.85625,-1.5,112.3));
#4250=CARTESIAN_POINT('Origin',(202.6375,-1.6,63.9125));
#4251=CARTESIAN_POINT('',(201.0375,-1.7,63.9125));
#4252=CARTESIAN_POINT('',(200.9375,-1.6,63.9125));
#4253=CARTESIAN_POINT('Origin',(202.6375,-1.7,63.9125));
#4254=CARTESIAN_POINT('Origin',(202.6375,-1.5,63.9125));
#4255=CARTESIAN_POINT('',(201.0375,-6.3,63.9125));
#4256=CARTESIAN_POINT('Origin',(202.6375,-6.3,63.9125));
#4257=CARTESIAN_POINT('',(201.0375,-1.5,63.9125));
#4258=CARTESIAN_POINT('Origin',(288.45,-1.6,2.49999999999999));
#4259=CARTESIAN_POINT('',(286.65,-1.5,2.49999999999999));
#4260=CARTESIAN_POINT('Origin',(288.45,-1.5,2.49999999999999));
#4261=CARTESIAN_POINT('',(286.85,-1.7,2.49999999999999));
#4262=CARTESIAN_POINT('',(286.75,-1.6,2.49999999999999));
#4263=CARTESIAN_POINT('Origin',(288.45,-1.7,2.49999999999999));
#4264=CARTESIAN_POINT('Origin',(288.45,-1.5,2.49999999999999));
#4265=CARTESIAN_POINT('',(286.85,-6.3,2.49999999999999));
#4266=CARTESIAN_POINT('Origin',(288.45,-6.3,2.49999999999999));
#4267=CARTESIAN_POINT('',(286.85,-1.5,2.49999999999999));
#4268=CARTESIAN_POINT('Origin',(288.5,-1.5,2.44999999999997));
#4269=CARTESIAN_POINT('',(293.05,-1.5,0.));
#4270=CARTESIAN_POINT('Origin',(290.95,-1.5,0.));
#4271=CARTESIAN_POINT('',(283.95,-1.5,2.49999999999999));
#4272=CARTESIAN_POINT('',(283.95,-1.5,2.49999999999999));
#4273=CARTESIAN_POINT('',(288.45,-1.5,6.99999999999999));
#4274=CARTESIAN_POINT('Origin',(288.45,-1.5,2.49999999999999));
#4275=CARTESIAN_POINT('',(293.05,-1.5,6.99999999999999));
#4276=CARTESIAN_POINT('',(294.65,-1.5,6.99999999999999));
#4277=CARTESIAN_POINT('',(293.05,-1.5,0.));
#4278=CARTESIAN_POINT('Origin',(288.45,-1.6,122.0875));
#4279=CARTESIAN_POINT('',(286.65,-1.5,122.0875));
#4280=CARTESIAN_POINT('Origin',(288.45,-1.5,122.0875));
#4281=CARTESIAN_POINT('',(286.85,-1.7,122.0875));
#4282=CARTESIAN_POINT('',(286.75,-1.6,122.0875));
#4283=CARTESIAN_POINT('Origin',(288.45,-1.7,122.0875));
#4284=CARTESIAN_POINT('Origin',(288.45,-1.5,122.0875));
#4285=CARTESIAN_POINT('',(286.85,-6.3,122.0875));
#4286=CARTESIAN_POINT('Origin',(288.45,-6.3,122.0875));
#4287=CARTESIAN_POINT('',(286.85,-1.5,122.0875));
#4288=CARTESIAN_POINT('Origin',(288.5,-1.5,122.13775));
#4289=CARTESIAN_POINT('',(288.45,-1.5,117.588));
#4290=CARTESIAN_POINT('',(294.65,-1.5,117.588));
#4291=CARTESIAN_POINT('',(283.95,-1.5,122.088));
#4292=CARTESIAN_POINT('Origin',(288.45,-1.5,122.088));
#4293=CARTESIAN_POINT('',(283.95,-1.5,122.0875));
#4294=CARTESIAN_POINT('Origin',(290.95,-1.5,124.5875));
#4295=CARTESIAN_POINT('',(288.517080175907,-1.5,126.5875));
#4296=CARTESIAN_POINT('',(288.382919824093,-1.5,126.5875));
#4297=CARTESIAN_POINT('Origin',(288.45,-1.5,122.088));
#4298=CARTESIAN_POINT('',(290.95,-1.5,126.5875));
#4299=CARTESIAN_POINT('Origin',(2.5,-6.4,2.49999999999999));
#4300=CARTESIAN_POINT('',(0.7,-6.5,2.49999999999999));
#4301=CARTESIAN_POINT('',(0.8,-6.4,2.49999999999999));
#4302=CARTESIAN_POINT('Origin',(2.5,-6.5,2.49999999999999));
#4303=CARTESIAN_POINT('Origin',(2.5,-6.5,2.49999999999999));
#4304=CARTESIAN_POINT('',(-0.5,-6.5,2.49999999999999));
#4305=CARTESIAN_POINT('Origin',(2.5,-6.5,2.49999999999999));
#4306=CARTESIAN_POINT('Origin',(2.5,-8.1,2.49999999999999));
#4307=CARTESIAN_POINT('',(-0.700000000000001,-8.2,2.49999999999999));
#4308=CARTESIAN_POINT('Origin',(2.5,-8.2,2.49999999999999));
#4309=CARTESIAN_POINT('',(-0.5,-8.,2.49999999999999));
#4310=CARTESIAN_POINT('',(-0.600000000000001,-8.1,2.49999999999999));
#4311=CARTESIAN_POINT('Origin',(2.5,-8.,2.49999999999999));
#4312=CARTESIAN_POINT('Origin',(145.475,-8.2,62.29375));
#4313=CARTESIAN_POINT('',(0.,-8.2,-2.1));
#4314=CARTESIAN_POINT('',(3.49999999999998,-8.2,-2.10000000000001));
#4315=CARTESIAN_POINT('',(218.2125,-8.2,-2.10000000000002));
#4316=CARTESIAN_POINT('',(3.49999999999998,-8.2,-3.20000000000001));
#4317=CARTESIAN_POINT('',(3.49999999999997,-8.2,95.290625));
#4318=CARTESIAN_POINT('',(287.45,-8.2,-3.20000000000003));
#4319=CARTESIAN_POINT('',(218.2125,-8.2,-3.20000000000003));
#4320=CARTESIAN_POINT('',(287.45,-8.19999999999999,95.290625));
#4321=CARTESIAN_POINT('',(293.05,-8.2,0.));
#4322=CARTESIAN_POINT('Origin',(290.95,-8.2,0.));
#4323=CARTESIAN_POINT('',(293.05,-8.2,3.49999999999991));
#4324=CARTESIAN_POINT('',(293.05,-8.2,93.440625));
#4325=CARTESIAN_POINT('',(294.15,-8.2,3.49999999999991));
#4326=CARTESIAN_POINT('',(293.15,-8.2,3.49999999999991));
#4327=CARTESIAN_POINT('',(294.15,-8.2,121.0875));
#4328=CARTESIAN_POINT('',(294.15,-8.2,93.440625));
#4329=CARTESIAN_POINT('',(220.0625,-8.2,121.0875));
#4330=CARTESIAN_POINT('Origin',(290.95,-8.2,124.5875));
#4331=CARTESIAN_POINT('',(287.45,-8.2,127.7875));
#4332=CARTESIAN_POINT('',(287.45,-8.2,126.7875));
#4333=CARTESIAN_POINT('',(3.5,-8.2,127.7875));
#4334=CARTESIAN_POINT('',(72.7375,-8.2,127.7875));
#4335=CARTESIAN_POINT('',(3.49999999999997,-8.2,95.290625));
#4336=CARTESIAN_POINT('Origin',(-0.0266922278475699,-8.2,124.614192227769));
#4337=CARTESIAN_POINT('',(-3.2,-8.2,121.0875));
#4338=CARTESIAN_POINT('',(220.0625,-8.2,121.0875));
#4339=CARTESIAN_POINT('',(-3.2,-8.2,3.49999999999991));
#4340=CARTESIAN_POINT('',(-3.2,-8.2,31.146875));
#4341=CARTESIAN_POINT('',(220.0625,-8.2,3.4999999999999));
#4342=CARTESIAN_POINT('Origin',(-0.0266922277689393,-8.2,-0.0266922278475907));
#4343=CARTESIAN_POINT('',(142.275,-8.2,2.49999999999999));
#4344=CARTESIAN_POINT('Origin',(145.475,-8.2,2.49999999999999));
#4345=CARTESIAN_POINT('',(199.4375,-8.2,63.9125));
#4346=CARTESIAN_POINT('Origin',(202.6375,-8.2,63.9125));
#4347=CARTESIAN_POINT('',(85.1375,-8.2,63.9125));
#4348=CARTESIAN_POINT('Origin',(88.3375,-8.2,63.9125));
#4349=CARTESIAN_POINT('',(285.45,-8.2,122.088));
#4350=CARTESIAN_POINT('',(285.450000020833,-8.2,122.087500000005));
#4351=CARTESIAN_POINT('Origin',(288.45,-8.2,122.088));
#4352=CARTESIAN_POINT('',(285.45,-8.2,92.1906250000026));
#4353=CARTESIAN_POINT('',(-0.700000000000001,-8.2,122.088));
#4354=CARTESIAN_POINT('Origin',(2.5,-8.2,122.088));
#4355=CARTESIAN_POINT('',(149.15625,-8.2,112.3));
#4356=CARTESIAN_POINT('Origin',(152.35625,-8.2,112.3));
#4357=CARTESIAN_POINT('',(285.25,-8.2,2.49999999999999));
#4358=CARTESIAN_POINT('Origin',(288.45,-8.2,2.49999999999999));
#4359=CARTESIAN_POINT('Origin',(2.5,-8.2,2.49999999999999));
#4360=CARTESIAN_POINT('',(-0.5,-8.2,2.49999999999999));
#4361=CARTESIAN_POINT('Origin',(145.475,-6.4,2.49999999999999));
#4362=CARTESIAN_POINT('',(143.675,-6.5,2.49999999999999));
#4363=CARTESIAN_POINT('',(143.775,-6.4,2.49999999999999));
#4364=CARTESIAN_POINT('Origin',(145.475,-6.5,2.49999999999999));
#4365=CARTESIAN_POINT('Origin',(145.475,-6.5,2.49999999999999));
#4366=CARTESIAN_POINT('',(142.475,-6.5,2.49999999999999));
#4367=CARTESIAN_POINT('Origin',(145.475,-6.5,2.49999999999999));
#4368=CARTESIAN_POINT('Origin',(145.475,-8.1,2.49999999999999));
#4369=CARTESIAN_POINT('',(142.475,-8.,2.49999999999999));
#4370=CARTESIAN_POINT('',(142.375,-8.1,2.49999999999999));
#4371=CARTESIAN_POINT('Origin',(145.475,-8.,2.49999999999999));
#4372=CARTESIAN_POINT('Origin',(145.475,-8.2,2.49999999999999));
#4373=CARTESIAN_POINT('',(142.475,-8.2,2.49999999999999));
#4374=CARTESIAN_POINT('Origin',(288.45,-6.4,2.49999999999999));
#4375=CARTESIAN_POINT('',(286.65,-6.5,2.49999999999999));
#4376=CARTESIAN_POINT('',(286.75,-6.4,2.49999999999999));
#4377=CARTESIAN_POINT('Origin',(288.45,-6.5,2.49999999999999));
#4378=CARTESIAN_POINT('Origin',(288.45,-6.5,2.49999999999999));
#4379=CARTESIAN_POINT('',(285.45,-6.5,2.49999999999999));
#4380=CARTESIAN_POINT('Origin',(288.45,-6.5,2.49999999999999));
#4381=CARTESIAN_POINT('Origin',(288.45,-8.1,2.49999999999999));
#4382=CARTESIAN_POINT('',(285.45,-8.,2.49999999999999));
#4383=CARTESIAN_POINT('',(285.35,-8.1,2.49999999999999));
#4384=CARTESIAN_POINT('Origin',(288.45,-8.,2.49999999999999));
#4385=CARTESIAN_POINT('Origin',(288.45,-8.2,2.49999999999999));
#4386=CARTESIAN_POINT('',(285.45,-8.2,2.49999999999999));
#4387=CARTESIAN_POINT('Origin',(288.45,-6.4,122.0875));
#4388=CARTESIAN_POINT('',(286.65,-6.5,122.0875));
#4389=CARTESIAN_POINT('',(286.75,-6.4,122.0875));
#4390=CARTESIAN_POINT('Origin',(288.45,-6.5,122.0875));
#4391=CARTESIAN_POINT('Origin',(288.45,-6.5,122.088));
#4392=CARTESIAN_POINT('',(285.450000020833,-6.5,122.087500000005));
#4393=CARTESIAN_POINT('',(285.45,-6.5,122.088));
#4394=CARTESIAN_POINT('',(285.45,-6.5,122.0875));
#4395=CARTESIAN_POINT('Origin',(288.45,-6.5,122.088));
#4396=CARTESIAN_POINT('Origin',(202.6375,-6.4,63.9125));
#4397=CARTESIAN_POINT('',(200.8375,-6.5,63.9125));
#4398=CARTESIAN_POINT('',(200.9375,-6.4,63.9125));
#4399=CARTESIAN_POINT('Origin',(202.6375,-6.5,63.9125));
#4400=CARTESIAN_POINT('Origin',(202.6375,-6.5,63.9125));
#4401=CARTESIAN_POINT('',(199.6375,-6.5,63.9125));
#4402=CARTESIAN_POINT('Origin',(202.6375,-6.5,63.9125));
#4403=CARTESIAN_POINT('Origin',(202.6375,-8.1,63.9125));
#4404=CARTESIAN_POINT('',(199.6375,-8.,63.9125));
#4405=CARTESIAN_POINT('',(199.5375,-8.1,63.9125));
#4406=CARTESIAN_POINT('Origin',(202.6375,-8.,63.9125));
#4407=CARTESIAN_POINT('Origin',(202.6375,-8.2,63.9125));
#4408=CARTESIAN_POINT('',(199.6375,-8.2,63.9125));
#4409=CARTESIAN_POINT('Origin',(152.35625,-6.4,112.3));
#4410=CARTESIAN_POINT('',(150.55625,-6.5,112.3));
#4411=CARTESIAN_POINT('',(150.65625,-6.4,112.3));
#4412=CARTESIAN_POINT('Origin',(152.35625,-6.5,112.3));
#4413=CARTESIAN_POINT('Origin',(152.35625,-6.5,112.3));
#4414=CARTESIAN_POINT('',(149.35625,-6.5,112.3));
#4415=CARTESIAN_POINT('Origin',(152.35625,-6.5,112.3));
#4416=CARTESIAN_POINT('Origin',(152.35625,-8.1,112.3));
#4417=CARTESIAN_POINT('',(149.35625,-8.,112.3));
#4418=CARTESIAN_POINT('',(149.25625,-8.1,112.3));
#4419=CARTESIAN_POINT('Origin',(152.35625,-8.,112.3));
#4420=CARTESIAN_POINT('Origin',(152.35625,-8.2,112.3));
#4421=CARTESIAN_POINT('',(149.35625,-8.2,112.3));
#4422=CARTESIAN_POINT('Origin',(88.3375,-6.4,63.9125));
#4423=CARTESIAN_POINT('',(86.5375,-6.5,63.9125));
#4424=CARTESIAN_POINT('',(86.6375,-6.4,63.9125));
#4425=CARTESIAN_POINT('Origin',(88.3375,-6.5,63.9125));
#4426=CARTESIAN_POINT('Origin',(88.3375,-6.5,63.9125));
#4427=CARTESIAN_POINT('',(85.3375,-6.5,63.9125));
#4428=CARTESIAN_POINT('Origin',(88.3375,-6.5,63.9125));
#4429=CARTESIAN_POINT('Origin',(88.3375,-8.1,63.9125));
#4430=CARTESIAN_POINT('',(85.3375,-8.,63.9125));
#4431=CARTESIAN_POINT('',(85.2375,-8.1,63.9125));
#4432=CARTESIAN_POINT('Origin',(88.3375,-8.,63.9125));
#4433=CARTESIAN_POINT('Origin',(88.3375,-8.2,63.9125));
#4434=CARTESIAN_POINT('',(85.3375,-8.2,63.9125));
#4435=CARTESIAN_POINT('Origin',(2.5,-6.4,122.0875));
#4436=CARTESIAN_POINT('',(0.7,-6.5,122.0875));
#4437=CARTESIAN_POINT('',(0.8,-6.4,122.0875));
#4438=CARTESIAN_POINT('Origin',(2.5,-6.5,122.0875));
#4439=CARTESIAN_POINT('Origin',(2.5,-6.5,122.088));
#4440=CARTESIAN_POINT('',(-0.5,-6.5,122.088));
#4441=CARTESIAN_POINT('Origin',(2.5,-6.5,122.088));
#4442=CARTESIAN_POINT('Origin',(2.5,-8.1,122.088));
#4443=CARTESIAN_POINT('',(-0.5,-8.,122.088));
#4444=CARTESIAN_POINT('',(-0.600000000000001,-8.1,122.088));
#4445=CARTESIAN_POINT('Origin',(2.5,-8.,122.088));
#4446=CARTESIAN_POINT('Origin',(2.5,-8.2,122.088));
#4447=CARTESIAN_POINT('',(-0.5,-8.2,122.088));
#4448=CARTESIAN_POINT('Origin',(288.45,-8.2,122.088));
#4449=CARTESIAN_POINT('',(285.45,-8.2,122.088));
#4450=CARTESIAN_POINT('',(285.450000020833,-8.2,122.087500000005));
#4451=CARTESIAN_POINT('Origin',(285.45,-8.2,122.087500000005));
#4452=CARTESIAN_POINT('Origin',(145.475,-1.5,2.49999999999999));
#4453=CARTESIAN_POINT('',(149.975,-6.7,2.49999999999999));
#4454=CARTESIAN_POINT('',(140.975,-6.7,2.49999999999999));
#4455=CARTESIAN_POINT('Origin',(145.475,-6.7,2.49999999999999));
#4456=CARTESIAN_POINT('',(149.975,-1.5,2.49999999999999));
#4457=CARTESIAN_POINT('',(140.975,-1.5,2.49999999999999));
#4458=CARTESIAN_POINT('Origin',(149.975,-1.5,-2.10000000000001));
#4459=CARTESIAN_POINT('',(149.975,-6.7,30.096875));
#4460=CARTESIAN_POINT('Origin',(140.975,-1.5,2.49999999999999));
#4461=CARTESIAN_POINT('',(140.975,-6.7,32.396875));
#4462=CARTESIAN_POINT('Origin',(290.95,0.,-2.10000000000003));
#4463=CARTESIAN_POINT('',(5.2385765701802,-4.20127388858555,-2.10000000000001));
#4464=CARTESIAN_POINT('',(28.7182548987626,49.801986267154,-2.1));
#4465=CARTESIAN_POINT('',(0.,-6.7,-2.1));
#4466=CARTESIAN_POINT('',(0.,0.,-2.1));
#4467=CARTESIAN_POINT('',(-1.64429174117931E-5,-1.5,-2.10000000000003));
#4468=CARTESIAN_POINT('',(7.,-1.5,-2.10000000000003));
#4469=CARTESIAN_POINT('',(6.15564662643344,-3.6,-2.10000000000001));
#4470=CARTESIAN_POINT('',(287.872176686783,-3.6,-2.10000000000003));
#4471=CARTESIAN_POINT('Origin',(6.15564662643343,-4.6,-2.10000000000003));
#4472=CARTESIAN_POINT('Origin',(7.,-1.5,122.087500000002));
#4473=CARTESIAN_POINT('',(6.99999998611111,-6.7,122.087500000002));
#4474=CARTESIAN_POINT('',(6.99999999999999,-6.7,92.1906250000012));
#4475=CARTESIAN_POINT('',(6.99999998611111,-1.5,122.087500000002));
#4476=CARTESIAN_POINT('Origin',(2.5,-1.5,122.088));
#4477=CARTESIAN_POINT('',(2.5,-6.7,117.588));
#4478=CARTESIAN_POINT('Origin',(2.5,-6.7,122.088));
#4479=CARTESIAN_POINT('',(2.5,-1.5,117.588));
#4480=CARTESIAN_POINT('Origin',(-2.1,-1.5,117.588));
#4481=CARTESIAN_POINT('',(71.6875,-6.7,117.588));
#4482=CARTESIAN_POINT('Origin',(-0.0266922278475699,-1.5,124.614192227769));
#4483=CARTESIAN_POINT('Origin',(2.5,-1.5,2.49999999999999));
#4484=CARTESIAN_POINT('',(7.,-6.7,2.49999999999999));
#4485=CARTESIAN_POINT('',(2.5,-6.7,6.99999999999999));
#4486=CARTESIAN_POINT('Origin',(2.5,-6.7,2.49999999999999));
#4487=CARTESIAN_POINT('',(7.,-1.5,2.49999999999999));
#4488=CARTESIAN_POINT('',(2.5,-1.5,6.99999999999999));
#4489=CARTESIAN_POINT('Origin',(7.,-1.5,-2.10000000000003));
#4490=CARTESIAN_POINT('',(6.99999999999999,-6.7,30.096875));
#4491=CARTESIAN_POINT('Origin',(-0.0266922277689393,-1.5,-0.0266922278475907));
#4492=CARTESIAN_POINT('Origin',(2.5,-1.5,6.99999999999999));
#4493=CARTESIAN_POINT('',(73.9875,-6.7,6.99999999999999));
#4494=CARTESIAN_POINT('Origin',(145.475,-6.7,62.29375));
#4495=CARTESIAN_POINT('',(283.95,-6.7,122.088));
#4496=CARTESIAN_POINT('',(283.95,-6.7,94.490625));
#4497=CARTESIAN_POINT('',(288.45,-6.7,117.588));
#4498=CARTESIAN_POINT('Origin',(288.45,-6.7,122.088));
#4499=CARTESIAN_POINT('',(216.9625,-6.7,117.588));
#4500=CARTESIAN_POINT('',(288.45,-6.7,6.99999999999999));
#4501=CARTESIAN_POINT('',(219.2625,-6.7,6.99999999999999));
#4502=CARTESIAN_POINT('',(283.95,-6.7,2.49999999999999));
#4503=CARTESIAN_POINT('Origin',(288.45,-6.7,2.49999999999999));
#4504=CARTESIAN_POINT('',(283.95,-6.7,32.396875));
#4505=CARTESIAN_POINT('Origin',(288.517080175907,-1.5,126.5875));
#4506=CARTESIAN_POINT('',(288.517080175907,-6.7,126.5875));
#4507=CARTESIAN_POINT('',(288.382919824093,-6.7,126.5875));
#4508=CARTESIAN_POINT('',(216.996040087954,-6.7,126.5875));
#4509=CARTESIAN_POINT('',(288.517080175907,-1.5,126.5875));
#4510=CARTESIAN_POINT('',(288.382919824093,-1.5,126.5875));
#4511=CARTESIAN_POINT('Origin',(283.95,-1.5,126.6875));
#4512=CARTESIAN_POINT('',(283.95,-1.5,122.088));
#4513=CARTESIAN_POINT('Origin',(288.45,-1.5,122.088));
#4514=CARTESIAN_POINT('Origin',(288.45,-6.7,122.088));
#4515=CARTESIAN_POINT('Origin',(288.45,-1.5,122.088));
#4516=CARTESIAN_POINT('',(288.45,-1.5,117.588));
#4517=CARTESIAN_POINT('Origin',(288.45,-1.5,117.588));
#4518=CARTESIAN_POINT('Origin',(145.475,-6.7,62.29375));
#4519=CARTESIAN_POINT('Origin',(283.95,-1.5,2.49999999999999));
#4520=CARTESIAN_POINT('',(283.95,-1.5,2.49999999999999));
#4521=CARTESIAN_POINT('Origin',(288.45,-1.5,2.49999999999999));
#4522=CARTESIAN_POINT('',(288.45,-1.5,6.99999999999999));
#4523=CARTESIAN_POINT('Origin',(293.05,-1.5,6.99999999999999));
#4524=CARTESIAN_POINT('',(293.05,-1.5,6.99999999999999));
#4525=CARTESIAN_POINT('Origin',(293.05,0.,124.5875));
#4526=CARTESIAN_POINT('',(293.05,-4.20127388858555,5.23857657018011));
#4527=CARTESIAN_POINT('',(293.05,19.3859489062637,15.4938908288102));
#4528=CARTESIAN_POINT('',(293.05,0.,0.));
#4529=CARTESIAN_POINT('',(293.05,-3.6,6.15564662643337));
#4530=CARTESIAN_POINT('',(293.05,-3.59999999999999,65.9437621036887));
#4531=CARTESIAN_POINT('Origin',(293.05,-4.6,6.15564662643334));
#4532=CARTESIAN_POINT('Origin',(290.95,0.,124.5875));
#4533=CARTESIAN_POINT('Origin',(290.95,0.,0.));
#4534=CARTESIAN_POINT('Origin',(294.65,-6.10999688377393,115.11750149415));
#4535=CARTESIAN_POINT('',(294.65,-6.10999688377393,115.11750149415));
#4536=CARTESIAN_POINT('',(294.65,-6.10999688377393,115.11750149415));
#4537=CARTESIAN_POINT('',(294.65,-6.10999688377392,93.4575014941497));
#4538=CARTESIAN_POINT('',(294.65,-6.10999688377394,119.852500747075));
#4539=CARTESIAN_POINT('',(294.65,-6.10999688377392,93.4575014941497));
#4540=CARTESIAN_POINT('Origin',(294.65,-5.80999688377391,26.1000014941499));
#4541=CARTESIAN_POINT('',(294.65,-5.80999688377391,26.1000014941499));
#4542=CARTESIAN_POINT('',(293.15,-5.80999688377391,26.1000014941499));
#4543=CARTESIAN_POINT('',(294.65,-5.8099968837739,9.50000149414989));
#4544=CARTESIAN_POINT('',(294.65,-5.80999688377394,75.343750747075));
#4545=CARTESIAN_POINT('',(294.65,-5.8099968837739,9.50000149414989));
#4546=CARTESIAN_POINT('Origin',(294.65,-3.75999688377385,75.5050014941498));
#4547=CARTESIAN_POINT('',(294.65,-3.59999999999999,77.8495485713446));
#4548=CARTESIAN_POINT('',(294.65,-3.59999999999999,77.8495485713446));
#4549=CARTESIAN_POINT('',(294.65,-6.10999688377385,75.5050014941498));
#4550=CARTESIAN_POINT('Origin',(294.65,-3.75999688377385,75.5050014941498));
#4551=CARTESIAN_POINT('',(293.15,-6.10999688377384,75.5050014941498));
#4552=CARTESIAN_POINT('Origin',(294.65,-6.10999688377385,75.5050014941498));
#4553=CARTESIAN_POINT('',(294.65,-6.10999688377401,53.8450014941498));
#4554=CARTESIAN_POINT('',(294.65,-6.10999688377366,100.046250747075));
#4555=CARTESIAN_POINT('',(294.65,-6.10999688377401,53.8450014941498));
#4556=CARTESIAN_POINT('Origin',(294.65,-3.75999688377401,53.8450014941498));
#4557=CARTESIAN_POINT('',(294.65,-3.59999999999999,51.500454416955));
#4558=CARTESIAN_POINT('',(294.65,-3.59999999999999,51.500454416955));
#4559=CARTESIAN_POINT('Origin',(294.65,-3.75999688377401,53.8450014941498));
#4560=CARTESIAN_POINT('Origin',(294.65,-3.75999688377394,115.11750149415));
#4561=CARTESIAN_POINT('',(294.65,-3.59999999999998,117.462048571345));
#4562=CARTESIAN_POINT('',(293.15,-3.59999999999998,117.462048571345));
#4563=CARTESIAN_POINT('Origin',(294.65,-3.75999688377394,115.11750149415));
#4564=CARTESIAN_POINT('Origin',(294.65,0.,124.5875));
#4565=CARTESIAN_POINT('',(294.65,-4.20127388858555,5.23857657018011));
#4566=CARTESIAN_POINT('',(294.65,-7.7,3.71739130434774));
#4567=CARTESIAN_POINT('',(294.65,17.3865858505565,14.6246025437201));
#4568=CARTESIAN_POINT('',(294.65,-3.6,6.15564662643337));
#4569=CARTESIAN_POINT('Origin',(294.65,-4.6,6.15564662643334));
#4570=CARTESIAN_POINT('',(294.65,-3.6,7.30002420737741));
#4571=CARTESIAN_POINT('',(294.65,-3.59999999999999,65.3715733132167));
#4572=CARTESIAN_POINT('Origin',(294.65,-3.6099968837739,9.50000149414989));
#4573=CARTESIAN_POINT('',(294.65,-3.6,28.2999787809224));
#4574=CARTESIAN_POINT('Origin',(294.65,-3.60999688377391,26.1000014941499));
#4575=CARTESIAN_POINT('',(294.65,-3.59999999999999,65.3715733132167));
#4576=CARTESIAN_POINT('',(294.65,-3.59999999999999,91.1129544169549));
#4577=CARTESIAN_POINT('',(294.65,-3.59999999999999,65.3715733132167));
#4578=CARTESIAN_POINT('Origin',(294.65,-3.75999688377393,93.4575014941497));
#4579=CARTESIAN_POINT('',(294.65,-3.59999999999998,118.431853373567));
#4580=CARTESIAN_POINT('',(294.65,-3.59999999999999,65.3715733132167));
#4581=CARTESIAN_POINT('',(294.65,-4.20127388858555,119.34892342982));
#4582=CARTESIAN_POINT('Origin',(294.65,-4.59999999999998,118.431853373567));
#4583=CARTESIAN_POINT('',(294.65,-7.7,120.870108695652));
#4584=CARTESIAN_POINT('',(294.65,-3.39236985367275,118.997226023336));
#4585=CARTESIAN_POINT('',(294.65,-7.7,93.440625));
#4586=CARTESIAN_POINT('Origin',(294.4,-7.95,93.440625));
#4587=CARTESIAN_POINT('',(303.310338406736,0.960338406735656,7.48275582901541));
#4588=CARTESIAN_POINT('',(298.210008624387,-4.13999137561331,119.322278858962));
#4589=CARTESIAN_POINT('Origin',(294.65,-3.75999688377393,93.4575014941497));
#4590=CARTESIAN_POINT('',(294.65,-3.59999999999999,91.1129544169549));
#4591=CARTESIAN_POINT('Origin',(294.65,-3.60999688377391,26.1000014941499));
#4592=CARTESIAN_POINT('',(293.15,-3.6,28.2999787809224));
#4593=CARTESIAN_POINT('Origin',(294.65,-3.6099968837739,9.50000149414989));
#4594=CARTESIAN_POINT('',(294.65,-3.6,7.30002420737741));
#4595=CARTESIAN_POINT('Origin',(294.65,-4.6,6.15564662643334));
#4596=CARTESIAN_POINT('',(294.65,-4.20127388858555,5.23857657018011));
#4597=CARTESIAN_POINT('',(294.65,-3.6,6.15564662643337));
#4598=CARTESIAN_POINT('Origin',(294.65,-3.6,6.15564662643337));
#4599=CARTESIAN_POINT('Origin',(294.65,-4.59999999999998,118.431853373567));
#4600=CARTESIAN_POINT('',(294.65,-4.20127388858555,119.34892342982));
#4601=CARTESIAN_POINT('',(294.65,-3.59999999999998,118.431853373567));
#4602=CARTESIAN_POINT('Origin',(294.65,-3.6,6.15564662643337));
#4603=CARTESIAN_POINT('Origin',(294.65,-3.6,6.15564662643337));
#4604=CARTESIAN_POINT('Origin',(294.65,-3.6,6.15564662643337));
#4605=CARTESIAN_POINT('Origin',(294.65,-4.20127388858555,119.34892342982));
#4606=CARTESIAN_POINT('Origin',(294.65,-8.2,3.49999999999991));
#4607=CARTESIAN_POINT('Origin',(294.65,-8.2,3.49999999999991));
#4608=CARTESIAN_POINT('',(-3.7,-7.7,3.71739130434774));
#4609=CARTESIAN_POINT('',(61.9724390112261,-73.3724390112262,-24.8358430483593));
#4610=CARTESIAN_POINT('',(-3.70000000000001,-4.20127388858555,5.23857657018011));
#4611=CARTESIAN_POINT('',(-3.70000000000001,-5.39173290937995,4.72098569157385));
#4612=CARTESIAN_POINT('',(-2.19999999999999,-4.20127388858555,5.23857657018011));
#4613=CARTESIAN_POINT('Origin',(294.65,-4.6,6.15564662643334));
#4614=CARTESIAN_POINT('',(-3.70000000000001,-3.6,6.15564662643337));
#4615=CARTESIAN_POINT('Origin',(-3.70000000000001,-4.6,6.15564662643334));
#4616=CARTESIAN_POINT('',(294.65,-3.6,6.15564662643337));
#4617=CARTESIAN_POINT('Origin',(294.65,-4.20127388858555,119.34892342982));
#4618=CARTESIAN_POINT('',(-3.70000000000001,-4.20127388858555,119.34892342982));
#4619=CARTESIAN_POINT('',(-3.7,-7.7,120.870108695652));
#4620=CARTESIAN_POINT('',(-3.69999999999999,19.3859489062636,109.09360917119));
#4621=CARTESIAN_POINT('',(54.7000896053196,-66.1000896053197,146.261452002313));
#4622=CARTESIAN_POINT('',(294.65,-4.20127388858555,119.34892342982));
#4623=CARTESIAN_POINT('Origin',(294.65,-4.59999999999998,118.431853373567));
#4624=CARTESIAN_POINT('',(-3.70000000000001,-3.59999999999998,118.431853373567));
#4625=CARTESIAN_POINT('Origin',(-3.70000000000001,-4.59999999999998,118.431853373567));
#4626=CARTESIAN_POINT('',(294.65,-3.59999999999998,118.431853373567));
#4627=CARTESIAN_POINT('Origin',(294.65,-3.6,6.15564662643337));
#4628=CARTESIAN_POINT('',(-3.70000000000001,-3.59999999999999,91.1129544169549));
#4629=CARTESIAN_POINT('',(294.65,-3.59999999999999,91.1129544169549));
#4630=CARTESIAN_POINT('',(-3.70000000000001,-3.59999999999999,77.8495485713446));
#4631=CARTESIAN_POINT('',(294.65,-3.59999999999999,77.8495485713446));
#4632=CARTESIAN_POINT('',(-3.70000000000001,-3.6,3.07782331321669));
#4633=CARTESIAN_POINT('Origin',(294.65,-3.6,6.15564662643337));
#4634=CARTESIAN_POINT('',(-3.70000000000001,-3.6,28.2999787809224));
#4635=CARTESIAN_POINT('',(294.65,-3.6,28.2999787809224));
#4636=CARTESIAN_POINT('',(-3.70000000000001,-3.59999999999999,51.500454416955));
#4637=CARTESIAN_POINT('',(-3.70000000000001,-3.6,3.07782331321669));
#4638=CARTESIAN_POINT('',(294.65,-3.59999999999999,51.500454416955));
#4639=CARTESIAN_POINT('Origin',(294.65,-3.6,6.15564662643337));
#4640=CARTESIAN_POINT('',(-3.70000000000001,-3.59999999999998,117.462048571345));
#4641=CARTESIAN_POINT('',(-3.70000000000001,-3.6,3.07782331321669));
#4642=CARTESIAN_POINT('',(294.65,-3.59999999999998,117.462048571345));
#4643=CARTESIAN_POINT('Origin',(294.65,-3.6,6.15564662643337));
#4644=CARTESIAN_POINT('',(-3.70000000000001,-3.6,7.30002420737741));
#4645=CARTESIAN_POINT('',(-3.70000000000001,-3.6,3.07782331321669));
#4646=CARTESIAN_POINT('',(294.65,-3.6,7.30002420737741));
#4647=CARTESIAN_POINT('Origin',(294.65,-3.6099968837739,9.50000149414989));
#4648=CARTESIAN_POINT('',(-3.70000000000001,-5.80999688377324,9.50000149414989));
#4649=CARTESIAN_POINT('Origin',(-3.70000000000001,-3.60999688377324,9.50000149414989));
#4650=CARTESIAN_POINT('',(-2.19999999999999,-5.80999688377324,9.50000149414989));
#4651=CARTESIAN_POINT('Origin',(294.65,-3.60999688377391,26.1000014941499));
#4652=CARTESIAN_POINT('',(-3.70000000000001,-5.80999688377324,26.1000014941499));
#4653=CARTESIAN_POINT('',(294.65,-5.80999688377391,26.1000014941499));
#4654=CARTESIAN_POINT('Origin',(-3.70000000000001,-3.60999688377325,26.1000014941499));
#4655=CARTESIAN_POINT('Origin',(294.65,-3.75999688377394,115.11750149415));
#4656=CARTESIAN_POINT('',(-3.70000000000001,-6.10999688377326,115.11750149415));
#4657=CARTESIAN_POINT('',(-2.19999999999999,-6.10999688377327,115.11750149415));
#4658=CARTESIAN_POINT('Origin',(-3.70000000000001,-3.75999688377326,115.11750149415));
#4659=CARTESIAN_POINT('Origin',(294.65,-3.75999688377393,93.4575014941497));
#4660=CARTESIAN_POINT('',(-3.70000000000001,-6.10999688377325,93.4575014941497));
#4661=CARTESIAN_POINT('Origin',(-3.70000000000001,-3.75999688377325,93.4575014941497));
#4662=CARTESIAN_POINT('',(-2.19999999999999,-6.10999688377326,93.4575014941497));
#4663=CARTESIAN_POINT('Origin',(294.65,-3.75999688377401,53.8450014941498));
#4664=CARTESIAN_POINT('',(-3.70000000000001,-6.10999688377334,53.8450014941498));
#4665=CARTESIAN_POINT('Origin',(-3.70000000000001,-3.75999688377335,53.8450014941498));
#4666=CARTESIAN_POINT('',(-2.19999999999999,-6.10999688377335,53.8450014941498));
#4667=CARTESIAN_POINT('Origin',(294.65,-6.10999688377385,75.5050014941498));
#4668=CARTESIAN_POINT('',(-3.70000000000001,-6.10999688377318,75.5050014941498));
#4669=CARTESIAN_POINT('',(-3.70000000000001,-6.10999688377347,37.7525007470749));
#4670=CARTESIAN_POINT('',(294.65,-6.10999688377385,75.5050014941498));
#4671=CARTESIAN_POINT('Origin',(294.65,-3.75999688377385,75.5050014941498));
#4672=CARTESIAN_POINT('Origin',(-3.70000000000001,-3.75999688377318,75.5050014941498));
#4673=CARTESIAN_POINT('Origin',(294.65,-5.80999688377391,26.1000014941499));
#4674=CARTESIAN_POINT('',(-3.70000000000001,-5.80999688377324,13.050000747075));
#4675=CARTESIAN_POINT('Origin',(294.65,-6.10999688377393,115.11750149415));
#4676=CARTESIAN_POINT('',(-3.70000000000001,-6.10999688377324,57.5587507470749));
#4677=CARTESIAN_POINT('Origin',(-3.7,0.,1.77635683940025E-14));
#4678=CARTESIAN_POINT('',(-3.7,-7.7,31.146875));
#4679=CARTESIAN_POINT('Origin',(-3.45,-7.95,31.146875));
#4680=CARTESIAN_POINT('Origin',(218.2125,-7.95,-3.45000000000002));
#4681=CARTESIAN_POINT('',(287.232608695652,-7.7,-3.70000000000003));
#4682=CARTESIAN_POINT('',(297.468728411054,-31.2430753454229,19.8430753454227));
#4683=CARTESIAN_POINT('',(3.71739130434783,-7.7,-3.7));
#4684=CARTESIAN_POINT('',(0.234753740346925,-15.710066397202,4.310066397202));
#4685=CARTESIAN_POINT('',(218.2125,-7.7,-3.70000000000002));
#4686=CARTESIAN_POINT('Origin',(290.95,0.,-3.70000000000003));
#4687=CARTESIAN_POINT('',(285.71142342982,-4.20127388858556,-3.70000000000003));
#4688=CARTESIAN_POINT('',(286.229014308426,-5.39173290937999,-3.70000000000003));
#4689=CARTESIAN_POINT('',(5.23857657018019,-4.20127388858555,-3.70000000000001));
#4690=CARTESIAN_POINT('',(28.7182548987626,49.801986267154,-3.70000000000001));
#4691=CARTESIAN_POINT('',(6.15564662643342,-3.6,-3.70000000000001));
#4692=CARTESIAN_POINT('Origin',(6.15564662643343,-4.6,-3.70000000000003));
#4693=CARTESIAN_POINT('',(284.794353373567,-3.6,-3.70000000000003));
#4694=CARTESIAN_POINT('',(287.872176686783,-3.6,-3.70000000000003));
#4695=CARTESIAN_POINT('Origin',(284.794353373567,-4.60000000000003,-3.70000000000003));
#4696=CARTESIAN_POINT('Origin',(5.23857657018019,-4.20127388858555,128.2875));
#4697=CARTESIAN_POINT('',(5.23857657018019,-4.20127388858555,128.2875));
#4698=CARTESIAN_POINT('Origin',(6.15564662643343,-4.6,128.2875));
#4699=CARTESIAN_POINT('',(6.15564662643342,-3.6,128.2875));
#4700=CARTESIAN_POINT('Origin',(284.794353373567,-3.6,128.2875));
#4701=CARTESIAN_POINT('',(284.794353373567,-3.6,128.2875));
#4702=CARTESIAN_POINT('Origin',(284.794353373567,-4.60000000000003,128.2875));
#4703=CARTESIAN_POINT('',(285.71142342982,-4.20127388858556,-2.20000000000002));
#4704=CARTESIAN_POINT('Origin',(287.45,-8.2,128.2875));
#4705=CARTESIAN_POINT('Origin',(287.45,-8.2,128.2875));
#4706=CARTESIAN_POINT('',(285.71142342982,-4.20127388858556,128.2875));
#4707=CARTESIAN_POINT('',(287.232608695652,-7.7,128.2875));
#4708=CARTESIAN_POINT('',(263.101033386327,47.8026232114473,128.2875));
#4709=CARTESIAN_POINT('',(278.079857512953,13.3513277202066,149.338827720208));
#4710=CARTESIAN_POINT('',(285.71142342982,-4.20127388858556,128.2875));
#4711=CARTESIAN_POINT('Origin',(6.15564662643343,-4.6,128.2875));
#4712=CARTESIAN_POINT('',(5.23857657018019,-4.20127388858555,128.2875));
#4713=CARTESIAN_POINT('',(6.15564662643342,-3.6,128.2875));
#4714=CARTESIAN_POINT('Origin',(6.15564662643343,-4.6,128.2875));
#4715=CARTESIAN_POINT('',(6.15564662643342,-3.6,128.2875));
#4716=CARTESIAN_POINT('',(5.23857657018019,-4.20127388858555,128.2875));
#4717=CARTESIAN_POINT('Origin',(284.794353373567,-3.6,128.2875));
#4718=CARTESIAN_POINT('',(284.794353373567,-3.6,128.2875));
#4719=CARTESIAN_POINT('',(142.397176686783,-3.6,128.2875));
#4720=CARTESIAN_POINT('',(284.794353373567,-3.6,128.2875));
#4721=CARTESIAN_POINT('Origin',(284.794353373567,-4.60000000000003,128.2875));
#4722=CARTESIAN_POINT('Origin',(284.794353373567,-4.60000000000003,128.2875));
#4723=CARTESIAN_POINT('Origin',(5.23857657018019,-4.20127388858555,128.2875));
#4724=CARTESIAN_POINT('',(3.71739130434782,-7.7,128.2875));
#4725=CARTESIAN_POINT('',(5.59027397666402,-3.39236985367274,128.2875));
#4726=CARTESIAN_POINT('',(7.06101669371459,-0.0096616044564346,135.977838395544));
#4727=CARTESIAN_POINT('Origin',(0.,0.,128.2875));
#4728=CARTESIAN_POINT('',(72.7375,-7.7,128.2875));
#4729=CARTESIAN_POINT('Origin',(72.7375,-7.95,128.0375));
#4730=UNCERTAINTY_MEASURE_WITH_UNIT(LENGTH_MEASURE(0.01),#4734,
'DISTANCE_ACCURACY_VALUE',
'Maximum model space distance between geometric entities at asserted c
onnectivities');
#4731=UNCERTAINTY_MEASURE_WITH_UNIT(LENGTH_MEASURE(0.01),#4734,
'DISTANCE_ACCURACY_VALUE',
'Maximum model space distance between geometric entities at asserted c
onnectivities');
#4732=(
GEOMETRIC_REPRESENTATION_CONTEXT(3)
GLOBAL_UNCERTAINTY_ASSIGNED_CONTEXT((#4730))
GLOBAL_UNIT_ASSIGNED_CONTEXT((#4734,#4736,#4737))
REPRESENTATION_CONTEXT('','3D')
);
#4733=(
GEOMETRIC_REPRESENTATION_CONTEXT(3)
GLOBAL_UNCERTAINTY_ASSIGNED_CONTEXT((#4731))
GLOBAL_UNIT_ASSIGNED_CONTEXT((#4734,#4736,#4737))
REPRESENTATION_CONTEXT('','3D')
);
#4734=(
LENGTH_UNIT()
NAMED_UNIT(*)
SI_UNIT(.MILLI.,.METRE.)
);
#4735=(
LENGTH_UNIT()
NAMED_UNIT(*)
SI_UNIT($,.METRE.)
);
#4736=(
NAMED_UNIT(*)
PLANE_ANGLE_UNIT()
SI_UNIT($,.RADIAN.)
);
#4737=(
NAMED_UNIT(*)
SI_UNIT($,.STERADIAN.)
SOLID_ANGLE_UNIT()
);
#4738=SHAPE_DEFINITION_REPRESENTATION(#4739,#4740);
#4739=PRODUCT_DEFINITION_SHAPE('',$,#4742);
#4740=SHAPE_REPRESENTATION('',(#2800),#4732);
#4741=PRODUCT_DEFINITION_CONTEXT('part definition',#4746,'design');
#4742=PRODUCT_DEFINITION('Bottom','Bottom',#4743,#4741);
#4743=PRODUCT_DEFINITION_FORMATION('',$,#4748);
#4744=PRODUCT_RELATED_PRODUCT_CATEGORY('Bottom','Bottom',(#4748));
#4745=APPLICATION_PROTOCOL_DEFINITION('international standard',
'automotive_design',2009,#4746);
#4746=APPLICATION_CONTEXT(
'Core Data for Automotive Mechanical Design Process');
#4747=PRODUCT_CONTEXT('part definition',#4746,'mechanical');
#4748=PRODUCT('Bottom','Bottom',$,(#4747));
#4749=PRESENTATION_STYLE_ASSIGNMENT((#4751));
#4750=PRESENTATION_STYLE_ASSIGNMENT((#4752));
#4751=SURFACE_STYLE_USAGE(.BOTH.,#4753);
#4752=SURFACE_STYLE_USAGE(.BOTH.,#4754);
#4753=SURFACE_SIDE_STYLE('',(#4755));
#4754=SURFACE_SIDE_STYLE('',(#4756));
#4755=SURFACE_STYLE_FILL_AREA(#4757);
#4756=SURFACE_STYLE_FILL_AREA(#4758);
#4757=FILL_AREA_STYLE('Steel - Satin',(#4759));
#4758=FILL_AREA_STYLE('Aluminum - Anodized Rough (Blue)',(#4760));
#4759=FILL_AREA_STYLE_COLOUR('Steel - Satin',#4761);
#4760=FILL_AREA_STYLE_COLOUR('Aluminum - Anodized Rough (Blue)',#4762);
#4761=COLOUR_RGB('Steel - Satin',0.627450980392157,0.627450980392157,0.627450980392157);
#4762=COLOUR_RGB('Aluminum - Anodized Rough (Blue)',0.349019607843137,0.584313725490196,
0.854901960784314);
ENDSEC;
END-ISO-10303-21;
